order_id,order_date,customer_id,product,category,region,quantity,unit_price,discount_pct,channel
SO-00001,2024-09-07,C0268,Backpack,Accessories,North,2,99,20,web
SO-00002,2025-09-04,C0428,Leather Belt,Accessories,South,3,45,20,store
SO-00003,2024-06-22,C0029,Rain Jacket,Jackets,West,1,179,5,web
SO-00004,2024-08-17,C0485,Down Parka,Jackets,Central,5,289,15,store
SO-00005,2025-06-04,C0101,Backpack,Accessories,North,3,99,0,store
SO-00006,2024-12-19,C0137,Wool Beanie,Accessories,West,3,29,5,store
SO-00007,2024-06-30,C0406,Leather Belt,Accessories,North,4,45,15,partner
SO-00008,2024-06-11,C0714,Training Top,Sports,North,3,42,0,web
SO-00009,2024-10-23,C0798,Down Parka,Jackets,North,4,289,10,partner
SO-00010,2024-06-28,C0412,Yoga Mat,Sports,Central,2,39,5,store
SO-00011,2024-06-04,C0022,Wool Beanie,Accessories,North,2,29,0,store
SO-00012,2024-07-01,C0475,Backpack,Accessories,West,2,99,5,store
SO-00013,2024-01-02,C0506,Yoga Mat,Sports,Central,1,39,10,store
SO-00014,2025-08-31,C0121,Training Top,Sports,South,1,42,0,web
SO-00015,2024-05-09,C0032,Running Shorts,Sports,North,2,35,5,partner
SO-00016,2024-04-17,C0086,Winter Boot,Shoes,East,4,159,20,web
SO-00017,2025-11-09,C0341,Leather Belt,Accessories,South,1,45,0,web
SO-00018,2024-02-09,C0271,Backpack,Accessories,West,2,99,0,web
SO-00019,2025-11-08,C0133,Down Parka,Jackets,North,2,289,20,web
SO-00020,2024-07-02,C0754,Down Parka,Jackets,North,4,289,5,store
SO-00021,2025-08-03,C0624,Down Parka,Jackets,Central,1,289,10,web
SO-00022,2025-12-15,C0643,Yoga Mat,Sports,South,1,39,0,partner
SO-00023,2025-12-14,C0207,Yoga Mat,Sports,East,3,39,10,store
SO-00024,2025-01-11,C0119,Down Parka,Jackets,North,6,289,30,store
SO-00025,2025-06-09,C0053,Yoga Mat,Sports,East,5,39,30,web
SO-00026,2025-12-21,C0274,Running Shorts,Sports,North,3,35,15,partner
SO-00027,2024-04-10,C0225,Trail Runner,Shoes,North,4,129,15,web
SO-00028,2024-11-20,C0077,City Sneaker,Shoes,North,2,89,0,store
SO-00029,2024-11-07,C0313,Winter Boot,Shoes,South,2,159,10,store
SO-00030,2024-12-04,C0182,Yoga Mat,Sports,Central,3,39,0,store
SO-00031,2025-12-09,C0741,Wool Beanie,Accessories,North,4,29,20,web
SO-00032,2024-07-23,C0354,Trail Runner,Shoes,South,5,129,5,store
SO-00033,2025-08-10,C0298,Wool Beanie,Accessories,North,5,29,15,partner
SO-00034,2024-12-14,C0030,Trail Runner,Shoes,Central,4,129,10,store
SO-00035,2025-12-25,C0133,City Sneaker,Shoes,South,3,89,15,store
SO-00036,2025-10-13,C0624,Running Shorts,Sports,North,2,35,5,store
SO-00037,2025-07-09,C0181,Fleece,Jackets,South,2,79,0,web
SO-00038,2024-09-07,C0490,Trail Runner,Shoes,Central,1,129,0,web
SO-00039,2024-04-27,C0584,Trail Runner,Shoes,West,2,129,0,partner
SO-00040,2025-12-13,C0503,Backpack,Accessories,South,3,99,15,web
SO-00041,2025-11-23,C0542,Backpack,Accessories,North,3,99,30,store
SO-00042,2025-03-29,C0123,Rain Jacket,Jackets,North,4,179,10,web
SO-00043,2025-05-01,C0573,Training Top,Sports,West,3,42,15,store
SO-00044,2025-10-04,C0088,City Sneaker,Shoes,North,1,89,5,store
SO-00045,2024-12-10,C0215,Running Shorts,Sports,South,2,35,0,web
SO-00046,2025-04-13,C0546,Down Parka,Jackets,North,2,289,15,partner
SO-00047,2024-05-24,C0337,Leather Belt,Accessories,North,2,45,10,web
SO-00048,2025-11-03,C0483,Backpack,Accessories,East,2,99,15,web
SO-00049,2024-12-09,C0537,Wool Beanie,Accessories,East,2,29,5,web
SO-00050,2024-05-11,C0027,Backpack,Accessories,North,4,99,20,web
SO-00051,2025-12-11,C0710,Rain Jacket,Jackets,West,4,179,15,store
SO-00052,2024-06-07,C0765,Leather Belt,Accessories,West,3,45,10,partner
SO-00053,2024-07-02,C0024,Winter Boot,Shoes,East,6,159,30,partner
SO-00054,2025-02-25,C0730,Running Shorts,Sports,West,2,35,0,store
SO-00055,2024-07-07,C0750,Wool Beanie,Accessories,Central,4,29,10,store
SO-00056,2024-04-30,C0730,Fleece,Jackets,North,2,79,5,store
SO-00057,2025-07-31,C0487,Wool Beanie,Accessories,South,4,29,5,web
SO-00058,2025-07-04,C0537,Yoga Mat,Sports,West,2,39,0,store
SO-00059,2025-07-04,C0714,Backpack,Accessories,North,1,99,15,store
SO-00060,2025-10-10,C0779,Trail Runner,Shoes,North,2,129,0,web
SO-00061,2025-12-17,C0481,Leather Belt,Accessories,South,3,45,5,store
SO-00062,2024-02-29,C0291,Wool Beanie,Accessories,East,2,29,0,partner
SO-00063,2024-07-19,C0317,Training Top,Sports,Central,1,42,0,partner
SO-00064,2024-01-25,C0221,Winter Boot,Shoes,West,2,159,10,store
SO-00065,2024-11-17,C0162,Training Top,Sports,South,5,42,30,partner
SO-00066,2024-06-28,C0564,Down Parka,Jackets,Central,1,289,5,partner
SO-00067,2025-06-02,C0173,Yoga Mat,Sports,East,1,39,0,web
SO-00068,2025-04-16,C0705,Fleece,Jackets,Central,2,79,0,web
SO-00069,2024-01-11,C0800,Rain Jacket,Jackets,Central,3,179,10,store
SO-00070,2024-12-11,C0741,Trail Runner,Shoes,North,5,129,30,store
SO-00071,2024-08-29,C0551,Yoga Mat,Sports,North,4,39,10,store
SO-00072,2025-06-08,C0128,Yoga Mat,Sports,North,2,39,0,web
SO-00073,2024-02-11,C0287,Winter Boot,Shoes,Central,3,159,0,store
SO-00074,2025-10-21,C0103,Training Top,Sports,Central,3,42,15,store
SO-00075,2025-05-24,C0690,Trail Runner,Shoes,Central,2,129,0,web
SO-00076,2024-07-01,C0590,Leather Belt,Accessories,North,4,45,5,web
SO-00077,2024-12-15,C0659,Wool Beanie,Accessories,North,2,29,0,store
SO-00078,2024-05-05,C0010,Backpack,Accessories,North,4,99,15,web
SO-00079,2024-09-23,C0281,Wool Beanie,Accessories,West,3,29,10,web
SO-00080,2025-08-08,C0297,Training Top,Sports,North,1,42,0,store
SO-00081,2025-11-26,C0636,Winter Boot,Shoes,South,3,159,20,store
SO-00082,2025-02-05,C0055,Down Parka,Jackets,Central,1,289,0,store
SO-00083,2025-10-01,C0299,Trail Runner,Shoes,South,1,129,5,partner
SO-00084,2025-04-09,C0176,Down Parka,Jackets,Central,5,289,10,web
SO-00085,2025-03-15,C0183,Wool Beanie,Accessories,North,2,29,10,web
SO-00086,2024-01-07,C0765,Running Shorts,Sports,South,1,35,0,web
SO-00087,2025-03-28,C0747,Running Shorts,Sports,South,3,35,5,web
SO-00088,2024-01-13,C0433,Winter Boot,Shoes,Central,2,159,0,store
SO-00089,2024-09-30,C0143,Running Shorts,Sports,North,4,35,10,web
SO-00090,2025-09-09,C0091,Winter Boot,Shoes,North,5,159,15,partner
SO-00091,2025-11-14,C0111,Fleece,Jackets,East,4,79,15,store
SO-00092,2025-05-03,C0295,Backpack,Accessories,North,1,99,5,web
SO-00093,2024-03-06,C0026,Running Shorts,Sports,East,7,35,30,partner
SO-00094,2024-12-01,C0307,Backpack,Accessories,Central,1,99,0,partner
SO-00095,2025-11-18,C0690,Fleece,Jackets,West,1,79,10,store
SO-00096,2024-05-24,C0286,Backpack,Accessories,East,1,99,0,partner
SO-00097,2025-12-04,C0065,Running Shorts,Sports,East,1,35,0,store
SO-00098,2025-07-06,C0450,Winter Boot,Shoes,West,1,159,0,web
SO-00099,2024-04-16,C0508,Training Top,Sports,North,2,42,5,web
SO-00100,2024-09-08,C0703,Leather Belt,Accessories,East,2,45,0,store
SO-00101,2025-07-28,C0797,City Sneaker,Shoes,North,2,89,0,web
SO-00102,2025-03-07,C0688,Fleece,Jackets,East,1,79,0,web
SO-00103,2024-06-01,C0547,Winter Boot,Shoes,West,2,159,0,store
SO-00104,2024-11-11,C0154,Running Shorts,Sports,Central,2,35,0,store
SO-00105,2025-06-17,C0037,Wool Beanie,Accessories,South,2,29,5,store
SO-00106,2024-01-27,C0399,Wool Beanie,Accessories,East,5,29,20,web
SO-00107,2025-10-29,C0606,Training Top,Sports,East,6,42,30,web
SO-00108,2025-08-25,C0512,Leather Belt,Accessories,Central,1,45,0,store
SO-00109,2025-10-01,C0119,Training Top,Sports,South,3,42,5,web
SO-00110,2024-12-04,C0258,Rain Jacket,Jackets,East,3,179,5,web
SO-00111,2024-10-18,C0071,Backpack,Accessories,North,2,99,0,web
SO-00112,2024-08-13,C0434,Running Shorts,Sports,Central,2,35,0,store
SO-00113,2024-06-20,C0435,Trail Runner,Shoes,South,2,129,15,web
SO-00114,2024-07-11,C0690,Down Parka,Jackets,Central,3,289,30,partner
SO-00115,2024-11-24,C0031,Leather Belt,Accessories,South,1,45,0,web
SO-00116,2025-11-30,C0239,Running Shorts,Sports,South,5,35,15,partner
SO-00117,2024-03-15,C0572,Backpack,Accessories,West,1,99,0,web
SO-00118,2025-03-04,C0439,Wool Beanie,Accessories,East,3,29,0,store
SO-00119,2025-02-02,C0523,Down Parka,Jackets,South,3,289,10,store
SO-00120,2024-12-14,C0032,Trail Runner,Shoes,East,2,129,5,store
SO-00121,2025-12-04,C0031,Leather Belt,Accessories,West,2,45,15,partner
SO-00122,2025-11-26,C0229,Fleece,Jackets,West,3,79,0,web
SO-00123,2025-07-07,C0480,Down Parka,Jackets,West,2,289,0,web
SO-00124,2024-12-11,C0569,Winter Boot,Shoes,West,1,159,0,store
SO-00125,2025-03-23,C0699,Fleece,Jackets,Central,1,79,0,store
SO-00126,2025-08-24,C0710,Wool Beanie,Accessories,South,1,29,0,web
SO-00127,2025-12-16,C0683,Running Shorts,Sports,North,1,35,0,web
SO-00128,2025-10-23,C0332,Leather Belt,Accessories,South,1,45,0,web
SO-00129,2025-02-12,C0291,Backpack,Accessories,East,1,99,0,store
SO-00130,2024-08-19,C0635,Leather Belt,Accessories,East,1,45,0,store
SO-00131,2024-03-13,C0387,Running Shorts,Sports,West,1,35,0,web
SO-00132,2024-09-11,C0557,Down Parka,Jackets,West,2,289,5,store
SO-00133,2025-11-24,C0259,Yoga Mat,Sports,East,3,39,20,web
SO-00134,2024-06-01,C0153,Trail Runner,Shoes,West,3,129,10,partner
SO-00135,2025-12-29,C0736,Winter Boot,Shoes,South,3,159,10,web
SO-00136,2025-07-27,C0382,Rain Jacket,Jackets,North,3,179,5,partner
SO-00137,2024-11-23,C0122,Leather Belt,Accessories,South,2,45,5,web
SO-00138,2024-04-21,C0283,Winter Boot,Shoes,North,1,159,0,partner
SO-00139,2024-12-18,C0759,Fleece,Jackets,West,3,79,15,web
SO-00140,2024-12-19,C0472,City Sneaker,Shoes,East,3,89,15,store
SO-00141,2025-12-07,C0073,Wool Beanie,Accessories,South,3,29,0,web
SO-00142,2025-12-19,C0220,Backpack,Accessories,South,1,99,0,web
SO-00143,2024-03-03,C0732,Down Parka,Jackets,Central,2,289,0,web
SO-00144,2024-07-01,C0756,Leather Belt,Accessories,West,3,45,5,store
SO-00145,2024-10-05,C0763,Trail Runner,Shoes,South,3,129,15,partner
SO-00146,2024-03-10,C0260,Running Shorts,Sports,North,1,35,0,partner
SO-00147,2025-05-29,C0182,City Sneaker,Shoes,East,2,89,0,web
SO-00148,2024-06-28,C0432,Fleece,Jackets,West,2,79,0,web
SO-00149,2025-12-30,C0358,City Sneaker,Shoes,South,2,89,5,web
SO-00150,2025-06-21,C0493,Wool Beanie,Accessories,Central,3,29,5,store
SO-00151,2024-11-29,C0155,Leather Belt,Accessories,South,1,45,15,store
SO-00152,2025-04-23,C0261,Running Shorts,Sports,East,3,35,5,web
SO-00153,2025-10-17,C0316,Rain Jacket,Jackets,Central,6,179,15,store
SO-00154,2024-12-06,C0767,Running Shorts,Sports,South,2,35,20,partner
SO-00155,2024-07-18,C0589,Leather Belt,Accessories,South,2,45,0,store
SO-00156,2025-10-19,C0574,City Sneaker,Shoes,North,3,89,0,store
SO-00157,2024-11-19,C0377,Leather Belt,Accessories,East,4,45,15,partner
SO-00158,2025-12-10,C0496,Wool Beanie,Accessories,South,1,29,0,store
SO-00159,2024-02-11,C0371,Trail Runner,Shoes,South,2,129,5,partner
SO-00160,2025-03-02,C0630,Winter Boot,Shoes,East,2,159,10,store
SO-00161,2024-10-03,C0287,Trail Runner,Shoes,East,2,129,5,store
SO-00162,2024-01-03,C0644,Training Top,Sports,South,4,42,15,store
SO-00163,2024-11-18,C0564,Wool Beanie,Accessories,East,3,29,15,web
SO-00164,2024-11-07,C0581,Down Parka,Jackets,South,2,289,0,web
SO-00165,2025-06-16,C0457,Yoga Mat,Sports,West,2,39,20,store
SO-00166,2025-04-06,C0345,Fleece,Jackets,South,3,79,10,partner
SO-00167,2025-09-03,C0595,Yoga Mat,Sports,Central,1,39,5,web
SO-00168,2024-03-25,C0255,Yoga Mat,Sports,East,1,39,10,web
SO-00169,2024-12-17,C0676,Trail Runner,Shoes,South,4,129,10,partner
SO-00170,2024-05-13,C0218,Rain Jacket,Jackets,East,1,179,0,web
SO-00171,2025-06-15,C0305,City Sneaker,Shoes,West,1,89,0,web
SO-00172,2025-07-20,C0678,Trail Runner,Shoes,North,2,129,10,partner
SO-00173,2024-11-07,C0588,Wool Beanie,Accessories,East,1,29,0,partner
SO-00174,2024-10-03,C0292,Training Top,Sports,South,3,42,15,partner
SO-00175,2025-07-12,C0275,Leather Belt,Accessories,East,2,45,5,store
SO-00176,2025-12-29,C0319,Down Parka,Jackets,South,2,289,0,web
SO-00177,2025-09-08,C0210,Running Shorts,Sports,North,3,35,5,partner
SO-00178,2025-03-03,C0369,Training Top,Sports,East,4,42,10,store
SO-00179,2024-09-27,C0234,Down Parka,Jackets,North,5,289,20,web
SO-00180,2025-11-29,C0141,City Sneaker,Shoes,North,5,89,20,partner
SO-00181,2025-12-01,C0186,Trail Runner,Shoes,West,2,129,15,web
SO-00182,2024-08-05,C0129,Fleece,Jackets,East,1,79,0,store
SO-00183,2025-09-15,C0572,Running Shorts,Sports,Central,3,35,5,web
SO-00184,2025-10-10,C0462,Running Shorts,Sports,West,1,35,5,web
SO-00185,2025-02-02,C0735,Training Top,Sports,South,1,42,0,web
SO-00186,2024-04-25,C0476,Backpack,Accessories,North,3,99,10,partner
SO-00187,2025-12-13,C0073,Leather Belt,Accessories,South,1,45,5,web
SO-00188,2024-11-20,C0757,Wool Beanie,Accessories,East,1,29,5,web
SO-00189,2025-05-09,C0231,Leather Belt,Accessories,North,1,45,0,store
SO-00190,2024-05-12,C0576,Leather Belt,Accessories,East,2,45,0,store
SO-00191,2024-07-06,C0711,Down Parka,Jackets,Central,1,289,0,web
SO-00192,2024-10-01,C0033,Trail Runner,Shoes,North,2,129,0,store
SO-00193,2025-07-23,C0383,Leather Belt,Accessories,East,1,45,0,store
SO-00194,2025-10-11,C0349,City Sneaker,Shoes,South,1,89,0,web
SO-00195,2024-07-13,C0076,Fleece,Jackets,North,5,79,15,store
SO-00196,2024-08-03,C0351,Leather Belt,Accessories,North,1,45,5,store
SO-00197,2024-12-01,C0781,Rain Jacket,Jackets,Central,1,179,5,web
SO-00198,2025-11-17,C0326,Fleece,Jackets,South,3,79,0,partner
SO-00199,2024-09-19,C0076,Winter Boot,Shoes,North,3,159,15,partner
SO-00200,2024-10-03,C0585,Down Parka,Jackets,South,3,289,5,store
SO-00201,2024-11-03,C0324,Wool Beanie,Accessories,Central,3,29,0,partner
SO-00202,2024-08-30,C0295,Wool Beanie,Accessories,West,1,29,0,partner
SO-00203,2025-09-13,C0370,Backpack,Accessories,South,1,99,0,web
SO-00204,2024-10-25,C0363,Running Shorts,Sports,West,1,35,0,partner
SO-00205,2025-08-03,C0758,Down Parka,Jackets,West,3,289,10,web
SO-00206,2025-01-17,C0073,Fleece,Jackets,Central,1,79,0,web
SO-00207,2025-08-25,C0562,Trail Runner,Shoes,North,2,129,0,web
SO-00208,2024-02-06,C0640,Training Top,Sports,East,4,42,20,web
SO-00209,2025-10-25,C0186,Rain Jacket,Jackets,North,1,179,0,store
SO-00210,2024-04-24,C0217,Trail Runner,Shoes,North,4,129,30,partner
SO-00211,2025-10-19,C0591,Yoga Mat,Sports,North,2,39,0,web
SO-00212,2024-08-10,C0457,Running Shorts,Sports,West,3,35,5,store
SO-00213,2024-12-19,C0463,Rain Jacket,Jackets,East,4,179,5,partner
SO-00214,2025-11-20,C0205,Wool Beanie,Accessories,Central,1,29,5,partner
SO-00215,2024-06-14,C0357,Fleece,Jackets,East,1,79,0,web
SO-00216,2024-04-10,C0045,Rain Jacket,Jackets,East,2,179,0,partner
SO-00217,2024-09-10,C0030,Wool Beanie,Accessories,Central,1,29,0,partner
SO-00218,2024-12-16,C0285,Training Top,Sports,South,1,42,5,store
SO-00219,2024-05-08,C0377,Training Top,Sports,East,4,42,5,partner
SO-00220,2025-04-04,C0700,Trail Runner,Shoes,Central,2,129,5,store
SO-00221,2024-09-30,C0176,Trail Runner,Shoes,North,1,129,10,web
SO-00222,2025-03-02,C0510,City Sneaker,Shoes,East,4,89,0,web
SO-00223,2025-04-11,C0592,Wool Beanie,Accessories,North,1,29,0,partner
SO-00224,2024-06-28,C0258,Running Shorts,Sports,East,2,35,0,store
SO-00225,2025-01-26,C0344,Training Top,Sports,South,2,42,10,partner
SO-00226,2025-05-04,C0128,Yoga Mat,Sports,East,2,39,0,store
SO-00227,2024-01-15,C0386,Training Top,Sports,South,5,42,20,store
SO-00228,2025-12-27,C0148,Winter Boot,Shoes,East,4,159,10,partner
SO-00229,2024-10-16,C0639,Backpack,Accessories,East,1,99,0,partner
SO-00230,2024-12-15,C0397,City Sneaker,Shoes,West,5,89,15,store
SO-00231,2024-04-14,C0761,Yoga Mat,Sports,West,1,39,0,partner
SO-00232,2024-09-16,C0109,Trail Runner,Shoes,Central,3,129,0,partner
SO-00233,2024-11-28,C0490,Running Shorts,Sports,Central,3,35,10,store
SO-00234,2024-02-13,C0731,Running Shorts,Sports,North,3,35,10,web
SO-00235,2025-08-20,C0708,Rain Jacket,Jackets,East,3,179,5,web
SO-00236,2025-04-27,C0216,Down Parka,Jackets,West,2,289,5,store
SO-00237,2024-02-23,C0087,Yoga Mat,Sports,North,1,39,15,web
SO-00238,2025-10-27,C0486,Rain Jacket,Jackets,West,2,179,5,web
SO-00239,2025-08-24,C0594,Down Parka,Jackets,South,1,289,0,store
SO-00240,2025-06-04,C0477,City Sneaker,Shoes,East,2,89,0,store
SO-00241,2025-12-02,C0119,Leather Belt,Accessories,South,3,45,5,store
SO-00242,2024-04-25,C0600,Wool Beanie,Accessories,West,1,29,0,web
SO-00243,2024-12-13,C0396,Rain Jacket,Jackets,South,4,179,15,web
SO-00244,2024-07-23,C0014,City Sneaker,Shoes,North,1,89,0,web
SO-00245,2024-07-05,C0370,Wool Beanie,Accessories,Central,2,29,0,web
SO-00246,2024-07-24,C0693,Trail Runner,Shoes,West,6,129,30,web
SO-00247,2025-06-17,C0293,Winter Boot,Shoes,West,1,159,0,partner
SO-00248,2025-05-30,C0317,Yoga Mat,Sports,South,3,39,15,web
SO-00249,2024-12-17,C0492,Yoga Mat,Sports,West,5,39,10,web
SO-00250,2025-01-10,C0160,Down Parka,Jackets,Central,1,289,0,partner
SO-00251,2024-10-15,C0400,Winter Boot,Shoes,East,2,159,5,web
SO-00252,2024-07-04,C0075,City Sneaker,Shoes,West,1,89,0,web
SO-00253,2024-11-20,C0632,Wool Beanie,Accessories,West,2,29,5,store
SO-00254,2024-03-24,C0776,Winter Boot,Shoes,North,2,159,0,web
SO-00255,2025-08-13,C0075,Winter Boot,Shoes,Central,4,159,30,store
SO-00256,2025-08-09,C0285,Trail Runner,Shoes,West,1,129,10,store
SO-00257,2025-08-21,C0401,Training Top,Sports,North,2,42,20,web
SO-00258,2024-11-09,C0747,Wool Beanie,Accessories,North,5,29,15,web
SO-00259,2025-11-15,C0530,Wool Beanie,Accessories,North,4,29,15,web
SO-00260,2025-06-01,C0431,Winter Boot,Shoes,East,2,159,0,web
SO-00261,2024-09-06,C0344,Trail Runner,Shoes,North,1,129,5,web
SO-00262,2024-12-13,C0503,Trail Runner,Shoes,West,4,129,15,web
SO-00263,2024-10-25,C0277,Rain Jacket,Jackets,Central,4,179,10,store
SO-00264,2024-11-02,C0015,Trail Runner,Shoes,North,2,129,5,partner
SO-00265,2025-05-16,C0675,Yoga Mat,Sports,North,3,39,15,store
SO-00266,2025-06-16,C0639,City Sneaker,Shoes,Central,4,89,15,web
SO-00267,2024-07-18,C0600,Wool Beanie,Accessories,North,4,29,5,store
SO-00268,2024-12-27,C0520,Running Shorts,Sports,South,1,35,0,web
SO-00269,2024-07-29,C0610,Backpack,Accessories,East,3,99,10,store
SO-00270,2025-12-26,C0431,Rain Jacket,Jackets,West,3,179,0,store
SO-00271,2024-09-04,C0581,Wool Beanie,Accessories,South,3,29,20,store
SO-00272,2024-10-20,C0112,Fleece,Jackets,West,1,79,0,web
SO-00273,2024-07-01,C0470,Leather Belt,Accessories,Central,4,45,5,store
SO-00274,2024-06-04,C0739,Rain Jacket,Jackets,South,3,179,10,store
SO-00275,2025-06-25,C0798,Wool Beanie,Accessories,East,2,29,0,web
SO-00276,2025-06-07,C0740,Down Parka,Jackets,North,4,289,15,web
SO-00277,2024-02-04,C0122,Trail Runner,Shoes,South,2,129,5,store
SO-00278,2025-12-09,C0010,Trail Runner,Shoes,North,3,129,5,web
SO-00279,2024-11-26,C0564,Yoga Mat,Sports,North,1,39,5,web
SO-00280,2025-04-21,C0662,Wool Beanie,Accessories,South,5,29,15,web
SO-00281,2024-02-03,C0716,Wool Beanie,Accessories,East,4,29,15,store
SO-00282,2024-11-27,C0292,City Sneaker,Shoes,North,2,89,10,store
SO-00283,2025-09-01,C0048,Wool Beanie,Accessories,Central,1,29,0,partner
SO-00284,2024-01-27,C0499,City Sneaker,Shoes,West,1,89,0,store
SO-00285,2024-10-06,C0402,City Sneaker,Shoes,West,3,89,0,store
SO-00286,2024-11-02,C0007,Wool Beanie,Accessories,South,3,29,0,store
SO-00287,2024-08-14,C0574,Fleece,Jackets,North,7,79,30,store
SO-00288,2025-07-15,C0209,Trail Runner,Shoes,North,3,129,0,web
SO-00289,2024-11-21,C0332,Running Shorts,Sports,East,4,35,15,web
SO-00290,2024-12-18,C0396,Training Top,Sports,North,6,42,30,store
SO-00291,2024-08-05,C0106,Running Shorts,Sports,North,1,35,0,store
SO-00292,2025-12-14,C0164,Fleece,Jackets,Central,2,79,0,web
SO-00293,2024-06-06,C0067,Rain Jacket,Jackets,North,1,179,0,web
SO-00294,2024-10-29,C0689,Trail Runner,Shoes,East,3,129,5,partner
SO-00295,2024-01-03,C0400,Wool Beanie,Accessories,North,2,29,0,web
SO-00296,2024-08-14,C0291,Wool Beanie,Accessories,North,1,29,15,web
SO-00297,2025-02-14,C0777,Fleece,Jackets,South,2,79,10,partner
SO-00298,2024-09-11,C0318,Running Shorts,Sports,East,6,35,20,store
SO-00299,2024-06-26,C0725,Training Top,Sports,North,2,42,0,store
SO-00300,2025-07-20,C0403,Trail Runner,Shoes,East,2,129,10,web
SO-00301,2024-12-08,C0248,Wool Beanie,Accessories,East,2,29,0,web
SO-00302,2025-12-13,C0679,Training Top,Sports,South,1,42,0,web
SO-00303,2024-06-19,C0511,Rain Jacket,Jackets,North,4,179,20,web
SO-00304,2024-01-04,C0790,Yoga Mat,Sports,East,5,39,30,store
SO-00305,2024-07-09,C0342,Trail Runner,Shoes,West,2,129,5,web
SO-00306,2025-09-21,C0079,Running Shorts,Sports,South,5,35,30,web
SO-00307,2025-07-18,C0249,Winter Boot,Shoes,North,1,159,15,store
SO-00308,2024-03-15,C0345,Down Parka,Jackets,North,1,289,10,store
SO-00309,2025-12-02,C0411,Wool Beanie,Accessories,North,7,29,30,store
SO-00310,2024-09-01,C0022,Training Top,Sports,Central,2,42,0,store
SO-00311,2025-12-28,C0728,Trail Runner,Shoes,Central,1,129,0,web
SO-00312,2025-04-21,C0112,Yoga Mat,Sports,East,1,39,0,web
SO-00313,2024-08-08,C0695,Leather Belt,Accessories,East,4,45,20,store
SO-00314,2025-08-27,C0103,Leather Belt,Accessories,West,2,45,5,web
SO-00315,2025-10-25,C0606,Winter Boot,Shoes,South,2,159,5,web
SO-00316,2024-09-03,C0757,Winter Boot,Shoes,East,4,159,5,store
SO-00317,2025-08-14,C0684,Rain Jacket,Jackets,Central,3,179,0,web
SO-00318,2025-06-05,C0780,Down Parka,Jackets,North,3,289,0,store
SO-00319,2024-03-06,C0674,Winter Boot,Shoes,South,1,159,0,partner
SO-00320,2025-05-16,C0795,City Sneaker,Shoes,West,2,89,0,store
SO-00321,2024-07-08,C0720,Wool Beanie,Accessories,South,3,29,0,partner
SO-00322,2024-04-15,C0463,Fleece,Jackets,North,3,79,0,store
SO-00323,2024-11-18,C0346,Rain Jacket,Jackets,East,1,179,0,store
SO-00324,2025-07-24,C0262,Wool Beanie,Accessories,West,3,29,0,web
SO-00325,2025-03-04,C0145,Down Parka,Jackets,North,3,289,10,store
SO-00326,2024-11-29,C0150,Down Parka,Jackets,West,5,289,5,store
SO-00327,2024-12-27,C0548,Training Top,Sports,Central,3,42,0,store
SO-00328,2025-03-04,C0212,City Sneaker,Shoes,West,2,89,10,web
SO-00329,2024-09-07,C0069,Backpack,Accessories,Central,5,99,10,store
SO-00330,2024-12-06,C0460,Wool Beanie,Accessories,West,3,29,0,web
SO-00331,2024-07-23,C0162,Rain Jacket,Jackets,South,4,179,5,store
SO-00332,2024-04-24,C0514,Backpack,Accessories,North,2,99,0,web
SO-00333,2024-03-30,C0627,Winter Boot,Shoes,South,1,159,0,web
SO-00334,2024-04-20,C0537,Trail Runner,Shoes,South,3,129,5,web
SO-00335,2025-10-11,C0660,Training Top,Sports,South,1,42,10,web
SO-00336,2024-09-08,C0225,Winter Boot,Shoes,South,2,159,10,partner
SO-00337,2024-12-15,C0134,Fleece,Jackets,West,4,79,30,web
SO-00338,2024-09-03,C0139,Leather Belt,Accessories,South,1,45,0,store
SO-00339,2024-01-29,C0540,Rain Jacket,Jackets,North,1,179,0,partner
SO-00340,2025-11-14,C0017,Fleece,Jackets,West,2,79,20,web
SO-00341,2024-09-12,C0325,Trail Runner,Shoes,North,1,129,0,store
SO-00342,2024-12-10,C0677,Yoga Mat,Sports,West,1,39,0,web
SO-00343,2025-12-15,C0506,Down Parka,Jackets,North,2,289,0,web
SO-00344,2025-05-16,C0628,Yoga Mat,Sports,East,3,39,15,store
SO-00345,2025-08-10,C0328,Backpack,Accessories,Central,2,99,15,web
SO-00346,2025-04-11,C0797,City Sneaker,Shoes,South,1,89,0,web
SO-00347,2024-07-09,C0018,Fleece,Jackets,North,3,79,10,partner
SO-00348,2024-08-13,C0749,Wool Beanie,Accessories,West,3,29,0,store
SO-00349,2024-04-13,C0777,Rain Jacket,Jackets,East,4,179,15,store
SO-00350,2024-01-17,C0744,Winter Boot,Shoes,South,2,159,0,web
SO-00351,2024-09-16,C0182,Fleece,Jackets,Central,1,79,0,partner
SO-00352,2025-04-01,C0460,Fleece,Jackets,West,3,79,20,web
SO-00353,2024-05-27,C0008,Yoga Mat,Sports,North,2,39,0,store
SO-00354,2025-08-28,C0349,Rain Jacket,Jackets,West,2,179,15,web
SO-00355,2024-04-05,C0427,Down Parka,Jackets,South,2,289,0,web
SO-00356,2025-01-03,C0596,Leather Belt,Accessories,East,2,45,0,store
SO-00357,2025-04-17,C0033,Down Parka,Jackets,North,1,289,0,store
SO-00358,2024-12-01,C0395,Down Parka,Jackets,South,3,289,30,store
SO-00359,2024-01-20,C0065,Running Shorts,Sports,North,3,35,10,store
SO-00360,2025-07-30,C0014,Yoga Mat,Sports,South,3,39,5,store
SO-00361,2024-11-26,C0390,City Sneaker,Shoes,Central,3,89,10,web
SO-00362,2024-03-17,C0383,Yoga Mat,Sports,North,3,39,0,store
SO-00363,2024-12-12,C0381,City Sneaker,Shoes,South,3,89,20,web
SO-00364,2025-09-29,C0647,Trail Runner,Shoes,West,1,129,5,web
SO-00365,2025-06-08,C0131,Fleece,Jackets,Central,3,79,0,web
SO-00366,2024-12-09,C0312,Leather Belt,Accessories,West,1,45,5,partner
SO-00367,2024-11-14,C0607,Yoga Mat,Sports,East,2,39,10,store
SO-00368,2025-02-20,C0210,Trail Runner,Shoes,North,2,129,0,web
SO-00369,2024-09-13,C0198,Winter Boot,Shoes,West,3,159,30,web
SO-00370,2025-09-03,C0252,Backpack,Accessories,South,4,99,20,store
SO-00371,2024-06-20,C0424,City Sneaker,Shoes,Central,1,89,0,store
SO-00372,2024-02-22,C0359,Fleece,Jackets,North,3,79,0,store
SO-00373,2024-12-16,C0072,Yoga Mat,Sports,South,2,39,10,web
SO-00374,2024-01-31,C0473,Running Shorts,Sports,South,3,35,30,store
SO-00375,2024-01-31,C0206,Wool Beanie,Accessories,North,4,29,10,web
SO-00376,2024-02-09,C0339,Rain Jacket,Jackets,Central,2,179,0,web
SO-00377,2025-10-08,C0527,Rain Jacket,Jackets,West,3,179,10,store
SO-00378,2025-12-26,C0229,Training Top,Sports,West,4,42,10,store
SO-00379,2025-07-06,C0716,Yoga Mat,Sports,East,2,39,0,web
SO-00380,2024-05-10,C0360,Wool Beanie,Accessories,East,4,29,15,web
SO-00381,2024-10-20,C0789,Backpack,Accessories,North,1,99,0,web
SO-00382,2024-10-07,C0085,Leather Belt,Accessories,Central,1,45,0,partner
SO-00383,2024-02-27,C0509,Running Shorts,Sports,West,2,35,0,partner
SO-00384,2025-02-20,C0770,Fleece,Jackets,Central,3,79,15,web
SO-00385,2025-08-13,C0729,Training Top,Sports,Central,4,42,5,web
SO-00386,2024-06-08,C0025,Backpack,Accessories,Central,2,99,0,store
SO-00387,2024-06-10,C0411,Yoga Mat,Sports,West,5,39,15,store
SO-00388,2024-11-29,C0468,Wool Beanie,Accessories,West,2,29,5,partner
SO-00389,2024-01-05,C0653,Trail Runner,Shoes,North,1,129,5,store
SO-00390,2024-02-22,C0159,City Sneaker,Shoes,West,3,89,5,partner
SO-00391,2025-09-12,C0033,Winter Boot,Shoes,North,1,159,0,web
SO-00392,2025-01-21,C0606,Fleece,Jackets,North,3,79,5,web
SO-00393,2024-12-02,C0346,Backpack,Accessories,East,1,99,0,web
SO-00394,2025-02-25,C0518,Leather Belt,Accessories,North,3,45,0,store
SO-00395,2024-12-11,C0669,City Sneaker,Shoes,South,1,89,0,partner
SO-00396,2025-11-14,C0558,Winter Boot,Shoes,East,4,159,5,store
SO-00397,2024-03-26,C0037,Wool Beanie,Accessories,West,4,29,10,store
SO-00398,2024-12-14,C0148,Running Shorts,Sports,West,3,35,0,store
SO-00399,2025-04-05,C0275,Winter Boot,Shoes,East,1,159,15,partner
SO-00400,2024-10-05,C0041,Backpack,Accessories,South,2,99,0,store
SO-00401,2025-07-17,C0717,Leather Belt,Accessories,East,1,45,0,web
SO-00402,2024-11-14,C0507,Down Parka,Jackets,East,5,289,15,store
SO-00403,2025-12-02,C0081,Winter Boot,Shoes,Central,3,159,10,web
SO-00404,2025-10-06,C0662,Leather Belt,Accessories,West,1,45,5,web
SO-00405,2025-02-01,C0134,City Sneaker,Shoes,North,2,89,5,web
SO-00406,2025-11-14,C0482,Yoga Mat,Sports,West,4,39,10,web
SO-00407,2024-12-17,C0608,Leather Belt,Accessories,West,2,45,15,web
SO-00408,2025-07-19,C0721,Trail Runner,Shoes,North,3,129,20,web
SO-00409,2024-08-21,C0306,Training Top,Sports,Central,2,42,5,web
SO-00410,2025-12-17,C0015,City Sneaker,Shoes,West,4,89,15,web
SO-00411,2024-08-01,C0080,Training Top,Sports,North,5,42,30,web
SO-00412,2024-08-24,C0280,Fleece,Jackets,East,3,79,15,web
SO-00413,2024-09-22,C0125,Fleece,Jackets,South,5,79,15,web
SO-00414,2024-12-12,C0263,Down Parka,Jackets,Central,2,289,0,store
SO-00415,2025-08-02,C0086,Fleece,Jackets,South,2,79,5,web
SO-00416,2024-03-13,C0313,Winter Boot,Shoes,South,2,159,5,partner
SO-00417,2025-06-29,C0407,Yoga Mat,Sports,West,1,39,0,partner
SO-00418,2025-06-29,C0124,Training Top,Sports,West,1,42,0,web
SO-00419,2025-12-26,C0356,Fleece,Jackets,East,2,79,0,store
SO-00420,2024-07-05,C0362,Fleece,Jackets,North,4,79,10,web
SO-00421,2025-09-26,C0556,Winter Boot,Shoes,East,3,159,0,web
SO-00422,2024-12-20,C0143,Winter Boot,Shoes,North,3,159,15,store
SO-00423,2025-04-18,C0304,Trail Runner,Shoes,North,3,129,20,partner
SO-00424,2025-11-21,C0249,Wool Beanie,Accessories,North,5,29,30,web
SO-00425,2025-12-06,C0226,Leather Belt,Accessories,West,1,45,0,web
SO-00426,2024-04-14,C0273,Yoga Mat,Sports,North,4,39,10,partner
SO-00427,2024-05-17,C0596,Trail Runner,Shoes,East,1,129,0,partner
SO-00428,2025-07-25,C0143,Running Shorts,Sports,North,4,35,5,web
SO-00429,2024-10-19,C0611,Rain Jacket,Jackets,South,1,179,0,store
SO-00430,2024-02-20,C0349,Training Top,Sports,North,1,42,0,partner
SO-00431,2025-08-02,C0463,Down Parka,Jackets,North,2,289,10,partner
SO-00432,2025-11-05,C0515,Leather Belt,Accessories,West,1,45,0,web
SO-00433,2024-11-08,C0139,Winter Boot,Shoes,East,1,159,5,partner
SO-00434,2025-08-07,C0188,Backpack,Accessories,West,1,99,10,store
SO-00435,2025-07-19,C0033,Leather Belt,Accessories,North,3,45,0,store
SO-00436,2024-07-06,C0253,Wool Beanie,Accessories,South,5,29,30,web
SO-00437,2025-12-05,C0127,Winter Boot,Shoes,South,1,159,5,store
SO-00438,2024-08-25,C0556,Yoga Mat,Sports,South,3,39,0,store
SO-00439,2024-07-24,C0655,Training Top,Sports,Central,4,42,10,partner
SO-00440,2024-07-01,C0267,Backpack,Accessories,West,1,99,0,web
SO-00441,2024-10-20,C0327,Yoga Mat,Sports,West,2,39,15,store
SO-00442,2024-02-01,C0331,City Sneaker,Shoes,East,3,89,10,web
SO-00443,2025-03-03,C0388,Rain Jacket,Jackets,North,1,179,0,partner
SO-00444,2025-05-08,C0533,Yoga Mat,Sports,Central,1,39,0,store
SO-00445,2025-12-13,C0306,Wool Beanie,Accessories,North,4,29,20,store
SO-00446,2025-04-13,C0353,Yoga Mat,Sports,South,1,39,0,web
SO-00447,2025-12-20,C0385,Wool Beanie,Accessories,East,1,29,0,partner
SO-00448,2025-09-15,C0458,Rain Jacket,Jackets,North,1,179,5,web
SO-00449,2024-12-22,C0033,Down Parka,Jackets,North,1,289,10,store
SO-00450,2025-11-09,C0143,Down Parka,Jackets,South,3,289,0,partner
SO-00451,2024-06-17,C0282,Leather Belt,Accessories,Central,3,45,5,web
SO-00452,2024-09-10,C0425,Down Parka,Jackets,West,1,289,0,web
SO-00453,2025-08-21,C0299,Fleece,Jackets,North,4,79,15,store
SO-00454,2025-11-04,C0413,Wool Beanie,Accessories,North,2,29,0,web
SO-00455,2025-03-04,C0745,Rain Jacket,Jackets,West,1,179,10,store
SO-00456,2024-03-15,C0565,Running Shorts,Sports,Central,3,35,15,store
SO-00457,2025-09-22,C0224,Winter Boot,Shoes,West,6,159,10,web
SO-00458,2025-02-10,C0250,Yoga Mat,Sports,West,1,39,0,store
SO-00459,2024-12-24,C0467,Running Shorts,Sports,West,4,35,20,web
SO-00460,2025-03-01,C0530,Leather Belt,Accessories,South,3,45,20,web
SO-00461,2024-10-26,C0102,Trail Runner,Shoes,East,2,129,0,web
SO-00462,2024-03-27,C0702,Yoga Mat,Sports,East,1,39,0,store
SO-00463,2024-01-07,C0489,Running Shorts,Sports,North,1,35,5,partner
SO-00464,2024-08-31,C0285,Backpack,Accessories,West,2,99,5,web
SO-00465,2025-12-24,C0141,Running Shorts,Sports,North,1,35,0,web
SO-00466,2024-10-31,C0480,Training Top,Sports,South,1,42,0,store
SO-00467,2024-12-05,C0712,Backpack,Accessories,South,4,99,20,store
SO-00468,2024-11-04,C0290,Rain Jacket,Jackets,South,3,179,5,web
SO-00469,2024-05-18,C0223,Backpack,Accessories,Central,3,99,0,web
SO-00470,2025-02-03,C0235,Wool Beanie,Accessories,Central,3,29,15,store
SO-00471,2024-01-27,C0177,Wool Beanie,Accessories,West,1,29,0,web
SO-00472,2024-06-05,C0504,Yoga Mat,Sports,North,3,39,15,partner
SO-00473,2024-04-18,C0674,Rain Jacket,Jackets,East,1,179,5,partner
SO-00474,2025-10-05,C0369,Backpack,Accessories,North,3,99,20,partner
SO-00475,2024-07-01,C0149,Winter Boot,Shoes,West,4,159,15,store
SO-00476,2024-05-23,C0145,Wool Beanie,Accessories,North,1,29,0,store
SO-00477,2024-09-09,C0260,Trail Runner,Shoes,East,1,129,0,store
SO-00478,2024-12-25,C0064,Trail Runner,Shoes,East,1,129,0,store
SO-00479,2024-03-30,C0661,Yoga Mat,Sports,East,2,39,0,web
SO-00480,2024-12-21,C0315,Down Parka,Jackets,South,1,289,0,web
SO-00481,2025-01-16,C0280,Wool Beanie,Accessories,West,2,29,0,partner
SO-00482,2024-09-03,C0071,Yoga Mat,Sports,West,3,39,0,partner
SO-00483,2025-07-12,C0517,Down Parka,Jackets,South,1,289,0,store
SO-00484,2025-05-25,C0439,Backpack,Accessories,East,4,99,15,store
SO-00485,2024-01-26,C0508,Running Shorts,Sports,North,2,35,5,store
SO-00486,2025-09-11,C0709,Training Top,Sports,North,3,42,10,web
SO-00487,2025-10-16,C0250,Trail Runner,Shoes,West,1,129,0,store
SO-00488,2025-10-21,C0127,City Sneaker,Shoes,East,3,89,0,web
SO-00489,2024-12-05,C0470,Rain Jacket,Jackets,East,4,179,15,store
SO-00490,2024-12-28,C0234,Rain Jacket,Jackets,Central,1,179,10,store
SO-00491,2025-07-25,C0115,Down Parka,Jackets,North,2,289,0,web
SO-00492,2025-10-21,C0758,Running Shorts,Sports,North,2,35,0,web
SO-00493,2025-03-27,C0307,Backpack,Accessories,East,1,99,0,store
SO-00494,2024-12-07,C0013,Trail Runner,Shoes,South,4,129,15,web
SO-00495,2025-03-02,C0323,City Sneaker,Shoes,East,3,89,10,web
SO-00496,2024-06-27,C0284,Fleece,Jackets,North,2,79,0,web
SO-00497,2025-06-15,C0185,Trail Runner,Shoes,North,2,129,10,web
SO-00498,2024-01-02,C0416,Backpack,Accessories,Central,1,99,0,partner
SO-00499,2024-07-03,C0261,Trail Runner,Shoes,North,1,129,5,store
SO-00500,2024-12-21,C0293,Training Top,Sports,East,4,42,15,web
SO-00501,2024-10-30,C0284,Training Top,Sports,East,3,42,0,store
SO-00502,2025-06-10,C0269,Fleece,Jackets,South,5,79,30,store
SO-00503,2024-09-25,C0249,Wool Beanie,Accessories,North,2,29,20,store
SO-00504,2025-09-04,C0333,Yoga Mat,Sports,South,1,39,0,web
SO-00505,2024-12-22,C0759,Leather Belt,Accessories,North,1,45,0,partner
SO-00506,2024-02-03,C0289,Trail Runner,Shoes,Central,2,129,0,partner
SO-00507,2025-05-28,C0745,Training Top,Sports,Central,1,42,0,partner
SO-00508,2025-05-28,C0015,Backpack,Accessories,East,6,99,15,store
SO-00509,2024-10-28,C0596,Down Parka,Jackets,Central,3,289,0,store
SO-00510,2024-11-30,C0320,Training Top,Sports,East,2,42,15,web
SO-00511,2024-10-24,C0126,Down Parka,Jackets,Central,3,289,15,store
SO-00512,2025-08-25,C0791,Winter Boot,Shoes,West,3,159,15,store
SO-00513,2025-02-14,C0360,Rain Jacket,Jackets,South,2,179,5,partner
SO-00514,2025-12-02,C0413,Running Shorts,Sports,West,1,35,0,store
SO-00515,2024-05-30,C0629,Backpack,Accessories,North,2,99,5,store
SO-00516,2024-04-24,C0634,Leather Belt,Accessories,North,4,45,15,store
SO-00517,2025-04-05,C0471,Wool Beanie,Accessories,West,2,29,0,store
SO-00518,2025-10-20,C0558,Yoga Mat,Sports,West,5,39,15,store
SO-00519,2024-07-27,C0775,Winter Boot,Shoes,Central,7,159,30,store
SO-00520,2024-03-06,C0116,Rain Jacket,Jackets,Central,1,179,5,store
SO-00521,2025-11-07,C0364,Fleece,Jackets,North,1,79,20,web
SO-00522,2024-03-19,C0058,Trail Runner,Shoes,North,4,129,15,store
SO-00523,2024-03-03,C0500,City Sneaker,Shoes,Central,4,89,10,partner
SO-00524,2025-06-07,C0500,Down Parka,Jackets,West,5,289,5,web
SO-00525,2024-06-10,C0130,Yoga Mat,Sports,South,1,39,0,store
SO-00526,2024-03-12,C0312,Yoga Mat,Sports,West,1,39,0,store
SO-00527,2025-03-25,C0020,Down Parka,Jackets,North,4,289,10,web
SO-00528,2025-05-17,C0048,Yoga Mat,Sports,North,2,39,0,web
SO-00529,2025-12-12,C0363,Wool Beanie,Accessories,South,2,29,5,web
SO-00530,2025-10-23,C0055,Backpack,Accessories,South,2,99,15,web
SO-00531,2024-12-12,C0302,Backpack,Accessories,North,4,99,20,store
SO-00532,2024-06-25,C0130,Winter Boot,Shoes,South,4,159,20,partner
SO-00533,2025-11-22,C0309,Training Top,Sports,Central,1,42,5,store
SO-00534,2025-12-03,C0793,Rain Jacket,Jackets,North,6,179,30,partner
SO-00535,2024-06-10,C0795,Wool Beanie,Accessories,South,1,29,0,web
SO-00536,2024-03-13,C0089,Down Parka,Jackets,North,4,289,10,partner
SO-00537,2025-02-25,C0139,Wool Beanie,Accessories,West,3,29,0,store
SO-00538,2025-07-29,C0531,City Sneaker,Shoes,North,1,89,15,web
SO-00539,2024-12-17,C0172,Leather Belt,Accessories,South,1,45,10,web
SO-00540,2025-04-04,C0630,Yoga Mat,Sports,South,1,39,0,partner
SO-00541,2024-08-08,C0585,Fleece,Jackets,South,3,79,10,store
SO-00542,2025-05-02,C0758,Running Shorts,Sports,East,2,35,5,web
SO-00543,2024-06-14,C0122,Leather Belt,Accessories,North,4,45,15,web
SO-00544,2025-10-25,C0253,Fleece,Jackets,West,2,79,0,store
SO-00545,2024-01-19,C0701,Yoga Mat,Sports,East,4,39,30,partner
SO-00546,2024-06-21,C0533,Wool Beanie,Accessories,South,1,29,0,partner
SO-00547,2024-06-14,C0620,Down Parka,Jackets,South,3,289,10,partner
SO-00548,2025-12-10,C0038,Fleece,Jackets,North,3,79,5,store
SO-00549,2025-02-02,C0302,Trail Runner,Shoes,North,3,129,5,store
SO-00550,2024-12-19,C0167,Running Shorts,Sports,North,4,35,0,store
SO-00551,2024-12-18,C0386,City Sneaker,Shoes,West,3,89,0,partner
SO-00552,2025-01-23,C0704,Training Top,Sports,East,1,42,0,web
SO-00553,2024-11-01,C0279,Backpack,Accessories,South,1,99,0,partner
SO-00554,2025-12-20,C0093,Running Shorts,Sports,South,4,35,15,web
SO-00555,2025-09-06,C0089,Rain Jacket,Jackets,North,3,179,20,web
SO-00556,2024-12-29,C0415,Leather Belt,Accessories,West,2,45,0,store
SO-00557,2024-12-12,C0717,Fleece,Jackets,Central,2,79,0,partner
SO-00558,2025-01-23,C0486,Down Parka,Jackets,Central,5,289,10,web
SO-00559,2025-04-20,C0751,Wool Beanie,Accessories,North,2,29,0,partner
SO-00560,2024-06-03,C0518,Training Top,Sports,South,1,42,0,partner
SO-00561,2025-02-06,C0087,Yoga Mat,Sports,East,1,39,0,web
SO-00562,2025-01-05,C0421,Down Parka,Jackets,North,3,289,10,web
SO-00563,2025-05-10,C0719,Leather Belt,Accessories,East,4,45,0,store
SO-00564,2025-12-13,C0701,Rain Jacket,Jackets,North,2,179,15,store
SO-00565,2024-12-02,C0720,Leather Belt,Accessories,East,1,45,0,partner
SO-00566,2024-08-07,C0585,Leather Belt,Accessories,West,4,45,20,partner
SO-00567,2025-12-02,C0395,Yoga Mat,Sports,West,2,39,0,web
SO-00568,2024-12-02,C0626,Winter Boot,Shoes,East,1,159,0,web
SO-00569,2025-12-17,C0239,Rain Jacket,Jackets,North,1,179,0,store
SO-00570,2024-03-28,C0331,Wool Beanie,Accessories,North,1,29,0,store
SO-00571,2024-04-03,C0277,Running Shorts,Sports,East,3,35,5,partner
SO-00572,2025-10-29,C0370,Trail Runner,Shoes,West,1,129,0,web
SO-00573,2024-12-18,C0500,Leather Belt,Accessories,West,3,45,10,web
SO-00574,2025-10-08,C0334,Training Top,Sports,Central,1,42,0,web
SO-00575,2025-07-27,C0575,Backpack,Accessories,North,3,99,0,partner
SO-00576,2025-10-14,C0393,Training Top,Sports,North,1,42,0,store
SO-00577,2025-09-19,C0193,Running Shorts,Sports,West,5,35,30,store
SO-00578,2025-12-25,C0649,Down Parka,Jackets,Central,3,289,5,web
SO-00579,2025-03-21,C0342,Yoga Mat,Sports,South,4,39,0,partner
SO-00580,2024-10-01,C0575,Down Parka,Jackets,Central,5,289,15,partner
SO-00581,2025-06-11,C0754,Trail Runner,Shoes,North,4,129,5,web
SO-00582,2024-12-11,C0114,Yoga Mat,Sports,South,3,39,0,partner
SO-00583,2025-08-19,C0219,Wool Beanie,Accessories,South,4,29,10,store
SO-00584,2025-02-19,C0244,Down Parka,Jackets,West,3,289,15,web
SO-00585,2025-11-04,C0679,Fleece,Jackets,West,1,79,0,web
SO-00586,2024-02-17,C0293,Yoga Mat,Sports,North,2,39,10,store
SO-00587,2024-05-12,C0562,City Sneaker,Shoes,East,1,89,0,store
SO-00588,2025-09-08,C0480,Yoga Mat,Sports,North,1,39,0,partner
SO-00589,2024-05-20,C0056,Running Shorts,Sports,West,1,35,0,store
SO-00590,2025-01-03,C0282,City Sneaker,Shoes,West,1,89,0,web
SO-00591,2024-12-04,C0305,Wool Beanie,Accessories,East,4,29,5,store
SO-00592,2025-12-23,C0442,Wool Beanie,Accessories,South,1,29,0,store
SO-00593,2025-04-14,C0113,Trail Runner,Shoes,North,1,129,0,web
SO-00594,2024-05-22,C0479,Down Parka,Jackets,North,2,289,10,partner
SO-00595,2025-08-22,C0237,Rain Jacket,Jackets,North,2,179,0,web
SO-00596,2025-10-13,C0055,Down Parka,Jackets,South,6,289,20,web
SO-00597,2025-03-10,C0186,Yoga Mat,Sports,North,1,39,0,partner
SO-00598,2024-10-24,C0291,Running Shorts,Sports,North,2,35,0,store
SO-00599,2025-03-02,C0557,Backpack,Accessories,East,3,99,15,web
SO-00600,2025-08-09,C0507,Fleece,Jackets,South,3,79,5,web
SO-00601,2024-12-09,C0629,Yoga Mat,Sports,Central,1,39,0,store
SO-00602,2024-04-06,C0409,Backpack,Accessories,East,2,99,0,store
SO-00603,2024-01-20,C0412,Leather Belt,Accessories,South,1,45,0,web
SO-00604,2025-08-26,C0394,Wool Beanie,Accessories,East,2,29,0,web
SO-00605,2025-09-29,C0636,Backpack,Accessories,East,1,99,0,partner
SO-00606,2024-11-28,C0141,Leather Belt,Accessories,North,1,45,0,partner
SO-00607,2024-12-11,C0162,Running Shorts,Sports,South,3,35,15,store
SO-00608,2025-05-01,C0056,Fleece,Jackets,East,1,79,0,store
SO-00609,2024-12-12,C0762,Wool Beanie,Accessories,Central,1,29,10,store
SO-00610,2024-11-25,C0320,Fleece,Jackets,Central,1,79,0,web
SO-00611,2024-05-02,C0185,Backpack,Accessories,East,4,99,15,web
SO-00612,2024-07-29,C0190,Wool Beanie,Accessories,West,2,29,0,store
SO-00613,2024-06-16,C0527,Training Top,Sports,Central,2,42,15,web
SO-00614,2024-02-09,C0582,City Sneaker,Shoes,East,5,89,20,web
SO-00615,2024-12-25,C0535,Winter Boot,Shoes,South,2,159,0,store
SO-00616,2024-04-02,C0229,Leather Belt,Accessories,East,1,45,0,web
SO-00617,2025-11-18,C0515,Running Shorts,Sports,North,4,35,15,web
SO-00618,2024-11-08,C0377,Training Top,Sports,North,3,42,10,store
SO-00619,2025-09-16,C0183,Training Top,Sports,East,7,42,30,store
SO-00620,2024-10-14,C0481,Running Shorts,Sports,East,2,35,0,web
SO-00621,2024-04-20,C0780,Fleece,Jackets,West,5,79,10,web
SO-00622,2024-04-24,C0113,Yoga Mat,Sports,South,1,39,5,partner
SO-00623,2024-02-29,C0123,Leather Belt,Accessories,West,4,45,15,web
SO-00624,2024-11-14,C0765,Fleece,Jackets,North,1,79,0,store
SO-00625,2024-01-24,C0242,Trail Runner,Shoes,East,3,129,0,store
SO-00626,2024-10-22,C0319,Rain Jacket,Jackets,West,2,179,15,store
SO-00627,2025-12-12,C0554,Winter Boot,Shoes,West,2,159,20,partner
SO-00628,2024-06-07,C0207,Trail Runner,Shoes,East,2,129,5,web
SO-00629,2025-03-07,C0172,Down Parka,Jackets,East,6,289,20,web
SO-00630,2025-06-15,C0765,Rain Jacket,Jackets,North,1,179,0,partner
SO-00631,2024-11-08,C0160,Rain Jacket,Jackets,North,1,179,0,store
SO-00632,2025-01-18,C0261,Rain Jacket,Jackets,West,1,179,5,web
SO-00633,2025-09-16,C0275,Leather Belt,Accessories,East,3,45,10,web
SO-00634,2025-08-22,C0009,Leather Belt,Accessories,East,3,45,10,web
SO-00635,2025-12-23,C0651,Rain Jacket,Jackets,North,1,179,0,store
SO-00636,2025-08-22,C0657,Trail Runner,Shoes,West,2,129,0,web
SO-00637,2025-04-18,C0603,Yoga Mat,Sports,North,1,39,0,partner
SO-00638,2025-02-25,C0628,City Sneaker,Shoes,West,1,89,10,store
SO-00639,2024-09-12,C0491,Yoga Mat,Sports,South,2,39,10,web
SO-00640,2024-03-19,C0053,Rain Jacket,Jackets,South,3,179,15,partner
SO-00641,2025-04-09,C0308,Winter Boot,Shoes,South,2,159,0,web
SO-00642,2024-11-10,C0393,Leather Belt,Accessories,North,1,45,0,partner
SO-00643,2024-12-01,C0071,Winter Boot,Shoes,East,1,159,5,web
SO-00644,2024-11-08,C0022,City Sneaker,Shoes,North,1,89,0,store
SO-00645,2024-11-24,C0515,Rain Jacket,Jackets,Central,4,179,15,store
SO-00646,2024-12-02,C0382,Fleece,Jackets,East,1,79,0,web
SO-00647,2025-11-07,C0078,Training Top,Sports,North,2,42,0,web
SO-00648,2024-11-28,C0037,Trail Runner,Shoes,West,4,129,15,web
SO-00649,2024-04-02,C0118,Fleece,Jackets,South,3,79,15,store
SO-00650,2025-10-10,C0796,Training Top,Sports,East,4,42,15,web
SO-00651,2024-12-22,C0075,Yoga Mat,Sports,Central,3,39,5,store
SO-00652,2024-02-25,C0313,City Sneaker,Shoes,East,4,89,15,store
SO-00653,2025-06-29,C0311,Leather Belt,Accessories,South,6,45,20,web
SO-00654,2025-10-10,C0619,Training Top,Sports,East,2,42,5,web
SO-00655,2024-10-15,C0443,Down Parka,Jackets,East,4,289,10,store
SO-00656,2025-08-31,C0204,Yoga Mat,Sports,East,2,39,0,web
SO-00657,2025-11-07,C0639,Trail Runner,Shoes,East,4,129,5,web
SO-00658,2024-04-16,C0729,Running Shorts,Sports,North,3,35,5,store
SO-00659,2024-11-07,C0702,Yoga Mat,Sports,Central,4,39,20,store
SO-00660,2024-01-19,C0277,Down Parka,Jackets,South,4,289,10,web
SO-00661,2025-07-15,C0005,Backpack,Accessories,South,1,99,5,web
SO-00662,2024-05-03,C0740,Leather Belt,Accessories,East,2,45,10,web
SO-00663,2024-08-02,C0440,Down Parka,Jackets,Central,1,289,0,partner
SO-00664,2025-05-07,C0252,Trail Runner,Shoes,South,2,129,10,web
SO-00665,2025-04-15,C0202,Trail Runner,Shoes,South,3,129,5,web
SO-00666,2025-04-22,C0331,Fleece,Jackets,Central,2,79,10,web
SO-00667,2024-05-19,C0549,Training Top,Sports,West,3,42,0,store
SO-00668,2024-12-24,C0278,Trail Runner,Shoes,West,1,129,5,store
SO-00669,2024-06-03,C0310,Yoga Mat,Sports,Central,2,39,0,store
SO-00670,2025-10-09,C0335,Trail Runner,Shoes,North,4,129,15,store
SO-00671,2024-12-08,C0287,Rain Jacket,Jackets,West,3,179,0,partner
SO-00672,2024-09-05,C0081,Backpack,Accessories,West,2,99,15,store
SO-00673,2024-03-04,C0368,Fleece,Jackets,North,5,79,20,store
SO-00674,2024-12-31,C0575,Down Parka,Jackets,Central,2,289,0,web
SO-00675,2025-11-02,C0324,Wool Beanie,Accessories,East,2,29,0,web
SO-00676,2024-01-27,C0637,Wool Beanie,Accessories,West,2,29,10,store
SO-00677,2025-04-02,C0064,Yoga Mat,Sports,West,1,39,0,web
SO-00678,2025-02-17,C0624,City Sneaker,Shoes,West,2,89,5,web
SO-00679,2025-04-15,C0442,Winter Boot,Shoes,Central,3,159,5,web
SO-00680,2024-10-28,C0125,Winter Boot,Shoes,South,4,159,15,store
SO-00681,2024-05-16,C0389,Down Parka,Jackets,Central,3,289,5,web
SO-00682,2025-08-15,C0070,Training Top,Sports,South,2,42,10,store
SO-00683,2024-01-01,C0459,Running Shorts,Sports,East,3,35,10,store
SO-00684,2025-11-06,C0236,Rain Jacket,Jackets,South,2,179,0,partner
SO-00685,2025-11-22,C0364,Wool Beanie,Accessories,Central,1,29,0,store
SO-00686,2025-05-10,C0352,Down Parka,Jackets,South,1,289,0,web
SO-00687,2024-01-15,C0051,Winter Boot,Shoes,East,2,159,0,partner
SO-00688,2024-06-29,C0288,Yoga Mat,Sports,East,3,39,15,partner
SO-00689,2025-01-01,C0536,Yoga Mat,Sports,East,1,39,5,web
SO-00690,2024-07-11,C0320,Yoga Mat,Sports,South,5,39,10,web
SO-00691,2025-10-01,C0083,City Sneaker,Shoes,North,1,89,0,partner
SO-00692,2025-11-20,C0560,Down Parka,Jackets,South,1,289,5,partner
SO-00693,2024-11-26,C0047,Down Parka,Jackets,West,3,289,20,web
SO-00694,2025-10-03,C0083,Fleece,Jackets,South,4,79,30,web
SO-00695,2025-01-29,C0118,Down Parka,Jackets,North,1,289,0,web
SO-00696,2025-11-19,C0685,Backpack,Accessories,Central,1,99,0,store
SO-00697,2025-08-26,C0397,Backpack,Accessories,South,5,99,20,web
SO-00698,2025-12-30,C0751,Winter Boot,Shoes,West,2,159,0,partner
SO-00699,2025-11-17,C0105,City Sneaker,Shoes,Central,3,89,5,web
SO-00700,2024-01-21,C0442,Leather Belt,Accessories,North,2,45,0,partner
SO-00701,2024-10-20,C0174,Yoga Mat,Sports,North,3,39,15,web
SO-00702,2024-07-20,C0276,Training Top,Sports,East,1,42,0,partner
SO-00703,2024-07-28,C0548,Fleece,Jackets,East,1,79,0,store
SO-00704,2025-06-18,C0319,Winter Boot,Shoes,North,2,159,15,web
SO-00705,2024-02-25,C0732,Rain Jacket,Jackets,North,2,179,15,store
SO-00706,2025-02-17,C0025,Leather Belt,Accessories,South,1,45,0,web
SO-00707,2024-12-25,C0258,City Sneaker,Shoes,West,3,89,10,web
SO-00708,2024-07-09,C0779,Yoga Mat,Sports,North,3,39,10,web
SO-00709,2024-02-20,C0139,Training Top,Sports,West,4,42,15,store
SO-00710,2024-07-29,C0770,City Sneaker,Shoes,East,4,89,0,web
SO-00711,2025-02-01,C0544,Down Parka,Jackets,North,4,289,0,store
SO-00712,2024-04-14,C0727,City Sneaker,Shoes,North,1,89,0,web
SO-00713,2025-12-25,C0133,Leather Belt,Accessories,Central,3,45,10,store
SO-00714,2024-07-05,C0060,Yoga Mat,Sports,South,2,39,5,store
SO-00715,2024-12-03,C0202,City Sneaker,Shoes,South,3,89,15,store
SO-00716,2024-07-16,C0703,Fleece,Jackets,West,1,79,0,web
SO-00717,2024-02-20,C0210,Leather Belt,Accessories,Central,2,45,10,web
SO-00718,2024-08-15,C0526,Down Parka,Jackets,South,2,289,15,store
SO-00719,2025-06-01,C0693,Yoga Mat,Sports,North,2,39,0,web
SO-00720,2024-08-28,C0753,Running Shorts,Sports,South,1,35,0,web
SO-00721,2025-01-19,C0072,City Sneaker,Shoes,Central,4,89,15,partner
SO-00722,2024-11-30,C0299,Fleece,Jackets,West,4,79,15,web
SO-00723,2025-11-30,C0295,Wool Beanie,Accessories,North,5,29,20,partner
SO-00724,2024-08-08,C0559,Yoga Mat,Sports,South,3,39,0,web
SO-00725,2025-04-12,C0041,Leather Belt,Accessories,North,4,45,30,store
SO-00726,2025-04-18,C0288,Backpack,Accessories,Central,3,99,10,web
SO-00727,2025-11-08,C0594,Fleece,Jackets,South,2,79,0,web
SO-00728,2024-01-02,C0447,Winter Boot,Shoes,East,2,159,0,web
SO-00729,2024-02-02,C0469,Backpack,Accessories,West,4,99,5,store
SO-00730,2024-03-06,C0237,Down Parka,Jackets,Central,2,289,0,web
SO-00731,2025-11-03,C0679,Winter Boot,Shoes,West,2,159,0,web
SO-00732,2024-02-28,C0487,Fleece,Jackets,East,8,79,30,partner
SO-00733,2025-09-05,C0782,Running Shorts,Sports,East,1,35,0,web
SO-00734,2024-06-11,C0063,Running Shorts,Sports,East,1,35,0,web
SO-00735,2024-12-22,C0222,Wool Beanie,Accessories,East,6,29,30,store
SO-00736,2024-12-16,C0598,Trail Runner,Shoes,Central,3,129,0,web
SO-00737,2025-03-13,C0620,Winter Boot,Shoes,West,2,159,0,web
SO-00738,2024-01-22,C0789,Winter Boot,Shoes,Central,4,159,30,web
SO-00739,2025-10-12,C0204,Fleece,Jackets,Central,2,79,0,partner
SO-00740,2025-06-13,C0592,Down Parka,Jackets,South,1,289,5,web
SO-00741,2025-05-04,C0769,Winter Boot,Shoes,North,2,159,10,web
SO-00742,2025-05-14,C0619,Trail Runner,Shoes,Central,1,129,0,store
SO-00743,2025-02-25,C0093,Backpack,Accessories,North,3,99,5,web
SO-00744,2025-03-02,C0800,Rain Jacket,Jackets,South,1,179,10,store
SO-00745,2024-11-24,C0125,Backpack,Accessories,West,2,99,10,store
SO-00746,2025-01-05,C0131,Training Top,Sports,North,4,42,5,partner
SO-00747,2025-10-28,C0372,Rain Jacket,Jackets,South,2,179,5,store
SO-00748,2024-06-24,C0773,Yoga Mat,Sports,North,5,39,0,store
SO-00749,2024-11-03,C0785,Yoga Mat,Sports,Central,1,39,0,web
SO-00750,2025-12-08,C0476,Running Shorts,Sports,East,2,35,5,web
SO-00751,2024-03-26,C0507,City Sneaker,Shoes,North,3,89,10,store
SO-00752,2024-09-11,C0019,Winter Boot,Shoes,North,3,159,5,partner
SO-00753,2025-12-10,C0422,Rain Jacket,Jackets,East,4,179,15,partner
SO-00754,2025-02-17,C0347,Training Top,Sports,North,4,42,30,store
SO-00755,2025-09-15,C0437,Training Top,Sports,North,2,42,5,web
SO-00756,2025-05-31,C0673,Training Top,Sports,North,2,42,0,store
SO-00757,2025-01-01,C0605,Backpack,Accessories,South,1,99,0,partner
SO-00758,2025-05-17,C0104,Running Shorts,Sports,South,2,35,10,web
SO-00759,2025-03-22,C0251,Leather Belt,Accessories,North,1,45,15,store
SO-00760,2024-12-02,C0728,Backpack,Accessories,Central,1,99,0,store
SO-00761,2024-11-13,C0698,Rain Jacket,Jackets,South,2,179,15,web
SO-00762,2025-11-14,C0701,Wool Beanie,Accessories,South,6,29,30,web
SO-00763,2025-03-20,C0098,Backpack,Accessories,Central,4,99,20,web
SO-00764,2024-01-03,C0178,Rain Jacket,Jackets,West,2,179,5,partner
SO-00765,2024-11-27,C0255,Down Parka,Jackets,North,1,289,0,store
SO-00766,2024-12-21,C0053,Backpack,Accessories,East,4,99,15,web
SO-00767,2025-11-09,C0670,Down Parka,Jackets,South,3,289,15,web
SO-00768,2025-07-02,C0105,Winter Boot,Shoes,North,2,159,0,web
SO-00769,2024-08-30,C0536,Fleece,Jackets,West,4,79,15,store
SO-00770,2024-04-23,C0628,City Sneaker,Shoes,Central,4,89,5,partner
SO-00771,2025-07-18,C0432,Wool Beanie,Accessories,East,1,29,5,store
SO-00772,2025-06-04,C0045,Running Shorts,Sports,West,1,35,5,store
SO-00773,2025-11-23,C0286,Training Top,Sports,West,2,42,10,store
SO-00774,2024-08-27,C0189,Running Shorts,Sports,Central,1,35,0,partner
SO-00775,2025-03-20,C0535,City Sneaker,Shoes,North,1,89,5,web
SO-00776,2025-11-24,C0144,Wool Beanie,Accessories,Central,1,29,0,store
SO-00777,2024-07-01,C0792,Rain Jacket,Jackets,Central,1,179,0,web
SO-00778,2025-01-06,C0355,Training Top,Sports,East,1,42,15,web
SO-00779,2025-09-20,C0289,Leather Belt,Accessories,West,2,45,5,web
SO-00780,2024-10-15,C0495,Running Shorts,Sports,West,2,35,0,web
SO-00781,2024-04-05,C0241,Yoga Mat,Sports,East,1,39,15,partner
SO-00782,2024-06-13,C0132,Running Shorts,Sports,West,3,35,15,store
SO-00783,2025-11-05,C0145,Backpack,Accessories,North,3,99,20,partner
SO-00784,2025-02-03,C0330,Leather Belt,Accessories,South,1,45,0,web
SO-00785,2024-11-24,C0379,City Sneaker,Shoes,East,6,89,30,store
SO-00786,2024-02-23,C0429,City Sneaker,Shoes,East,1,89,10,store
SO-00787,2025-12-22,C0135,Wool Beanie,Accessories,West,1,29,0,web
SO-00788,2025-09-07,C0099,Rain Jacket,Jackets,North,3,179,5,web
SO-00789,2024-03-04,C0645,Wool Beanie,Accessories,West,1,29,10,store
SO-00790,2025-09-24,C0648,Trail Runner,Shoes,North,3,129,30,partner
SO-00791,2024-12-04,C0044,Rain Jacket,Jackets,North,2,179,5,web
SO-00792,2024-05-12,C0019,Backpack,Accessories,West,3,99,15,store
SO-00793,2024-12-17,C0027,Leather Belt,Accessories,West,3,45,0,store
SO-00794,2024-05-07,C0265,Leather Belt,Accessories,East,2,45,0,web
SO-00795,2024-05-24,C0404,Wool Beanie,Accessories,East,1,29,0,partner
SO-00796,2025-12-21,C0706,Trail Runner,Shoes,Central,3,129,15,web
SO-00797,2024-12-09,C0153,Wool Beanie,Accessories,North,4,29,15,web
SO-00798,2024-05-03,C0508,Wool Beanie,Accessories,West,2,29,0,web
SO-00799,2024-11-15,C0591,Leather Belt,Accessories,East,3,45,5,store
SO-00800,2025-02-16,C0226,Winter Boot,Shoes,West,2,159,5,web
SO-00801,2024-12-19,C0490,Trail Runner,Shoes,North,1,129,0,store
SO-00802,2025-12-24,C0361,City Sneaker,Shoes,North,3,89,0,store
SO-00803,2024-04-26,C0463,Wool Beanie,Accessories,North,2,29,5,store
SO-00804,2024-05-02,C0217,Rain Jacket,Jackets,East,5,179,30,web
SO-00805,2024-03-09,C0463,Training Top,Sports,North,1,42,5,partner
SO-00806,2024-02-13,C0650,Backpack,Accessories,East,4,99,30,partner
SO-00807,2024-07-23,C0400,Wool Beanie,Accessories,South,1,29,0,store
SO-00808,2025-05-12,C0738,Down Parka,Jackets,North,3,289,10,web
SO-00809,2025-06-30,C0700,Rain Jacket,Jackets,Central,3,179,15,store
SO-00810,2025-12-04,C0743,Running Shorts,Sports,East,2,35,15,web
SO-00811,2025-12-10,C0652,Leather Belt,Accessories,North,4,45,20,store
SO-00812,2024-02-12,C0378,Fleece,Jackets,North,2,79,5,partner
SO-00813,2024-11-15,C0458,Rain Jacket,Jackets,East,4,179,10,store
SO-00814,2025-07-22,C0182,Leather Belt,Accessories,North,1,45,10,web
SO-00815,2024-11-15,C0715,Training Top,Sports,South,3,42,15,partner
SO-00816,2025-03-15,C0588,Winter Boot,Shoes,North,2,159,0,store
SO-00817,2024-05-27,C0389,Down Parka,Jackets,North,1,289,0,partner
SO-00818,2024-05-11,C0717,Trail Runner,Shoes,West,3,129,0,web
SO-00819,2024-06-03,C0102,Trail Runner,Shoes,North,3,129,10,partner
SO-00820,2024-05-08,C0092,Running Shorts,Sports,East,2,35,5,store
SO-00821,2024-07-16,C0481,Down Parka,Jackets,West,1,289,5,store
SO-00822,2024-05-09,C0770,Wool Beanie,Accessories,South,4,29,5,partner
SO-00823,2024-12-20,C0465,Training Top,Sports,South,4,42,10,web
SO-00824,2024-12-06,C0388,Fleece,Jackets,North,3,79,10,web
SO-00825,2024-04-15,C0099,Backpack,Accessories,West,1,99,0,store
SO-00826,2024-02-07,C0351,Rain Jacket,Jackets,North,1,179,0,web
SO-00827,2024-10-23,C0754,Running Shorts,Sports,South,2,35,0,web
SO-00828,2024-12-02,C0316,Yoga Mat,Sports,North,6,39,15,store
SO-00829,2024-02-23,C0486,Yoga Mat,Sports,South,1,39,0,web
SO-00830,2024-03-24,C0492,Trail Runner,Shoes,Central,1,129,0,web
SO-00831,2025-11-08,C0755,Winter Boot,Shoes,East,2,159,10,web
SO-00832,2025-03-07,C0464,Trail Runner,Shoes,West,2,129,0,store
SO-00833,2024-12-23,C0422,Trail Runner,Shoes,West,2,129,15,partner
SO-00834,2025-08-09,C0147,Wool Beanie,Accessories,South,3,29,0,partner
SO-00835,2025-03-18,C0116,Trail Runner,Shoes,North,3,129,0,web
SO-00836,2024-04-01,C0741,Yoga Mat,Sports,East,2,39,0,store
SO-00837,2025-04-06,C0464,Trail Runner,Shoes,North,1,129,0,store
SO-00838,2024-03-18,C0640,Yoga Mat,Sports,North,2,39,0,partner
SO-00839,2025-09-28,C0216,Rain Jacket,Jackets,East,5,179,15,store
SO-00840,2024-05-05,C0773,Backpack,Accessories,East,1,99,0,partner
SO-00841,2024-12-16,C0488,Leather Belt,Accessories,South,1,45,0,web
SO-00842,2025-12-07,C0016,Running Shorts,Sports,Central,3,35,5,web
SO-00843,2025-11-16,C0408,Trail Runner,Shoes,West,1,129,0,web
SO-00844,2024-12-16,C0071,Leather Belt,Accessories,South,4,45,10,web
SO-00845,2024-12-21,C0303,Training Top,Sports,North,1,42,0,partner
SO-00846,2025-10-16,C0444,Wool Beanie,Accessories,South,2,29,0,store
SO-00847,2024-09-05,C0157,Leather Belt,Accessories,East,6,45,30,store
SO-00848,2025-09-28,C0655,Fleece,Jackets,West,2,79,15,store
SO-00849,2025-12-17,C0624,Down Parka,Jackets,West,5,289,15,web
SO-00850,2025-07-22,C0018,Down Parka,Jackets,West,1,289,0,web
SO-00851,2024-11-13,C0751,Leather Belt,Accessories,South,1,45,0,web
SO-00852,2024-12-19,C0511,Down Parka,Jackets,South,2,289,15,web
SO-00853,2024-02-28,C0140,Rain Jacket,Jackets,South,2,179,10,store
SO-00854,2025-02-12,C0383,City Sneaker,Shoes,North,2,89,10,store
SO-00855,2024-04-02,C0280,Yoga Mat,Sports,North,3,39,5,partner
SO-00856,2024-12-12,C0446,Training Top,Sports,North,2,42,10,web
SO-00857,2024-04-27,C0165,Winter Boot,Shoes,North,2,159,0,store
SO-00858,2025-05-02,C0488,Down Parka,Jackets,South,4,289,20,web
SO-00859,2024-02-22,C0214,Trail Runner,Shoes,North,2,129,0,web
SO-00860,2024-04-02,C0794,Training Top,Sports,West,1,42,0,web
SO-00861,2025-06-20,C0410,Trail Runner,Shoes,Central,1,129,0,store
SO-00862,2025-03-28,C0574,Leather Belt,Accessories,North,1,45,0,store
SO-00863,2025-12-25,C0215,City Sneaker,Shoes,West,4,89,10,store
SO-00864,2025-02-01,C0155,Fleece,Jackets,North,2,79,20,store
SO-00865,2025-08-18,C0288,Rain Jacket,Jackets,West,2,179,20,web
SO-00866,2024-10-22,C0117,Leather Belt,Accessories,North,2,45,0,web
SO-00867,2025-11-28,C0194,Yoga Mat,Sports,North,2,39,0,store
SO-00868,2025-11-13,C0441,Backpack,Accessories,North,2,99,0,web
SO-00869,2024-06-25,C0709,Winter Boot,Shoes,West,2,159,0,store
SO-00870,2025-01-16,C0181,Yoga Mat,Sports,East,2,39,10,web
SO-00871,2024-05-27,C0043,Down Parka,Jackets,West,3,289,10,web
SO-00872,2025-11-14,C0721,Rain Jacket,Jackets,North,1,179,0,web
SO-00873,2024-11-28,C0711,Winter Boot,Shoes,South,2,159,10,partner
SO-00874,2025-09-06,C0381,Backpack,Accessories,South,5,99,30,store
SO-00875,2024-07-13,C0533,Wool Beanie,Accessories,East,2,29,0,store
SO-00876,2025-12-13,C0385,Wool Beanie,Accessories,South,1,29,0,web
SO-00877,2024-02-02,C0693,Training Top,Sports,North,3,42,10,partner
SO-00878,2025-10-07,C0098,Rain Jacket,Jackets,South,6,179,30,web
SO-00879,2025-04-29,C0173,Running Shorts,Sports,North,2,35,10,store
SO-00880,2025-05-08,C0063,City Sneaker,Shoes,West,1,89,0,store
SO-00881,2025-01-18,C0565,Running Shorts,Sports,North,1,35,0,store
SO-00882,2024-01-14,C0013,Running Shorts,Sports,North,1,35,5,partner
SO-00883,2025-12-27,C0721,Fleece,Jackets,North,1,79,0,web
SO-00884,2025-01-14,C0223,Backpack,Accessories,North,3,99,15,web
SO-00885,2024-01-14,C0661,Winter Boot,Shoes,East,4,159,15,store
SO-00886,2025-04-15,C0227,Backpack,Accessories,East,3,99,5,web
SO-00887,2024-12-05,C0564,Winter Boot,Shoes,North,6,159,30,web
SO-00888,2025-06-14,C0543,Yoga Mat,Sports,North,6,39,30,partner
SO-00889,2024-09-21,C0783,Fleece,Jackets,West,2,79,0,store
SO-00890,2024-11-01,C0323,Winter Boot,Shoes,East,3,159,20,store
SO-00891,2025-12-17,C0095,Yoga Mat,Sports,East,1,39,5,web
SO-00892,2025-11-08,C0444,Winter Boot,Shoes,North,3,159,0,store
SO-00893,2025-12-30,C0600,Backpack,Accessories,East,4,99,10,web
SO-00894,2025-11-29,C0216,Down Parka,Jackets,West,3,289,0,web
SO-00895,2024-02-23,C0006,Yoga Mat,Sports,South,5,39,15,web
SO-00896,2024-11-21,C0386,Backpack,Accessories,Central,1,99,0,web
SO-00897,2024-09-07,C0378,Down Parka,Jackets,North,1,289,0,web
SO-00898,2025-08-27,C0648,Leather Belt,Accessories,West,2,45,10,web
SO-00899,2024-08-25,C0070,Rain Jacket,Jackets,West,5,179,10,store
SO-00900,2024-05-28,C0287,Fleece,Jackets,North,4,79,15,store
SO-00901,2025-09-12,C0195,Rain Jacket,Jackets,Central,2,179,20,web
SO-00902,2025-03-31,C0467,Rain Jacket,Jackets,East,7,179,30,web
SO-00903,2025-07-07,C0495,Wool Beanie,Accessories,West,3,29,5,store
SO-00904,2024-07-25,C0012,Leather Belt,Accessories,East,3,45,10,store
SO-00905,2025-02-23,C0722,Leather Belt,Accessories,West,4,45,5,partner
SO-00906,2025-09-26,C0536,Training Top,Sports,West,1,42,5,web
SO-00907,2024-05-11,C0253,Backpack,Accessories,East,3,99,0,partner
SO-00908,2025-01-02,C0608,Wool Beanie,Accessories,North,2,29,15,partner
SO-00909,2024-05-28,C0120,Yoga Mat,Sports,East,4,39,15,partner
SO-00910,2025-01-08,C0751,Wool Beanie,Accessories,West,4,29,0,store
SO-00911,2025-10-06,C0536,Training Top,Sports,East,3,42,10,store
SO-00912,2025-11-23,C0034,Leather Belt,Accessories,South,2,45,0,store
SO-00913,2024-12-14,C0257,Down Parka,Jackets,North,4,289,20,partner
SO-00914,2024-07-16,C0181,Training Top,Sports,East,3,42,0,web
SO-00915,2024-09-20,C0681,Wool Beanie,Accessories,Central,2,29,0,store
SO-00916,2024-02-03,C0237,Rain Jacket,Jackets,Central,3,179,10,store
SO-00917,2025-02-02,C0530,Running Shorts,Sports,North,2,35,15,store
SO-00918,2025-05-02,C0490,Wool Beanie,Accessories,West,4,29,10,store
SO-00919,2024-08-11,C0678,Yoga Mat,Sports,Central,1,39,0,web
SO-00920,2025-05-30,C0369,Fleece,Jackets,East,4,79,15,partner
SO-00921,2025-04-18,C0590,Running Shorts,Sports,Central,5,35,30,web
SO-00922,2025-01-06,C0230,Training Top,Sports,South,5,42,5,store
SO-00923,2025-01-01,C0229,Trail Runner,Shoes,West,2,129,0,store
SO-00924,2025-11-11,C0096,Trail Runner,Shoes,West,2,129,0,web
SO-00925,2024-12-16,C0185,City Sneaker,Shoes,East,2,89,0,partner
SO-00926,2024-12-04,C0786,Rain Jacket,Jackets,South,4,179,15,web
SO-00927,2024-06-15,C0106,Down Parka,Jackets,North,1,289,5,partner
SO-00928,2025-01-14,C0181,Rain Jacket,Jackets,South,4,179,10,web
SO-00929,2025-10-16,C0425,Fleece,Jackets,North,3,79,10,partner
SO-00930,2025-11-28,C0059,Training Top,Sports,South,2,42,0,web
SO-00931,2024-05-24,C0339,Fleece,Jackets,East,4,79,20,web
SO-00932,2024-03-06,C0127,Trail Runner,Shoes,East,7,129,30,store
SO-00933,2024-06-14,C0048,Yoga Mat,Sports,East,2,39,0,partner
SO-00934,2024-01-09,C0637,Yoga Mat,Sports,North,3,39,10,store
SO-00935,2025-02-23,C0100,Yoga Mat,Sports,South,2,39,0,store
SO-00936,2025-03-25,C0310,Yoga Mat,Sports,South,1,39,15,store
SO-00937,2024-07-31,C0424,Trail Runner,Shoes,East,3,129,5,web
SO-00938,2025-12-19,C0165,Fleece,Jackets,Central,2,79,0,partner
SO-00939,2025-11-05,C0284,Fleece,Jackets,South,2,79,10,web
SO-00940,2025-08-01,C0106,Backpack,Accessories,South,6,99,30,store
SO-00941,2024-04-02,C0357,Yoga Mat,Sports,West,3,39,10,partner
SO-00942,2025-10-24,C0599,Down Parka,Jackets,South,3,289,20,store
SO-00943,2025-12-10,C0275,Down Parka,Jackets,East,3,289,20,web
SO-00944,2024-11-08,C0437,Down Parka,Jackets,South,3,289,20,partner
SO-00945,2024-12-29,C0537,Backpack,Accessories,West,1,99,10,web
SO-00946,2024-09-03,C0363,Winter Boot,Shoes,East,1,159,0,partner
SO-00947,2024-10-03,C0323,Rain Jacket,Jackets,North,2,179,5,partner
SO-00948,2025-02-18,C0756,Winter Boot,Shoes,Central,2,159,0,store
SO-00949,2024-11-24,C0496,Down Parka,Jackets,West,3,289,5,web
SO-00950,2024-12-15,C0441,Winter Boot,Shoes,North,2,159,5,web
SO-00951,2025-08-20,C0390,Wool Beanie,Accessories,Central,1,29,0,store
SO-00952,2024-10-18,C0107,Yoga Mat,Sports,South,5,39,20,store
SO-00953,2025-02-28,C0779,Rain Jacket,Jackets,Central,3,179,5,store
SO-00954,2025-06-12,C0182,Wool Beanie,Accessories,East,2,29,10,partner
SO-00955,2025-11-18,C0139,City Sneaker,Shoes,Central,5,89,0,web
SO-00956,2025-08-16,C0644,Winter Boot,Shoes,North,1,159,0,store
SO-00957,2024-03-15,C0081,Leather Belt,Accessories,North,5,45,20,store
SO-00958,2025-04-19,C0113,Running Shorts,Sports,South,1,35,0,partner
SO-00959,2024-11-21,C0646,Running Shorts,Sports,Central,1,35,5,web
SO-00960,2025-10-03,C0199,City Sneaker,Shoes,North,1,89,0,web
SO-00961,2025-07-20,C0323,Wool Beanie,Accessories,North,2,29,5,store
SO-00962,2025-09-05,C0203,Trail Runner,Shoes,South,4,129,15,web
SO-00963,2025-02-17,C0397,Wool Beanie,Accessories,North,2,29,0,store
SO-00964,2024-09-17,C0489,Leather Belt,Accessories,West,2,45,0,store
SO-00965,2024-02-08,C0478,Running Shorts,Sports,East,1,35,0,partner
SO-00966,2024-04-10,C0609,Winter Boot,Shoes,West,1,159,0,web
SO-00967,2025-11-05,C0112,Running Shorts,Sports,East,3,35,10,web
SO-00968,2025-08-06,C0040,Training Top,Sports,West,1,42,10,partner
SO-00969,2024-06-07,C0691,City Sneaker,Shoes,North,7,89,30,web
SO-00970,2025-11-05,C0527,Fleece,Jackets,West,1,79,5,web
SO-00971,2025-03-25,C0720,Training Top,Sports,Central,4,42,20,web
SO-00972,2024-08-24,C0152,Yoga Mat,Sports,South,2,39,5,store
SO-00973,2025-11-07,C0218,Training Top,Sports,North,2,42,0,web
SO-00974,2025-11-27,C0665,Fleece,Jackets,North,1,79,5,partner
SO-00975,2025-12-07,C0196,Backpack,Accessories,North,4,99,15,web
SO-00976,2024-08-16,C0412,Down Parka,Jackets,East,7,289,30,partner
SO-00977,2025-02-21,C0019,Training Top,Sports,North,1,42,0,store
SO-00978,2024-12-13,C0330,Leather Belt,Accessories,West,3,45,10,store
SO-00979,2025-04-27,C0673,Running Shorts,Sports,West,2,35,0,store
SO-00980,2024-12-24,C0790,Training Top,Sports,West,2,42,0,partner
SO-00981,2025-03-05,C0778,Wool Beanie,Accessories,South,1,29,0,store
SO-00982,2024-12-05,C0081,Yoga Mat,Sports,North,1,39,0,web
SO-00983,2024-02-15,C0558,Winter Boot,Shoes,South,6,159,15,store
SO-00984,2024-01-07,C0555,Down Parka,Jackets,South,6,289,30,store
SO-00985,2024-12-25,C0499,City Sneaker,Shoes,East,1,89,5,store
SO-00986,2025-07-25,C0167,Winter Boot,Shoes,North,1,159,0,web
SO-00987,2025-02-18,C0295,Leather Belt,Accessories,East,3,45,10,partner
SO-00988,2025-04-12,C0592,Training Top,Sports,Central,1,42,0,web
SO-00989,2025-11-28,C0781,Leather Belt,Accessories,East,3,45,10,store
SO-00990,2024-06-24,C0244,Leather Belt,Accessories,North,1,45,0,store
SO-00991,2024-03-07,C0048,Backpack,Accessories,East,5,99,20,store
SO-00992,2024-05-26,C0321,Backpack,Accessories,West,1,99,0,partner
SO-00993,2025-04-04,C0109,Backpack,Accessories,North,4,99,30,web
SO-00994,2025-12-13,C0139,City Sneaker,Shoes,Central,1,89,0,store
SO-00995,2025-12-06,C0283,Leather Belt,Accessories,South,3,45,0,web
SO-00996,2025-02-03,C0247,City Sneaker,Shoes,North,4,89,10,partner
SO-00997,2025-03-17,C0532,Wool Beanie,Accessories,West,1,29,0,partner
SO-00998,2024-11-24,C0210,Wool Beanie,Accessories,East,4,29,15,partner
SO-00999,2025-03-05,C0798,Yoga Mat,Sports,East,2,39,20,store
SO-01000,2025-02-24,C0787,Fleece,Jackets,East,2,79,0,web
SO-01001,2025-01-23,C0186,Running Shorts,Sports,North,2,35,0,web
SO-01002,2024-12-17,C0218,City Sneaker,Shoes,West,4,89,30,partner
SO-01003,2025-03-04,C0697,Training Top,Sports,Central,1,42,15,store
SO-01004,2024-01-02,C0383,Down Parka,Jackets,West,3,289,15,partner
SO-01005,2025-07-12,C0448,Trail Runner,Shoes,East,2,129,0,web
SO-01006,2024-11-12,C0163,Wool Beanie,Accessories,West,1,29,10,store
SO-01007,2024-03-17,C0042,Yoga Mat,Sports,North,1,39,0,web
SO-01008,2024-06-11,C0497,Yoga Mat,Sports,North,2,39,5,web
SO-01009,2024-12-26,C0102,Trail Runner,Shoes,North,1,129,0,store
SO-01010,2025-08-06,C0115,Winter Boot,Shoes,West,2,159,0,web
SO-01011,2025-12-25,C0786,City Sneaker,Shoes,East,1,89,0,store
SO-01012,2025-08-07,C0778,Backpack,Accessories,North,1,99,0,store
SO-01013,2025-12-19,C0698,Leather Belt,Accessories,North,2,45,10,web
SO-01014,2025-03-17,C0648,Running Shorts,Sports,East,1,35,5,store
SO-01015,2024-12-15,C0149,Running Shorts,Sports,East,5,35,5,store
SO-01016,2025-11-12,C0166,Backpack,Accessories,West,1,99,0,store
SO-01017,2024-07-18,C0301,Winter Boot,Shoes,Central,5,159,15,web
SO-01018,2024-02-23,C0212,City Sneaker,Shoes,North,3,89,10,partner
SO-01019,2024-08-11,C0225,Down Parka,Jackets,West,2,289,0,web
SO-01020,2025-09-11,C0649,Trail Runner,Shoes,East,3,129,0,web
SO-01021,2025-10-24,C0712,Rain Jacket,Jackets,East,1,179,0,web
SO-01022,2024-05-07,C0072,Rain Jacket,Jackets,North,4,179,10,web
SO-01023,2024-12-24,C0274,Training Top,Sports,Central,2,42,0,web
SO-01024,2024-01-09,C0765,Wool Beanie,Accessories,North,3,29,5,store
SO-01025,2024-10-10,C0124,City Sneaker,Shoes,South,4,89,10,partner
SO-01026,2025-04-20,C0342,Fleece,Jackets,Central,1,79,0,web
SO-01027,2024-06-19,C0755,City Sneaker,Shoes,Central,3,89,5,web
SO-01028,2025-08-12,C0725,Yoga Mat,Sports,East,2,39,0,store
SO-01029,2024-03-27,C0246,Wool Beanie,Accessories,North,6,29,30,store
SO-01030,2024-10-28,C0037,Fleece,Jackets,East,2,79,0,partner
SO-01031,2024-11-16,C0124,Yoga Mat,Sports,Central,3,39,15,web
SO-01032,2025-09-20,C0037,City Sneaker,Shoes,Central,3,89,0,web
SO-01033,2025-05-04,C0692,Leather Belt,Accessories,West,2,45,10,store
SO-01034,2024-12-21,C0293,City Sneaker,Shoes,South,3,89,10,partner
SO-01035,2025-09-03,C0154,Winter Boot,Shoes,Central,1,159,0,partner
SO-01036,2025-10-23,C0536,Fleece,Jackets,East,1,79,0,web
SO-01037,2024-05-25,C0126,Down Parka,Jackets,West,4,289,5,partner
SO-01038,2025-12-27,C0368,Yoga Mat,Sports,East,2,39,0,store
SO-01039,2025-02-13,C0602,Running Shorts,Sports,Central,3,35,0,store
SO-01040,2024-02-29,C0591,City Sneaker,Shoes,North,2,89,0,store
SO-01041,2024-12-16,C0030,Fleece,Jackets,East,2,79,5,web
SO-01042,2024-04-05,C0031,Leather Belt,Accessories,Central,4,45,20,store
SO-01043,2024-06-23,C0190,Yoga Mat,Sports,South,3,39,15,web
SO-01044,2024-05-14,C0694,Winter Boot,Shoes,Central,2,159,0,web
SO-01045,2025-03-02,C0350,Yoga Mat,Sports,Central,4,39,30,web
SO-01046,2024-08-31,C0299,Rain Jacket,Jackets,North,1,179,0,store
SO-01047,2025-09-21,C0028,Backpack,Accessories,South,2,99,0,web
SO-01048,2024-08-17,C0542,Down Parka,Jackets,West,1,289,0,store
SO-01049,2024-10-17,C0465,Running Shorts,Sports,Central,5,35,30,store
SO-01050,2024-12-31,C0450,Fleece,Jackets,West,2,79,5,web
SO-01051,2025-09-26,C0557,Wool Beanie,Accessories,Central,2,29,0,store
SO-01052,2024-03-29,C0277,Yoga Mat,Sports,South,3,39,0,web
SO-01053,2024-11-27,C0246,Yoga Mat,Sports,North,3,39,30,web
SO-01054,2025-11-05,C0617,Yoga Mat,Sports,West,6,39,30,store
SO-01055,2024-10-05,C0527,Wool Beanie,Accessories,North,3,29,0,store
SO-01056,2025-12-11,C0325,Training Top,Sports,West,3,42,10,partner
SO-01057,2025-01-14,C0251,Winter Boot,Shoes,South,4,159,15,store
SO-01058,2025-10-03,C0251,Down Parka,Jackets,West,4,289,10,web
SO-01059,2024-01-17,C0266,Down Parka,Jackets,South,3,289,10,web
SO-01060,2024-04-10,C0115,Trail Runner,Shoes,South,4,129,15,store
SO-01061,2024-06-02,C0068,Training Top,Sports,West,4,42,30,partner
SO-01062,2025-11-28,C0773,Winter Boot,Shoes,Central,2,159,10,store
SO-01063,2024-09-24,C0384,Leather Belt,Accessories,North,3,45,0,web
SO-01064,2024-03-21,C0526,Training Top,Sports,South,3,42,5,web
SO-01065,2025-04-20,C0297,Trail Runner,Shoes,East,2,129,0,store
SO-01066,2024-12-20,C0766,Fleece,Jackets,North,2,79,5,web
SO-01067,2024-12-21,C0223,City Sneaker,Shoes,West,5,89,20,web
SO-01068,2025-03-05,C0361,Down Parka,Jackets,Central,1,289,5,partner
SO-01069,2025-09-22,C0279,Running Shorts,Sports,Central,2,35,5,store
SO-01070,2024-03-23,C0069,Wool Beanie,Accessories,South,3,29,0,store
SO-01071,2024-07-05,C0316,Training Top,Sports,West,2,42,15,store
SO-01072,2024-12-22,C0438,Running Shorts,Sports,North,5,35,30,store
SO-01073,2024-11-24,C0438,Running Shorts,Sports,East,2,35,5,store
SO-01074,2024-01-14,C0593,Down Parka,Jackets,South,1,289,0,store
SO-01075,2024-09-21,C0310,Training Top,Sports,North,1,42,0,store
SO-01076,2025-07-21,C0167,Wool Beanie,Accessories,South,3,29,20,store
SO-01077,2024-03-04,C0047,Rain Jacket,Jackets,East,3,179,0,web
SO-01078,2025-12-20,C0428,Yoga Mat,Sports,Central,1,39,0,web
SO-01079,2024-09-07,C0409,City Sneaker,Shoes,Central,1,89,0,store
SO-01080,2025-12-14,C0540,Wool Beanie,Accessories,North,2,29,15,store
SO-01081,2024-10-25,C0279,Running Shorts,Sports,South,2,35,10,web
SO-01082,2024-05-23,C0431,Fleece,Jackets,South,1,79,0,web
SO-01083,2025-01-18,C0168,Wool Beanie,Accessories,Central,1,29,0,web
SO-01084,2025-08-06,C0636,Wool Beanie,Accessories,West,3,29,10,store
SO-01085,2025-01-09,C0098,Rain Jacket,Jackets,North,1,179,0,partner
SO-01086,2024-10-30,C0565,Winter Boot,Shoes,West,3,159,20,partner
SO-01087,2024-07-19,C0627,Backpack,Accessories,North,5,99,30,web
SO-01088,2024-06-04,C0235,City Sneaker,Shoes,South,3,89,10,web
SO-01089,2024-02-06,C0106,Rain Jacket,Jackets,North,1,179,0,web
SO-01090,2025-07-25,C0648,Down Parka,Jackets,West,2,289,0,store
SO-01091,2024-03-10,C0421,Winter Boot,Shoes,North,1,159,10,store
SO-01092,2025-05-15,C0517,Yoga Mat,Sports,North,4,39,0,web
SO-01093,2024-03-10,C0734,Training Top,Sports,East,2,42,5,web
SO-01094,2025-10-07,C0379,Wool Beanie,Accessories,West,3,29,15,partner
SO-01095,2025-09-24,C0012,Wool Beanie,Accessories,South,4,29,10,web
SO-01096,2025-07-13,C0286,Running Shorts,Sports,North,2,35,0,web
SO-01097,2025-02-27,C0428,Winter Boot,Shoes,East,2,159,0,web
SO-01098,2025-08-22,C0257,Yoga Mat,Sports,North,5,39,0,store
SO-01099,2025-11-21,C0171,Backpack,Accessories,Central,3,99,0,web
SO-01100,2024-02-25,C0331,Fleece,Jackets,East,2,79,0,store
SO-01101,2025-12-19,C0403,Yoga Mat,Sports,Central,1,39,0,store
SO-01102,2024-09-21,C0022,Fleece,Jackets,East,1,79,0,store
SO-01103,2025-05-22,C0313,Wool Beanie,Accessories,North,1,29,0,web
SO-01104,2024-01-08,C0056,Running Shorts,Sports,Central,2,35,0,store
SO-01105,2025-03-26,C0681,Fleece,Jackets,South,2,79,10,partner
SO-01106,2025-12-01,C0093,Down Parka,Jackets,East,5,289,20,web
SO-01107,2024-07-26,C0053,Rain Jacket,Jackets,East,1,179,0,store
SO-01108,2024-10-11,C0152,Down Parka,Jackets,South,1,289,0,web
SO-01109,2024-09-29,C0552,Rain Jacket,Jackets,East,4,179,10,partner
SO-01110,2024-07-19,C0240,Fleece,Jackets,West,3,79,10,web
SO-01111,2024-03-11,C0185,Wool Beanie,Accessories,East,1,29,0,store
SO-01112,2024-02-12,C0750,Backpack,Accessories,South,3,99,5,web
SO-01113,2025-10-29,C0253,Rain Jacket,Jackets,East,3,179,5,web
SO-01114,2025-02-25,C0038,Backpack,Accessories,Central,1,99,0,web
SO-01115,2025-01-23,C0628,Rain Jacket,Jackets,East,1,179,0,partner
SO-01116,2024-01-25,C0421,Down Parka,Jackets,North,1,289,5,store
SO-01117,2025-11-09,C0704,Down Parka,Jackets,North,3,289,15,web
SO-01118,2025-12-04,C0667,Trail Runner,Shoes,West,1,129,0,web
SO-01119,2024-04-05,C0699,Rain Jacket,Jackets,East,5,179,20,web
SO-01120,2025-12-09,C0737,Yoga Mat,Sports,South,2,39,0,web
SO-01121,2024-03-20,C0384,Wool Beanie,Accessories,Central,1,29,0,store
SO-01122,2024-04-01,C0400,Backpack,Accessories,East,2,99,0,store
SO-01123,2024-08-05,C0104,Fleece,Jackets,North,1,79,0,store
SO-01124,2024-11-04,C0237,City Sneaker,Shoes,South,4,89,10,partner
SO-01125,2025-05-09,C0800,Winter Boot,Shoes,East,2,159,0,partner
SO-01126,2025-09-18,C0774,Fleece,Jackets,West,1,79,5,store
SO-01127,2025-04-09,C0316,Down Parka,Jackets,Central,1,289,0,store
SO-01128,2025-05-19,C0329,Winter Boot,Shoes,East,6,159,30,store
SO-01129,2025-09-14,C0080,Backpack,Accessories,West,1,99,5,store
SO-01130,2025-12-01,C0365,Training Top,Sports,South,4,42,15,web
SO-01131,2025-12-22,C0066,Training Top,Sports,South,2,42,15,partner
SO-01132,2024-11-04,C0569,Training Top,Sports,West,3,42,0,partner
SO-01133,2025-05-13,C0343,Winter Boot,Shoes,East,2,159,5,web
SO-01134,2025-09-29,C0532,Wool Beanie,Accessories,West,2,29,0,store
SO-01135,2024-12-09,C0193,Yoga Mat,Sports,West,3,39,15,store
SO-01136,2025-04-16,C0648,Training Top,Sports,East,3,42,5,store
SO-01137,2024-12-10,C0027,Yoga Mat,Sports,North,1,39,0,web
SO-01138,2025-07-22,C0241,Fleece,Jackets,North,1,79,0,store
SO-01139,2024-02-21,C0715,City Sneaker,Shoes,North,2,89,15,web
SO-01140,2024-11-07,C0108,Leather Belt,Accessories,North,4,45,5,web
SO-01141,2024-12-04,C0284,Winter Boot,Shoes,Central,3,159,10,web
SO-01142,2024-08-29,C0551,Backpack,Accessories,West,4,99,5,web
SO-01143,2024-01-23,C0510,City Sneaker,Shoes,North,1,89,0,web
SO-01144,2025-01-08,C0625,Backpack,Accessories,South,6,99,30,partner
SO-01145,2024-12-31,C0370,Down Parka,Jackets,North,3,289,0,web
SO-01146,2024-04-07,C0158,Wool Beanie,Accessories,North,1,29,0,partner
SO-01147,2025-02-18,C0054,Rain Jacket,Jackets,North,2,179,15,store
SO-01148,2024-07-25,C0664,City Sneaker,Shoes,West,1,89,0,store
SO-01149,2024-11-10,C0774,Yoga Mat,Sports,North,1,39,0,store
SO-01150,2024-12-11,C0512,City Sneaker,Shoes,North,5,89,10,web
SO-01151,2025-10-11,C0360,Trail Runner,Shoes,South,1,129,0,store
SO-01152,2025-07-08,C0689,Down Parka,Jackets,North,1,289,0,store
SO-01153,2024-07-10,C0326,Trail Runner,Shoes,North,5,129,20,web
SO-01154,2025-06-22,C0062,Winter Boot,Shoes,South,4,159,15,partner
SO-01155,2024-04-11,C0637,Rain Jacket,Jackets,South,1,179,0,partner
SO-01156,2025-09-03,C0282,Running Shorts,Sports,East,3,35,10,partner
SO-01157,2025-04-10,C0765,Fleece,Jackets,Central,1,79,0,web
SO-01158,2025-11-28,C0449,City Sneaker,Shoes,South,2,89,5,web
SO-01159,2024-07-07,C0448,Fleece,Jackets,West,1,79,5,partner
SO-01160,2025-10-15,C0523,Winter Boot,Shoes,East,1,159,0,store
SO-01161,2025-08-13,C0493,Fleece,Jackets,North,1,79,10,web
SO-01162,2025-07-25,C0107,Trail Runner,Shoes,North,2,129,0,partner
SO-01163,2025-10-13,C0092,Yoga Mat,Sports,Central,1,39,5,web
SO-01164,2024-04-04,C0791,Leather Belt,Accessories,East,4,45,15,store
SO-01165,2025-06-29,C0315,Trail Runner,Shoes,North,1,129,0,store
SO-01166,2024-04-22,C0272,Fleece,Jackets,Central,4,79,30,web
SO-01167,2025-01-07,C0338,Yoga Mat,Sports,East,2,39,20,store
SO-01168,2024-12-11,C0121,Wool Beanie,Accessories,South,1,29,0,store
SO-01169,2025-10-10,C0250,Yoga Mat,Sports,West,3,39,10,web
SO-01170,2025-02-17,C0422,Down Parka,Jackets,West,4,289,15,web
SO-01171,2025-08-19,C0408,City Sneaker,Shoes,East,1,89,0,web
SO-01172,2024-03-21,C0462,Fleece,Jackets,South,4,79,5,web
SO-01173,2025-12-26,C0226,Rain Jacket,Jackets,North,3,179,15,store
SO-01174,2025-11-08,C0265,Training Top,Sports,South,2,42,0,web
SO-01175,2024-11-08,C0700,Leather Belt,Accessories,South,4,45,0,partner
SO-01176,2024-06-09,C0042,Yoga Mat,Sports,Central,6,39,30,web
SO-01177,2024-12-03,C0657,Trail Runner,Shoes,East,1,129,5,store
SO-01178,2024-07-21,C0437,Running Shorts,Sports,North,3,35,20,web
SO-01179,2025-12-12,C0525,Wool Beanie,Accessories,West,2,29,0,web
SO-01180,2024-01-11,C0799,Trail Runner,Shoes,Central,1,129,0,store
SO-01181,2025-09-05,C0040,Winter Boot,Shoes,West,2,159,0,web
SO-01182,2024-12-26,C0144,Leather Belt,Accessories,North,2,45,0,store
SO-01183,2025-10-07,C0669,Leather Belt,Accessories,East,3,45,0,web
SO-01184,2024-04-28,C0279,Running Shorts,Sports,South,2,35,0,partner
SO-01185,2024-09-12,C0262,Running Shorts,Sports,West,1,35,0,store
SO-01186,2025-01-18,C0366,Rain Jacket,Jackets,West,3,179,0,partner
SO-01187,2025-12-31,C0313,Down Parka,Jackets,South,2,289,5,web
SO-01188,2025-09-20,C0087,Leather Belt,Accessories,East,4,45,0,partner
SO-01189,2024-02-02,C0062,City Sneaker,Shoes,North,3,89,15,web
SO-01190,2025-05-30,C0246,Yoga Mat,Sports,South,2,39,10,web
SO-01191,2025-01-01,C0362,Running Shorts,Sports,North,3,35,5,web
SO-01192,2025-10-14,C0145,Rain Jacket,Jackets,East,1,179,0,web
SO-01193,2024-05-21,C0280,Leather Belt,Accessories,West,2,45,5,partner
SO-01194,2025-12-16,C0790,Leather Belt,Accessories,East,4,45,20,web
SO-01195,2025-02-02,C0150,Winter Boot,Shoes,Central,1,159,0,store
SO-01196,2025-11-26,C0741,Fleece,Jackets,West,1,79,5,store
SO-01197,2025-09-10,C0004,Training Top,Sports,North,1,42,0,partner
SO-01198,2024-04-03,C0661,Yoga Mat,Sports,North,4,39,15,web
SO-01199,2024-08-07,C0708,Leather Belt,Accessories,Central,6,45,30,partner
SO-01200,2024-04-03,C0279,Rain Jacket,Jackets,South,3,179,20,partner
SO-01201,2024-01-05,C0253,Backpack,Accessories,South,1,99,0,web
SO-01202,2025-07-09,C0323,Running Shorts,Sports,North,1,35,5,web
SO-01203,2025-05-27,C0129,Trail Runner,Shoes,West,2,129,10,store
SO-01204,2025-09-30,C0247,Yoga Mat,Sports,North,3,39,10,store
SO-01205,2024-12-21,C0647,City Sneaker,Shoes,Central,1,89,0,partner
SO-01206,2025-09-09,C0156,Rain Jacket,Jackets,North,2,179,10,web
SO-01207,2025-12-14,C0207,Leather Belt,Accessories,Central,2,45,0,web
SO-01208,2025-09-22,C0345,Leather Belt,Accessories,Central,1,45,0,store
SO-01209,2024-06-11,C0610,Trail Runner,Shoes,West,1,129,0,store
SO-01210,2025-11-24,C0579,Wool Beanie,Accessories,Central,2,29,5,store
SO-01211,2024-07-10,C0076,Yoga Mat,Sports,East,1,39,0,store
SO-01212,2024-12-26,C0022,Rain Jacket,Jackets,North,2,179,15,store
SO-01213,2025-06-09,C0359,Yoga Mat,Sports,North,3,39,5,store
SO-01214,2025-11-16,C0625,Down Parka,Jackets,Central,1,289,0,web
SO-01215,2025-08-30,C0050,Trail Runner,Shoes,West,3,129,20,store
SO-01216,2024-01-24,C0036,Down Parka,Jackets,West,2,289,20,web
SO-01217,2024-11-01,C0207,Fleece,Jackets,North,4,79,15,web
SO-01218,2024-06-09,C0419,Winter Boot,Shoes,West,3,159,15,store
SO-01219,2024-04-16,C0733,Rain Jacket,Jackets,North,1,179,0,store
SO-01220,2024-04-30,C0351,Trail Runner,Shoes,North,1,129,0,store
SO-01221,2024-04-19,C0413,Training Top,Sports,East,1,42,0,partner
SO-01222,2025-07-04,C0150,Trail Runner,Shoes,Central,6,129,10,store
SO-01223,2025-03-05,C0444,Backpack,Accessories,East,2,99,20,web
SO-01224,2024-05-18,C0755,Wool Beanie,Accessories,West,1,29,0,store
SO-01225,2024-02-17,C0081,Fleece,Jackets,East,5,79,20,web
SO-01226,2025-02-08,C0234,Wool Beanie,Accessories,North,2,29,10,store
SO-01227,2024-10-13,C0238,Leather Belt,Accessories,North,3,45,10,partner
SO-01228,2025-12-05,C0213,Training Top,Sports,South,2,42,5,store
SO-01229,2025-01-19,C0761,Wool Beanie,Accessories,Central,1,29,0,partner
SO-01230,2025-07-01,C0728,Fleece,Jackets,South,2,79,15,web
SO-01231,2024-12-22,C0233,Training Top,Sports,North,1,42,0,web
SO-01232,2024-08-30,C0266,Winter Boot,Shoes,West,4,159,0,web
SO-01233,2024-04-08,C0170,Backpack,Accessories,East,4,99,10,store
SO-01234,2025-11-21,C0800,Yoga Mat,Sports,West,1,39,5,web
SO-01235,2025-07-21,C0651,Fleece,Jackets,West,4,79,15,web
SO-01236,2025-06-23,C0307,City Sneaker,Shoes,South,1,89,5,store
SO-01237,2024-11-20,C0472,Wool Beanie,Accessories,North,1,29,5,store
SO-01238,2024-10-22,C0074,Yoga Mat,Sports,Central,1,39,0,store
SO-01239,2025-07-17,C0496,Leather Belt,Accessories,South,1,45,0,partner
SO-01240,2025-05-03,C0564,Winter Boot,Shoes,East,1,159,5,web
SO-01241,2025-12-09,C0212,Rain Jacket,Jackets,Central,1,179,0,web
SO-01242,2025-11-21,C0439,Running Shorts,Sports,North,1,35,5,store
SO-01243,2024-12-05,C0074,City Sneaker,Shoes,Central,1,89,0,store
SO-01244,2024-05-03,C0713,Rain Jacket,Jackets,North,1,179,10,web
SO-01245,2024-05-24,C0502,Down Parka,Jackets,North,1,289,0,store
SO-01246,2025-12-31,C0049,Fleece,Jackets,North,4,79,10,web
SO-01247,2025-06-22,C0024,Winter Boot,Shoes,North,4,159,15,web
SO-01248,2024-06-25,C0498,Winter Boot,Shoes,South,3,159,20,partner
SO-01249,2025-03-26,C0197,Winter Boot,Shoes,West,4,159,5,store
SO-01250,2025-10-18,C0216,Running Shorts,Sports,East,4,35,30,store
SO-01251,2025-04-26,C0533,Training Top,Sports,North,1,42,0,store
SO-01252,2024-03-09,C0191,Rain Jacket,Jackets,North,4,179,15,partner
SO-01253,2024-06-30,C0744,Backpack,Accessories,North,1,99,5,web
SO-01254,2025-07-16,C0107,Leather Belt,Accessories,North,3,45,20,partner
SO-01255,2024-11-06,C0268,Rain Jacket,Jackets,North,3,179,10,partner
SO-01256,2024-05-09,C0049,Leather Belt,Accessories,West,3,45,30,web
SO-01257,2025-09-30,C0219,Backpack,Accessories,North,4,99,10,web
SO-01258,2025-05-08,C0291,City Sneaker,Shoes,North,3,89,10,web
SO-01259,2025-01-10,C0734,Down Parka,Jackets,West,2,289,0,store
SO-01260,2024-10-20,C0091,Training Top,Sports,East,3,42,5,store
SO-01261,2025-11-06,C0353,Wool Beanie,Accessories,Central,2,29,0,partner
SO-01262,2025-11-05,C0371,Yoga Mat,Sports,North,1,39,10,web
SO-01263,2024-02-09,C0633,Wool Beanie,Accessories,South,5,29,10,store
SO-01264,2025-01-08,C0467,Wool Beanie,Accessories,East,4,29,20,store
SO-01265,2025-11-05,C0652,Training Top,Sports,South,2,42,5,web
SO-01266,2024-01-09,C0183,Fleece,Jackets,West,1,79,0,web
SO-01267,2025-11-02,C0054,Trail Runner,Shoes,South,1,129,5,web
SO-01268,2024-02-23,C0102,Winter Boot,Shoes,North,1,159,0,partner
SO-01269,2025-10-29,C0658,Leather Belt,Accessories,North,1,45,5,store
SO-01270,2025-04-18,C0282,Backpack,Accessories,North,3,99,0,store
SO-01271,2024-03-08,C0284,Training Top,Sports,South,3,42,20,store
SO-01272,2025-02-17,C0311,Training Top,Sports,Central,1,42,5,web
SO-01273,2024-12-30,C0517,Training Top,Sports,East,6,42,20,store
SO-01274,2024-07-04,C0460,Leather Belt,Accessories,North,2,45,10,partner
SO-01275,2024-01-29,C0201,Leather Belt,Accessories,East,4,45,10,store
SO-01276,2024-09-12,C0305,Training Top,Sports,East,3,42,30,web
SO-01277,2025-01-13,C0633,Winter Boot,Shoes,North,2,159,0,partner
SO-01278,2025-11-30,C0121,Rain Jacket,Jackets,North,1,179,5,store
SO-01279,2025-12-20,C0292,Backpack,Accessories,West,1,99,0,web
SO-01280,2025-03-09,C0778,Wool Beanie,Accessories,East,3,29,5,store
SO-01281,2024-07-26,C0251,Backpack,Accessories,East,2,99,0,store
SO-01282,2025-01-19,C0078,Leather Belt,Accessories,North,2,45,10,partner
SO-01283,2025-02-23,C0362,Yoga Mat,Sports,West,2,39,0,web
SO-01284,2024-12-31,C0131,Rain Jacket,Jackets,North,1,179,0,web
SO-01285,2024-03-05,C0514,Running Shorts,Sports,East,5,35,30,web
SO-01286,2024-12-05,C0655,Leather Belt,Accessories,South,3,45,5,web
SO-01287,2025-11-06,C0657,Down Parka,Jackets,West,4,289,10,web
SO-01288,2025-12-12,C0787,Training Top,Sports,South,2,42,0,partner
SO-01289,2025-06-23,C0381,Fleece,Jackets,East,4,79,10,store
SO-01290,2025-04-08,C0676,Winter Boot,Shoes,West,1,159,0,store
SO-01291,2025-12-16,C0486,Fleece,Jackets,North,1,79,0,web
SO-01292,2024-05-29,C0321,Backpack,Accessories,South,1,99,0,store
SO-01293,2025-01-21,C0126,Yoga Mat,Sports,North,3,39,15,web
SO-01294,2025-03-11,C0239,Leather Belt,Accessories,East,5,45,20,web
SO-01295,2025-01-01,C0009,Leather Belt,Accessories,Central,2,45,5,store
SO-01296,2025-08-24,C0290,Winter Boot,Shoes,South,1,159,0,web
SO-01297,2024-09-16,C0159,Wool Beanie,Accessories,South,5,29,5,store
SO-01298,2024-10-30,C0322,Training Top,Sports,East,3,42,0,web
SO-01299,2024-10-12,C0326,Fleece,Jackets,North,3,79,5,store
SO-01300,2024-08-13,C0513,Backpack,Accessories,West,1,99,0,partner
SO-01301,2024-08-05,C0148,Running Shorts,Sports,East,4,35,5,web
SO-01302,2024-05-04,C0407,Training Top,Sports,East,4,42,0,partner
SO-01303,2025-06-22,C0003,Rain Jacket,Jackets,West,2,179,0,web
SO-01304,2025-08-19,C0223,Leather Belt,Accessories,South,1,45,0,web
SO-01305,2025-12-26,C0602,Yoga Mat,Sports,South,1,39,0,web
SO-01306,2025-11-11,C0244,City Sneaker,Shoes,South,1,89,5,partner
SO-01307,2024-01-12,C0039,Rain Jacket,Jackets,Central,2,179,0,store
SO-01308,2025-04-06,C0182,City Sneaker,Shoes,East,2,89,0,partner
SO-01309,2025-09-17,C0205,Running Shorts,Sports,South,4,35,10,store
SO-01310,2025-04-19,C0342,Backpack,Accessories,Central,3,99,15,store
SO-01311,2024-06-15,C0691,Training Top,Sports,East,2,42,0,web
SO-01312,2024-08-26,C0233,Yoga Mat,Sports,Central,1,39,0,store
SO-01313,2025-10-01,C0688,Wool Beanie,Accessories,North,1,29,5,web
SO-01314,2024-04-28,C0348,Training Top,Sports,East,2,42,0,web
SO-01315,2025-02-17,C0195,Trail Runner,Shoes,West,5,129,20,web
SO-01316,2025-08-06,C0093,Rain Jacket,Jackets,East,2,179,10,store
SO-01317,2025-10-12,C0038,Winter Boot,Shoes,East,1,159,0,web
SO-01318,2024-04-09,C0753,Training Top,Sports,South,2,42,10,web
SO-01319,2025-12-13,C0661,Yoga Mat,Sports,Central,3,39,5,web
SO-01320,2025-01-15,C0776,Rain Jacket,Jackets,North,2,179,15,partner
SO-01321,2025-10-04,C0031,Running Shorts,Sports,South,1,35,0,store
SO-01322,2025-11-23,C0145,Fleece,Jackets,North,3,79,5,web
SO-01323,2025-11-08,C0614,Leather Belt,Accessories,North,4,45,15,store
SO-01324,2025-12-01,C0481,Rain Jacket,Jackets,North,3,179,10,web
SO-01325,2025-11-15,C0693,Running Shorts,Sports,North,1,35,0,store
SO-01326,2024-06-27,C0020,Leather Belt,Accessories,West,3,45,15,store
SO-01327,2024-01-27,C0032,Winter Boot,Shoes,South,1,159,0,partner
SO-01328,2024-11-17,C0300,City Sneaker,Shoes,North,2,89,0,store
SO-01329,2025-06-04,C0587,Running Shorts,Sports,South,2,35,0,web
SO-01330,2024-01-11,C0768,Down Parka,Jackets,East,5,289,20,store
SO-01331,2024-07-18,C0549,Yoga Mat,Sports,East,4,39,30,store
SO-01332,2024-05-20,C0536,Wool Beanie,Accessories,North,3,29,10,store
SO-01333,2024-05-22,C0080,Backpack,Accessories,West,4,99,20,partner
SO-01334,2025-06-20,C0458,Down Parka,Jackets,East,2,289,15,partner
SO-01335,2024-03-30,C0508,Winter Boot,Shoes,South,2,159,5,partner
SO-01336,2025-04-14,C0118,Trail Runner,Shoes,North,1,129,0,web
SO-01337,2024-05-31,C0373,Backpack,Accessories,East,5,99,15,web
SO-01338,2025-10-31,C0268,Backpack,Accessories,West,4,99,10,web
SO-01339,2025-07-06,C0617,Down Parka,Jackets,East,3,289,10,web
SO-01340,2025-11-03,C0087,Rain Jacket,Jackets,East,4,179,5,web
SO-01341,2024-08-31,C0011,Running Shorts,Sports,West,2,35,0,partner
SO-01342,2025-02-28,C0388,Wool Beanie,Accessories,East,1,29,0,partner
SO-01343,2024-12-26,C0236,Leather Belt,Accessories,East,2,45,0,web
SO-01344,2025-02-20,C0800,Wool Beanie,Accessories,Central,1,29,0,partner
SO-01345,2024-07-24,C0266,Fleece,Jackets,Central,6,79,30,web
SO-01346,2024-09-13,C0560,Fleece,Jackets,East,3,79,0,store
SO-01347,2024-05-14,C0789,Backpack,Accessories,East,3,99,5,store
SO-01348,2024-03-20,C0385,Backpack,Accessories,North,2,99,10,partner
SO-01349,2024-01-26,C0109,City Sneaker,Shoes,South,2,89,0,partner
SO-01350,2024-06-29,C0343,Wool Beanie,Accessories,West,1,29,0,web
SO-01351,2024-03-28,C0736,Backpack,Accessories,Central,2,99,5,store
SO-01352,2025-10-21,C0230,Training Top,Sports,North,3,42,10,web
SO-01353,2025-07-10,C0044,Yoga Mat,Sports,East,2,39,15,partner
SO-01354,2024-12-16,C0544,Training Top,Sports,North,1,42,0,store
SO-01355,2024-02-16,C0304,City Sneaker,Shoes,North,4,89,15,partner
SO-01356,2025-04-13,C0640,City Sneaker,Shoes,West,4,89,5,store
SO-01357,2025-11-30,C0015,Backpack,Accessories,North,3,99,5,partner
SO-01358,2024-02-10,C0104,City Sneaker,Shoes,South,3,89,0,store
SO-01359,2025-01-23,C0793,Running Shorts,Sports,West,1,35,0,web
SO-01360,2025-03-20,C0385,Leather Belt,Accessories,North,3,45,0,store
SO-01361,2025-11-19,C0044,City Sneaker,Shoes,North,1,89,5,web
SO-01362,2025-09-02,C0628,Yoga Mat,Sports,South,2,39,0,partner
SO-01363,2024-11-02,C0448,Trail Runner,Shoes,West,3,129,15,store
SO-01364,2024-12-28,C0048,Backpack,Accessories,South,4,99,5,web
SO-01365,2025-10-09,C0072,Yoga Mat,Sports,South,1,39,0,store
SO-01366,2025-08-11,C0280,Running Shorts,Sports,East,2,35,0,store
SO-01367,2024-02-19,C0672,Wool Beanie,Accessories,West,1,29,15,store
SO-01368,2025-11-09,C0367,Winter Boot,Shoes,Central,2,159,0,store
SO-01369,2024-01-30,C0717,Down Parka,Jackets,West,2,289,0,store
SO-01370,2024-03-31,C0589,Leather Belt,Accessories,North,3,45,15,web
SO-01371,2024-06-15,C0439,Wool Beanie,Accessories,West,2,29,15,store
SO-01372,2024-12-26,C0002,Wool Beanie,Accessories,North,2,29,0,partner
SO-01373,2025-12-02,C0139,Fleece,Jackets,North,6,79,20,partner
SO-01374,2024-06-18,C0381,Winter Boot,Shoes,East,1,159,0,store
SO-01375,2025-12-09,C0425,Trail Runner,Shoes,East,1,129,0,web
SO-01376,2025-04-06,C0038,Training Top,Sports,North,1,42,0,partner
SO-01377,2024-12-13,C0366,Leather Belt,Accessories,South,3,45,20,store
SO-01378,2025-10-19,C0343,Training Top,Sports,East,1,42,15,store
SO-01379,2025-06-02,C0255,Backpack,Accessories,South,3,99,15,web
SO-01380,2025-10-17,C0037,Training Top,Sports,West,2,42,0,web
SO-01381,2024-08-19,C0222,Training Top,Sports,North,2,42,10,store
SO-01382,2024-08-22,C0041,Wool Beanie,Accessories,West,3,29,10,store
SO-01383,2025-04-25,C0449,Backpack,Accessories,North,1,99,0,web
SO-01384,2024-11-06,C0725,Trail Runner,Shoes,West,2,129,10,store
SO-01385,2024-03-13,C0156,Yoga Mat,Sports,West,2,39,10,web
SO-01386,2024-07-22,C0581,Down Parka,Jackets,Central,1,289,10,web
SO-01387,2024-10-29,C0637,Yoga Mat,Sports,West,3,39,10,partner
SO-01388,2024-08-04,C0576,Leather Belt,Accessories,North,5,45,20,web
SO-01389,2024-12-15,C0062,Leather Belt,Accessories,North,2,45,5,web
SO-01390,2024-03-13,C0722,Fleece,Jackets,East,2,79,5,store
SO-01391,2025-09-02,C0533,Yoga Mat,Sports,South,4,39,20,web
SO-01392,2025-12-18,C0772,Trail Runner,Shoes,North,3,129,0,web
SO-01393,2024-05-13,C0777,Leather Belt,Accessories,North,2,45,0,partner
SO-01394,2024-08-30,C0764,City Sneaker,Shoes,West,2,89,5,web
SO-01395,2024-03-31,C0026,Fleece,Jackets,North,1,79,0,store
SO-01396,2025-07-10,C0053,Winter Boot,Shoes,North,2,159,20,web
SO-01397,2025-10-08,C0481,Wool Beanie,Accessories,North,3,29,10,web
SO-01398,2025-07-10,C0747,Down Parka,Jackets,West,5,289,30,store
SO-01399,2025-04-29,C0446,Running Shorts,Sports,West,2,35,5,store
SO-01400,2024-10-12,C0750,Yoga Mat,Sports,West,2,39,0,store
SO-01401,2024-03-26,C0076,Trail Runner,Shoes,South,1,129,0,store
SO-01402,2024-12-12,C0458,Training Top,Sports,South,1,42,0,web
SO-01403,2024-10-20,C0375,Leather Belt,Accessories,Central,3,45,20,partner
SO-01404,2024-11-09,C0009,Down Parka,Jackets,North,1,289,5,store
SO-01405,2025-07-21,C0565,Trail Runner,Shoes,North,2,129,15,store
SO-01406,2024-09-20,C0580,Down Parka,Jackets,Central,5,289,20,partner
SO-01407,2025-09-30,C0285,Winter Boot,Shoes,West,2,159,0,web
SO-01408,2024-12-16,C0085,Running Shorts,Sports,South,1,35,0,web
SO-01409,2024-04-19,C0111,Trail Runner,Shoes,North,2,129,0,partner
SO-01410,2025-07-09,C0705,Fleece,Jackets,South,2,79,0,partner
SO-01411,2024-12-31,C0245,Wool Beanie,Accessories,South,1,29,5,store
SO-01412,2025-11-15,C0395,Down Parka,Jackets,West,4,289,15,web
SO-01413,2024-11-28,C0652,Leather Belt,Accessories,West,4,45,15,web
SO-01414,2025-12-07,C0622,City Sneaker,Shoes,East,2,89,0,web
SO-01415,2024-11-05,C0750,Training Top,Sports,East,2,42,0,web
SO-01416,2025-12-17,C0165,Winter Boot,Shoes,North,1,159,0,store
SO-01417,2025-12-11,C0311,Wool Beanie,Accessories,West,4,29,10,store
SO-01418,2025-07-14,C0354,Wool Beanie,Accessories,North,2,29,0,web
SO-01419,2024-05-10,C0448,Wool Beanie,Accessories,South,4,29,10,web
SO-01420,2025-12-20,C0585,Down Parka,Jackets,West,4,289,15,store
SO-01421,2024-02-12,C0508,Winter Boot,Shoes,North,1,159,0,partner
SO-01422,2025-01-25,C0461,Yoga Mat,Sports,Central,5,39,15,partner
SO-01423,2025-09-26,C0563,Rain Jacket,Jackets,North,3,179,10,web
SO-01424,2025-06-29,C0495,Down Parka,Jackets,South,3,289,10,store
SO-01425,2024-01-17,C0223,Winter Boot,Shoes,North,4,159,30,web
SO-01426,2024-07-26,C0231,Fleece,Jackets,East,1,79,10,store
SO-01427,2025-10-13,C0232,Training Top,Sports,East,2,42,10,partner
SO-01428,2024-05-31,C0774,Yoga Mat,Sports,North,1,39,5,store
SO-01429,2025-11-13,C0746,Rain Jacket,Jackets,North,4,179,15,web
SO-01430,2024-02-20,C0454,Training Top,Sports,North,1,42,0,store
SO-01431,2025-08-13,C0393,Running Shorts,Sports,East,1,35,10,web
SO-01432,2024-05-21,C0043,Leather Belt,Accessories,East,3,45,5,store
SO-01433,2024-05-24,C0292,Trail Runner,Shoes,South,4,129,20,store
SO-01434,2025-04-26,C0537,Running Shorts,Sports,North,2,35,10,store
SO-01435,2024-06-19,C0591,Winter Boot,Shoes,West,3,159,0,store
SO-01436,2024-04-21,C0176,Trail Runner,Shoes,East,3,129,10,web
SO-01437,2024-01-10,C0319,Rain Jacket,Jackets,East,1,179,5,web
SO-01438,2025-07-25,C0235,Wool Beanie,Accessories,Central,3,29,10,store
SO-01439,2025-02-23,C0377,Fleece,Jackets,West,3,79,10,store
SO-01440,2024-10-02,C0057,Backpack,Accessories,East,3,99,20,web
SO-01441,2024-06-26,C0756,Winter Boot,Shoes,East,1,159,10,store
SO-01442,2025-11-26,C0375,Backpack,Accessories,South,1,99,0,web
SO-01443,2025-09-24,C0134,Backpack,Accessories,West,1,99,15,store
SO-01444,2025-05-22,C0095,Fleece,Jackets,Central,3,79,20,partner
SO-01445,2024-10-09,C0311,Trail Runner,Shoes,East,2,129,15,store
SO-01446,2025-01-26,C0739,Backpack,Accessories,North,1,99,0,store
SO-01447,2024-02-26,C0139,Fleece,Jackets,South,3,79,15,store
SO-01448,2024-03-13,C0460,Running Shorts,Sports,North,1,35,5,web
SO-01449,2024-07-31,C0526,Training Top,Sports,South,5,42,0,store
SO-01450,2024-12-28,C0526,Leather Belt,Accessories,South,1,45,5,web
SO-01451,2025-11-09,C0285,Backpack,Accessories,East,3,99,20,web
SO-01452,2025-03-07,C0232,Rain Jacket,Jackets,North,6,179,15,store
SO-01453,2024-11-26,C0011,Down Parka,Jackets,North,1,289,5,web
SO-01454,2024-07-22,C0390,Trail Runner,Shoes,North,3,129,15,store
SO-01455,2024-12-16,C0337,Yoga Mat,Sports,West,1,39,0,web
SO-01456,2024-01-15,C0142,City Sneaker,Shoes,North,3,89,5,store
SO-01457,2025-06-04,C0019,Leather Belt,Accessories,East,4,45,20,web
SO-01458,2024-11-14,C0614,Backpack,Accessories,South,5,99,30,web
SO-01459,2025-12-17,C0271,Leather Belt,Accessories,West,2,45,20,web
SO-01460,2025-06-07,C0659,Wool Beanie,Accessories,North,5,29,30,store
SO-01461,2025-10-03,C0222,Yoga Mat,Sports,East,2,39,0,web
SO-01462,2025-10-15,C0115,Trail Runner,Shoes,Central,1,129,0,web
SO-01463,2024-02-25,C0329,Trail Runner,Shoes,West,4,129,20,web
SO-01464,2025-06-23,C0704,Backpack,Accessories,North,3,99,0,partner
SO-01465,2025-03-03,C0187,Trail Runner,Shoes,East,3,129,5,web
SO-01466,2025-12-09,C0164,Training Top,Sports,East,3,42,20,store
SO-01467,2024-11-27,C0412,Backpack,Accessories,Central,3,99,10,partner
SO-01468,2024-03-05,C0258,Down Parka,Jackets,South,2,289,20,partner
SO-01469,2024-02-23,C0517,Wool Beanie,Accessories,West,3,29,0,partner
SO-01470,2024-06-21,C0572,Trail Runner,Shoes,North,2,129,10,web
SO-01471,2024-08-06,C0413,Backpack,Accessories,East,2,99,0,store
SO-01472,2025-03-21,C0407,Rain Jacket,Jackets,North,2,179,0,store
SO-01473,2024-11-07,C0354,Rain Jacket,Jackets,North,3,179,15,store
SO-01474,2024-09-22,C0212,Fleece,Jackets,West,2,79,10,store
SO-01475,2025-10-30,C0102,Fleece,Jackets,North,1,79,5,store
SO-01476,2025-06-19,C0285,Wool Beanie,Accessories,Central,2,29,5,web
SO-01477,2024-02-20,C0705,Training Top,Sports,West,1,42,0,store
SO-01478,2024-04-03,C0083,City Sneaker,Shoes,East,3,89,20,store
SO-01479,2024-01-25,C0241,Trail Runner,Shoes,East,3,129,15,partner
SO-01480,2025-04-14,C0383,Winter Boot,Shoes,East,3,159,0,store
SO-01481,2024-05-21,C0345,Winter Boot,Shoes,North,3,159,10,store
SO-01482,2025-12-11,C0741,Wool Beanie,Accessories,North,2,29,10,store
SO-01483,2024-03-10,C0665,Wool Beanie,Accessories,East,1,29,0,partner
SO-01484,2025-05-02,C0677,Training Top,Sports,Central,1,42,5,store
SO-01485,2025-04-22,C0366,Trail Runner,Shoes,Central,4,129,10,web
SO-01486,2025-11-30,C0565,Down Parka,Jackets,North,3,289,0,store
SO-01487,2024-10-19,C0010,Training Top,Sports,East,1,42,0,store
SO-01488,2024-11-02,C0024,Running Shorts,Sports,North,3,35,10,store
SO-01489,2024-03-31,C0701,Leather Belt,Accessories,Central,3,45,5,partner
SO-01490,2024-12-22,C0108,Yoga Mat,Sports,South,2,39,0,web
SO-01491,2025-11-20,C0739,Rain Jacket,Jackets,East,4,179,15,web
SO-01492,2025-11-27,C0150,City Sneaker,Shoes,East,2,89,0,store
SO-01493,2025-08-18,C0448,Running Shorts,Sports,East,1,35,15,store
SO-01494,2025-12-17,C0579,Training Top,Sports,West,3,42,15,web
SO-01495,2024-06-20,C0269,Backpack,Accessories,South,1,99,10,partner
SO-01496,2024-01-28,C0608,Leather Belt,Accessories,North,1,45,5,web
SO-01497,2025-12-01,C0159,Down Parka,Jackets,South,1,289,0,web
SO-01498,2025-05-11,C0743,City Sneaker,Shoes,North,4,89,30,partner
SO-01499,2024-12-06,C0591,City Sneaker,Shoes,North,3,89,10,web
SO-01500,2024-12-03,C0105,Yoga Mat,Sports,Central,2,39,0,store
SO-01501,2025-12-18,C0205,Training Top,Sports,Central,1,42,5,partner
SO-01502,2024-10-21,C0664,Yoga Mat,Sports,South,2,39,10,store
SO-01503,2024-12-10,C0213,Trail Runner,Shoes,South,6,129,30,partner
SO-01504,2024-10-31,C0793,Rain Jacket,Jackets,West,7,179,30,web
SO-01505,2024-09-05,C0167,Yoga Mat,Sports,North,4,39,10,partner
SO-01506,2025-03-20,C0383,Down Parka,Jackets,East,6,289,0,store
SO-01507,2024-01-18,C0077,Rain Jacket,Jackets,East,1,179,10,partner
SO-01508,2025-11-14,C0533,Backpack,Accessories,East,3,99,10,store
SO-01509,2024-12-21,C0438,Winter Boot,Shoes,North,3,159,15,web
SO-01510,2025-04-13,C0771,Rain Jacket,Jackets,West,2,179,0,web
SO-01511,2025-10-24,C0725,Winter Boot,Shoes,North,4,159,10,store
SO-01512,2025-07-20,C0792,Wool Beanie,Accessories,West,3,29,20,store
SO-01513,2025-02-27,C0010,Trail Runner,Shoes,West,2,129,5,store
SO-01514,2024-07-15,C0259,Fleece,Jackets,North,5,79,10,store
SO-01515,2025-01-24,C0499,Down Parka,Jackets,West,1,289,0,web
SO-01516,2025-09-01,C0299,Trail Runner,Shoes,South,2,129,0,partner
SO-01517,2024-01-14,C0007,Wool Beanie,Accessories,Central,2,29,5,store
SO-01518,2024-03-12,C0239,Down Parka,Jackets,South,4,289,20,web
SO-01519,2025-03-09,C0467,Running Shorts,Sports,West,1,35,0,web
SO-01520,2025-11-30,C0674,Backpack,Accessories,North,2,99,0,web
SO-01521,2024-08-07,C0330,Wool Beanie,Accessories,East,4,29,15,web
SO-01522,2024-10-12,C0508,Winter Boot,Shoes,West,3,159,15,web
SO-01523,2025-09-22,C0549,Fleece,Jackets,North,1,79,0,store
SO-01524,2025-05-26,C0078,Backpack,Accessories,West,4,99,15,web
SO-01525,2024-09-22,C0277,Leather Belt,Accessories,West,1,45,0,store
SO-01526,2025-08-24,C0221,Running Shorts,Sports,South,1,35,0,store
SO-01527,2024-11-23,C0241,Fleece,Jackets,West,3,79,10,store
SO-01528,2025-06-09,C0309,Rain Jacket,Jackets,North,5,179,10,web
SO-01529,2025-05-03,C0111,Rain Jacket,Jackets,West,3,179,10,partner
SO-01530,2024-11-29,C0699,Down Parka,Jackets,South,5,289,20,web
SO-01531,2024-07-10,C0486,Running Shorts,Sports,East,1,35,0,partner
SO-01532,2025-11-15,C0277,Trail Runner,Shoes,South,4,129,10,store
SO-01533,2025-08-30,C0023,Training Top,Sports,North,4,42,15,store
SO-01534,2025-12-25,C0301,Fleece,Jackets,East,5,79,30,store
SO-01535,2025-09-22,C0270,Yoga Mat,Sports,East,6,39,30,partner
SO-01536,2025-04-28,C0679,Down Parka,Jackets,West,1,289,0,web
SO-01537,2024-10-18,C0363,Rain Jacket,Jackets,North,5,179,30,web
SO-01538,2025-09-13,C0772,City Sneaker,Shoes,East,2,89,10,store
SO-01539,2024-09-17,C0175,Backpack,Accessories,East,2,99,0,web
SO-01540,2025-11-19,C0660,Winter Boot,Shoes,East,4,159,15,web
SO-01541,2025-11-29,C0646,Winter Boot,Shoes,North,3,159,0,store
SO-01542,2024-08-23,C0566,Down Parka,Jackets,East,1,289,0,partner
SO-01543,2024-06-30,C0535,Fleece,Jackets,South,3,79,0,store
SO-01544,2024-02-26,C0078,Training Top,Sports,South,1,42,15,web
SO-01545,2024-10-12,C0679,Trail Runner,Shoes,North,6,129,10,store
SO-01546,2024-10-20,C0659,Running Shorts,Sports,South,4,35,15,partner
SO-01547,2024-08-17,C0431,Rain Jacket,Jackets,North,3,179,15,partner
SO-01548,2024-01-30,C0680,Rain Jacket,Jackets,North,2,179,5,web
SO-01549,2024-07-24,C0563,Trail Runner,Shoes,West,2,129,0,partner
SO-01550,2025-03-25,C0722,Leather Belt,Accessories,East,1,45,0,partner
SO-01551,2025-07-12,C0223,Down Parka,Jackets,East,4,289,10,store
SO-01552,2024-05-09,C0361,Leather Belt,Accessories,West,2,45,10,partner
SO-01553,2025-12-17,C0249,Down Parka,Jackets,South,2,289,0,web
SO-01554,2024-08-11,C0602,Running Shorts,Sports,West,3,35,20,store
SO-01555,2024-02-12,C0136,Yoga Mat,Sports,West,1,39,5,partner
SO-01556,2025-03-24,C0169,Trail Runner,Shoes,East,2,129,5,store
SO-01557,2024-11-05,C0255,Yoga Mat,Sports,North,1,39,5,store
SO-01558,2025-09-27,C0351,Yoga Mat,Sports,South,2,39,0,store
SO-01559,2024-05-06,C0605,Yoga Mat,Sports,West,1,39,0,partner
SO-01560,2024-12-22,C0368,Training Top,Sports,Central,3,42,10,web
SO-01561,2025-12-31,C0533,Leather Belt,Accessories,South,1,45,0,store
SO-01562,2025-08-22,C0515,Winter Boot,Shoes,North,1,159,0,store
SO-01563,2024-07-03,C0079,Trail Runner,Shoes,North,1,129,0,partner
SO-01564,2025-03-03,C0720,Rain Jacket,Jackets,West,2,179,0,store
SO-01565,2024-01-08,C0155,Backpack,Accessories,West,2,99,0,store
SO-01566,2025-10-27,C0517,Rain Jacket,Jackets,West,3,179,30,store
SO-01567,2024-05-06,C0401,Wool Beanie,Accessories,East,4,29,10,partner
SO-01568,2024-03-30,C0216,Fleece,Jackets,South,2,79,0,store
SO-01569,2025-12-07,C0417,Leather Belt,Accessories,East,2,45,5,web
SO-01570,2025-11-02,C0664,Down Parka,Jackets,West,3,289,0,store
SO-01571,2024-01-03,C0196,Fleece,Jackets,East,2,79,0,store
SO-01572,2024-09-16,C0423,Backpack,Accessories,South,3,99,10,web
SO-01573,2024-06-10,C0026,Rain Jacket,Jackets,East,1,179,0,web
SO-01574,2025-11-16,C0192,Yoga Mat,Sports,West,1,39,10,store
SO-01575,2025-05-14,C0113,City Sneaker,Shoes,North,2,89,5,web
SO-01576,2025-11-19,C0383,Rain Jacket,Jackets,North,7,179,20,web
SO-01577,2025-12-30,C0403,Running Shorts,Sports,West,1,35,0,web
SO-01578,2024-09-23,C0361,Rain Jacket,Jackets,North,6,179,20,store
SO-01579,2025-11-03,C0251,Fleece,Jackets,Central,4,79,0,store
SO-01580,2024-08-27,C0374,Leather Belt,Accessories,East,1,45,0,web
SO-01581,2025-01-23,C0520,Training Top,Sports,Central,1,42,10,store
SO-01582,2024-07-09,C0057,Running Shorts,Sports,North,3,35,20,partner
SO-01583,2024-09-28,C0793,Backpack,Accessories,West,2,99,0,store
SO-01584,2025-09-29,C0256,Wool Beanie,Accessories,East,1,29,5,store
SO-01585,2024-05-07,C0421,Leather Belt,Accessories,North,3,45,10,store
SO-01586,2025-12-08,C0546,Wool Beanie,Accessories,North,1,29,5,store
SO-01587,2025-03-07,C0574,Winter Boot,Shoes,Central,1,159,0,store
SO-01588,2024-03-11,C0534,Rain Jacket,Jackets,Central,2,179,5,store
SO-01589,2025-10-02,C0324,Running Shorts,Sports,South,3,35,5,web
SO-01590,2024-12-23,C0277,Running Shorts,Sports,North,1,35,5,store
SO-01591,2025-12-04,C0202,Training Top,Sports,Central,4,42,15,web
SO-01592,2025-11-24,C0566,City Sneaker,Shoes,West,1,89,0,store
SO-01593,2024-01-27,C0387,Yoga Mat,Sports,West,3,39,0,store
SO-01594,2025-11-14,C0399,Rain Jacket,Jackets,North,2,179,5,store
SO-01595,2025-09-25,C0412,Winter Boot,Shoes,West,1,159,0,web
SO-01596,2024-12-18,C0084,Wool Beanie,Accessories,East,3,29,15,partner
SO-01597,2025-09-28,C0046,Running Shorts,Sports,West,3,35,5,web
SO-01598,2024-12-15,C0011,Fleece,Jackets,East,4,79,10,store
SO-01599,2024-01-16,C0461,Winter Boot,Shoes,South,4,159,20,web
SO-01600,2024-04-06,C0795,Wool Beanie,Accessories,West,5,29,20,partner
SO-01601,2025-09-25,C0193,Leather Belt,Accessories,West,2,45,0,web
SO-01602,2024-03-20,C0740,Trail Runner,Shoes,North,4,129,10,store
SO-01603,2024-08-12,C0474,Winter Boot,Shoes,North,1,159,5,web
SO-01604,2025-05-19,C0046,Fleece,Jackets,South,4,79,5,store
SO-01605,2025-04-12,C0478,Fleece,Jackets,West,3,79,15,web
SO-01606,2024-10-30,C0026,City Sneaker,Shoes,East,3,89,15,store
SO-01607,2025-06-06,C0257,Down Parka,Jackets,East,1,289,5,store
SO-01608,2024-02-10,C0123,Wool Beanie,Accessories,North,2,29,5,partner
SO-01609,2025-06-24,C0745,Rain Jacket,Jackets,North,1,179,0,web
SO-01610,2024-11-30,C0636,Fleece,Jackets,North,2,79,20,partner
SO-01611,2025-05-21,C0001,Down Parka,Jackets,East,1,289,0,store
SO-01612,2024-12-25,C0199,Trail Runner,Shoes,East,1,129,0,store
SO-01613,2025-09-24,C0225,Training Top,Sports,East,3,42,10,store
SO-01614,2025-06-28,C0421,City Sneaker,Shoes,South,3,89,5,partner
SO-01615,2024-10-21,C0221,Backpack,Accessories,South,3,99,5,store
SO-01616,2024-03-01,C0060,Winter Boot,Shoes,North,1,159,0,store
SO-01617,2024-01-13,C0509,Yoga Mat,Sports,East,1,39,0,partner
SO-01618,2024-11-29,C0232,Running Shorts,Sports,Central,3,35,20,web
SO-01619,2024-12-31,C0780,Winter Boot,Shoes,North,3,159,0,web
SO-01620,2024-12-22,C0462,Leather Belt,Accessories,Central,4,45,30,web
SO-01621,2024-05-16,C0306,Fleece,Jackets,East,5,79,15,web
SO-01622,2025-05-03,C0723,Wool Beanie,Accessories,North,2,29,5,web
SO-01623,2025-04-05,C0010,Backpack,Accessories,North,2,99,0,store
SO-01624,2024-11-24,C0123,City Sneaker,Shoes,Central,1,89,0,web
SO-01625,2024-10-18,C0046,City Sneaker,Shoes,North,2,89,0,store
SO-01626,2024-07-02,C0281,Leather Belt,Accessories,South,2,45,5,web
SO-01627,2025-07-26,C0144,Fleece,Jackets,East,2,79,10,partner
SO-01628,2024-04-27,C0257,Trail Runner,Shoes,West,3,129,15,partner
SO-01629,2025-01-03,C0612,Rain Jacket,Jackets,East,1,179,0,store
SO-01630,2025-01-27,C0268,Wool Beanie,Accessories,East,2,29,0,partner
SO-01631,2024-03-24,C0625,Running Shorts,Sports,South,3,35,5,store
SO-01632,2024-07-06,C0518,Running Shorts,Sports,West,1,35,0,partner
SO-01633,2025-04-11,C0185,Wool Beanie,Accessories,South,1,29,0,store
SO-01634,2025-10-09,C0530,City Sneaker,Shoes,South,4,89,5,partner
SO-01635,2025-12-09,C0525,Wool Beanie,Accessories,North,2,29,0,web
SO-01636,2025-03-01,C0581,Running Shorts,Sports,North,2,35,0,store
SO-01637,2024-11-28,C0258,Down Parka,Jackets,West,3,289,10,partner
SO-01638,2025-12-14,C0531,Leather Belt,Accessories,East,3,45,10,web
SO-01639,2025-05-21,C0185,Wool Beanie,Accessories,South,2,29,0,web
SO-01640,2025-06-28,C0560,Winter Boot,Shoes,West,1,159,15,store
SO-01641,2025-10-25,C0252,Trail Runner,Shoes,East,2,129,0,partner
SO-01642,2025-12-30,C0605,Backpack,Accessories,North,4,99,0,web
SO-01643,2024-12-21,C0081,Yoga Mat,Sports,West,4,39,20,web
SO-01644,2024-07-16,C0617,Trail Runner,Shoes,North,2,129,0,partner
SO-01645,2025-08-11,C0566,Backpack,Accessories,East,5,99,15,partner
SO-01646,2024-10-29,C0249,Leather Belt,Accessories,West,2,45,10,store
SO-01647,2025-12-25,C0076,Wool Beanie,Accessories,Central,1,29,0,store
SO-01648,2025-11-28,C0297,Yoga Mat,Sports,South,2,39,0,store
SO-01649,2024-06-26,C0005,Fleece,Jackets,Central,6,79,30,store
SO-01650,2024-09-30,C0272,Trail Runner,Shoes,East,3,129,15,web
SO-01651,2025-11-13,C0025,Winter Boot,Shoes,South,2,159,0,partner
SO-01652,2025-05-01,C0539,Trail Runner,Shoes,Central,4,129,10,store
SO-01653,2025-12-17,C0667,City Sneaker,Shoes,North,1,89,0,store
SO-01654,2025-12-19,C0244,Backpack,Accessories,West,1,99,0,store
SO-01655,2024-12-27,C0080,Training Top,Sports,South,1,42,0,web
SO-01656,2025-04-14,C0731,Down Parka,Jackets,South,4,289,10,store
SO-01657,2024-03-07,C0247,Down Parka,Jackets,West,2,289,0,partner
SO-01658,2024-09-18,C0323,Winter Boot,Shoes,North,2,159,15,store
SO-01659,2024-05-19,C0505,Trail Runner,Shoes,West,2,129,0,web
SO-01660,2025-08-15,C0339,City Sneaker,Shoes,East,4,89,10,partner
SO-01661,2025-01-18,C0603,Yoga Mat,Sports,Central,1,39,0,web
SO-01662,2024-11-06,C0478,Trail Runner,Shoes,West,1,129,0,web
SO-01663,2025-06-23,C0441,Training Top,Sports,North,4,42,15,store
SO-01664,2025-08-06,C0203,Wool Beanie,Accessories,North,3,29,5,store
SO-01665,2025-06-29,C0547,Backpack,Accessories,North,1,99,0,partner
SO-01666,2024-06-23,C0117,Winter Boot,Shoes,Central,3,159,15,store
SO-01667,2025-07-16,C0643,Backpack,Accessories,North,4,99,15,web
SO-01668,2025-10-30,C0457,Running Shorts,Sports,South,4,35,5,store
SO-01669,2024-02-26,C0011,Backpack,Accessories,North,1,99,10,store
SO-01670,2025-04-24,C0531,Wool Beanie,Accessories,West,3,29,0,web
SO-01671,2025-03-21,C0142,Winter Boot,Shoes,East,1,159,10,web
SO-01672,2024-03-01,C0316,Leather Belt,Accessories,West,1,45,0,partner
SO-01673,2025-01-25,C0579,Winter Boot,Shoes,Central,3,159,0,partner
SO-01674,2024-06-06,C0359,Yoga Mat,Sports,Central,2,39,0,web
SO-01675,2025-09-01,C0407,Running Shorts,Sports,South,4,35,15,store
SO-01676,2024-07-29,C0586,Fleece,Jackets,East,1,79,0,web
SO-01677,2024-05-23,C0093,Trail Runner,Shoes,North,2,129,0,store
SO-01678,2025-11-30,C0086,Training Top,Sports,South,2,42,0,web
SO-01679,2025-06-26,C0279,City Sneaker,Shoes,South,1,89,5,web
SO-01680,2024-10-25,C0417,City Sneaker,Shoes,Central,2,89,0,web
SO-01681,2024-11-11,C0725,Trail Runner,Shoes,North,1,129,0,web
SO-01682,2024-06-21,C0619,Trail Runner,Shoes,South,5,129,15,partner
SO-01683,2025-11-02,C0047,Training Top,Sports,West,4,42,0,web
SO-01684,2024-12-27,C0212,Wool Beanie,Accessories,South,3,29,15,web
SO-01685,2024-12-04,C0372,City Sneaker,Shoes,South,1,89,5,store
SO-01686,2024-09-27,C0738,City Sneaker,Shoes,Central,2,89,15,store
SO-01687,2025-12-24,C0176,Winter Boot,Shoes,South,4,159,20,store
SO-01688,2025-04-03,C0151,Wool Beanie,Accessories,North,2,29,0,web
SO-01689,2024-12-23,C0159,Down Parka,Jackets,South,1,289,0,partner
SO-01690,2024-12-02,C0189,Running Shorts,Sports,Central,2,35,15,store
SO-01691,2024-12-11,C0800,Training Top,Sports,Central,3,42,0,store
SO-01692,2024-12-20,C0662,Down Parka,Jackets,South,1,289,0,partner
SO-01693,2024-12-09,C0549,Trail Runner,Shoes,South,2,129,0,partner
SO-01694,2025-11-29,C0337,Fleece,Jackets,East,2,79,10,web
SO-01695,2024-05-18,C0538,Winter Boot,Shoes,North,4,159,15,store
SO-01696,2024-05-08,C0245,Fleece,Jackets,West,4,79,5,partner
SO-01697,2025-01-24,C0363,Trail Runner,Shoes,West,3,129,0,store
SO-01698,2025-05-23,C0312,City Sneaker,Shoes,North,2,89,15,web
SO-01699,2025-02-27,C0673,Down Parka,Jackets,South,1,289,5,partner
SO-01700,2024-11-08,C0406,Winter Boot,Shoes,North,1,159,0,web
SO-01701,2025-10-10,C0704,Down Parka,Jackets,West,4,289,15,web
SO-01702,2025-02-05,C0551,Fleece,Jackets,South,2,79,0,store
SO-01703,2024-12-13,C0125,Wool Beanie,Accessories,East,4,29,10,web
SO-01704,2025-11-29,C0698,Wool Beanie,Accessories,East,3,29,0,web
SO-01705,2025-07-05,C0605,Leather Belt,Accessories,North,4,45,20,store
SO-01706,2024-12-05,C0732,Yoga Mat,Sports,Central,2,39,15,store
SO-01707,2025-12-03,C0731,Trail Runner,Shoes,South,3,129,15,web
SO-01708,2024-08-29,C0427,Training Top,Sports,West,3,42,0,store
SO-01709,2025-03-02,C0682,Running Shorts,Sports,North,2,35,5,web
SO-01710,2024-06-17,C0299,Fleece,Jackets,East,2,79,0,store
SO-01711,2025-06-07,C0106,Yoga Mat,Sports,East,1,39,10,partner
SO-01712,2024-05-11,C0033,Yoga Mat,Sports,East,3,39,15,store
SO-01713,2025-06-17,C0778,City Sneaker,Shoes,West,1,89,5,store
SO-01714,2024-09-18,C0612,Running Shorts,Sports,North,4,35,15,partner
SO-01715,2024-08-06,C0623,Leather Belt,Accessories,Central,1,45,0,store
SO-01716,2024-05-24,C0309,Down Parka,Jackets,North,3,289,0,store
SO-01717,2024-05-21,C0251,Training Top,Sports,North,1,42,10,partner
SO-01718,2025-04-21,C0168,Rain Jacket,Jackets,South,3,179,10,web
SO-01719,2025-11-25,C0381,Trail Runner,Shoes,North,6,129,15,web
SO-01720,2025-11-24,C0315,City Sneaker,Shoes,North,4,89,20,partner
SO-01721,2025-08-13,C0585,Winter Boot,Shoes,South,3,159,0,partner
SO-01722,2024-10-02,C0382,City Sneaker,Shoes,South,5,89,10,partner
SO-01723,2025-12-19,C0140,Backpack,Accessories,West,2,99,0,store
SO-01724,2024-09-05,C0534,Fleece,Jackets,North,1,79,5,store
SO-01725,2025-05-20,C0400,Fleece,Jackets,North,4,79,30,web
SO-01726,2025-09-04,C0024,Winter Boot,Shoes,South,3,159,10,partner
SO-01727,2024-09-13,C0330,Winter Boot,Shoes,North,2,159,5,partner
SO-01728,2025-02-19,C0110,Training Top,Sports,South,1,42,0,web
SO-01729,2024-11-30,C0259,City Sneaker,Shoes,South,4,89,15,store
SO-01730,2025-02-17,C0211,Trail Runner,Shoes,South,3,129,10,store
SO-01731,2025-12-24,C0798,Trail Runner,Shoes,West,3,129,5,web
SO-01732,2025-11-23,C0374,Trail Runner,Shoes,East,5,129,15,web
SO-01733,2024-12-01,C0580,Fleece,Jackets,East,4,79,20,partner
SO-01734,2025-04-20,C0471,Leather Belt,Accessories,East,2,45,0,store
SO-01735,2024-03-23,C0028,Trail Runner,Shoes,West,1,129,0,partner
SO-01736,2025-02-03,C0272,Rain Jacket,Jackets,South,3,179,5,web
SO-01737,2024-01-23,C0728,Down Parka,Jackets,North,5,289,20,store
SO-01738,2025-10-10,C0482,Running Shorts,Sports,North,1,35,0,web
SO-01739,2024-04-25,C0464,Leather Belt,Accessories,West,3,45,15,store
SO-01740,2024-12-19,C0287,Leather Belt,Accessories,East,3,45,5,web
SO-01741,2024-03-27,C0749,Fleece,Jackets,North,4,79,20,partner
SO-01742,2025-07-16,C0589,Down Parka,Jackets,East,3,289,0,web
SO-01743,2025-01-30,C0327,Rain Jacket,Jackets,North,1,179,0,partner
SO-01744,2024-11-08,C0277,Winter Boot,Shoes,Central,4,159,20,web
SO-01745,2024-07-26,C0299,Fleece,Jackets,South,3,79,5,store
SO-01746,2024-05-16,C0116,Leather Belt,Accessories,North,2,45,10,store
SO-01747,2025-05-25,C0177,City Sneaker,Shoes,West,3,89,0,web
SO-01748,2024-03-29,C0710,Yoga Mat,Sports,North,3,39,20,web
SO-01749,2025-04-18,C0514,Down Parka,Jackets,West,4,289,0,web
SO-01750,2025-04-04,C0435,Rain Jacket,Jackets,South,4,179,20,partner
SO-01751,2025-11-22,C0199,City Sneaker,Shoes,West,1,89,0,store
SO-01752,2025-09-09,C0708,City Sneaker,Shoes,West,1,89,0,partner
SO-01753,2024-12-13,C0478,Yoga Mat,Sports,West,1,39,0,partner
SO-01754,2025-09-02,C0258,Fleece,Jackets,East,2,79,0,web
SO-01755,2024-04-26,C0459,Yoga Mat,Sports,North,2,39,0,web
SO-01756,2025-08-19,C0552,Yoga Mat,Sports,West,2,39,0,web
SO-01757,2025-05-24,C0199,Running Shorts,Sports,North,4,35,20,store
SO-01758,2024-10-26,C0444,Backpack,Accessories,Central,2,99,0,web
SO-01759,2025-09-15,C0054,Training Top,Sports,South,2,42,5,partner
SO-01760,2025-09-06,C0641,City Sneaker,Shoes,West,5,89,20,web
SO-01761,2025-09-22,C0433,Wool Beanie,Accessories,West,1,29,0,store
SO-01762,2025-08-11,C0061,Fleece,Jackets,Central,1,79,0,partner
SO-01763,2025-05-11,C0346,Running Shorts,Sports,West,4,35,10,partner
SO-01764,2025-09-24,C0531,Wool Beanie,Accessories,Central,2,29,10,web
SO-01765,2025-05-20,C0580,Yoga Mat,Sports,South,3,39,20,store
SO-01766,2025-04-15,C0432,Winter Boot,Shoes,Central,3,159,0,store
SO-01767,2025-08-19,C0540,City Sneaker,Shoes,West,3,89,15,store
SO-01768,2025-03-16,C0540,Yoga Mat,Sports,Central,4,39,10,web
SO-01769,2024-01-27,C0740,Leather Belt,Accessories,North,4,45,10,store
SO-01770,2024-11-25,C0143,Winter Boot,Shoes,East,2,159,15,store
SO-01771,2025-02-07,C0346,Rain Jacket,Jackets,North,2,179,0,store
SO-01772,2024-07-17,C0378,Running Shorts,Sports,North,2,35,0,store
SO-01773,2025-11-15,C0512,Winter Boot,Shoes,North,1,159,10,web
SO-01774,2024-02-16,C0158,City Sneaker,Shoes,North,2,89,10,web
SO-01775,2024-09-12,C0359,Leather Belt,Accessories,North,1,45,0,web
SO-01776,2024-07-12,C0440,Winter Boot,Shoes,North,3,159,15,partner
SO-01777,2024-04-08,C0011,Training Top,Sports,West,4,42,20,store
SO-01778,2024-08-14,C0564,Yoga Mat,Sports,North,2,39,0,store
SO-01779,2024-09-02,C0266,Trail Runner,Shoes,East,2,129,0,store
SO-01780,2025-12-29,C0318,Fleece,Jackets,Central,3,79,5,web
SO-01781,2024-09-10,C0268,Leather Belt,Accessories,West,3,45,20,store
SO-01782,2025-05-25,C0796,Rain Jacket,Jackets,West,1,179,0,web
SO-01783,2025-10-05,C0472,Training Top,Sports,North,3,42,0,web
SO-01784,2024-10-27,C0758,City Sneaker,Shoes,East,2,89,15,store
SO-01785,2024-11-25,C0375,Rain Jacket,Jackets,East,2,179,5,partner
SO-01786,2024-08-10,C0149,Training Top,Sports,North,1,42,0,web
SO-01787,2025-11-03,C0048,Leather Belt,Accessories,East,2,45,20,store
SO-01788,2024-02-29,C0156,Rain Jacket,Jackets,Central,1,179,0,web
SO-01789,2024-06-25,C0492,Leather Belt,Accessories,South,2,45,0,partner
SO-01790,2024-12-08,C0107,Backpack,Accessories,East,1,99,0,store
SO-01791,2024-12-23,C0526,Running Shorts,Sports,East,3,35,5,web
SO-01792,2024-03-12,C0697,Leather Belt,Accessories,East,1,45,0,store
SO-01793,2025-07-31,C0081,Training Top,Sports,East,5,42,10,partner
SO-01794,2024-07-02,C0109,Fleece,Jackets,East,4,79,0,store
SO-01795,2025-02-27,C0735,Rain Jacket,Jackets,South,2,179,0,store
SO-01796,2024-02-29,C0214,Wool Beanie,Accessories,West,2,29,20,store
SO-01797,2025-06-30,C0193,City Sneaker,Shoes,North,2,89,15,store
SO-01798,2024-11-12,C0781,City Sneaker,Shoes,North,2,89,0,partner
SO-01799,2024-01-30,C0118,Down Parka,Jackets,Central,2,289,10,partner
SO-01800,2024-04-26,C0668,Leather Belt,Accessories,East,1,45,0,web
SO-01801,2025-10-21,C0413,Training Top,Sports,East,3,42,10,store
SO-01802,2024-06-17,C0644,Training Top,Sports,South,2,42,0,partner
SO-01803,2024-01-07,C0376,Winter Boot,Shoes,North,2,159,0,store
SO-01804,2025-06-24,C0379,Training Top,Sports,Central,3,42,10,store
SO-01805,2025-05-11,C0584,Yoga Mat,Sports,South,1,39,0,web
SO-01806,2024-09-01,C0642,City Sneaker,Shoes,South,2,89,0,partner
SO-01807,2024-05-12,C0393,Wool Beanie,Accessories,North,1,29,0,web
SO-01808,2025-12-22,C0615,Running Shorts,Sports,Central,3,35,5,web
SO-01809,2025-12-30,C0416,Training Top,Sports,Central,5,42,0,store
SO-01810,2025-10-01,C0573,Running Shorts,Sports,North,4,35,15,store
SO-01811,2025-01-17,C0618,Backpack,Accessories,West,3,99,5,store
SO-01812,2025-12-20,C0516,Wool Beanie,Accessories,Central,3,29,15,web
SO-01813,2024-12-18,C0567,City Sneaker,Shoes,Central,3,89,10,web
SO-01814,2024-11-04,C0031,Down Parka,Jackets,South,3,289,0,partner
SO-01815,2024-10-03,C0327,City Sneaker,Shoes,Central,1,89,0,store
SO-01816,2024-08-31,C0606,Wool Beanie,Accessories,Central,1,29,0,partner
SO-01817,2025-12-18,C0480,Winter Boot,Shoes,West,1,159,5,store
SO-01818,2024-11-25,C0251,Training Top,Sports,North,2,42,5,web
SO-01819,2024-12-20,C0105,Winter Boot,Shoes,North,1,159,0,web
SO-01820,2025-01-19,C0264,Yoga Mat,Sports,North,5,39,15,store
SO-01821,2024-10-04,C0588,Fleece,Jackets,West,1,79,5,web
SO-01822,2025-01-29,C0349,Winter Boot,Shoes,East,1,159,5,web
SO-01823,2025-05-24,C0048,Leather Belt,Accessories,West,2,45,5,store
SO-01824,2025-08-08,C0603,Running Shorts,Sports,West,1,35,5,partner
SO-01825,2024-06-27,C0096,Yoga Mat,Sports,Central,3,39,10,store
SO-01826,2025-08-22,C0072,Running Shorts,Sports,North,3,35,0,web
SO-01827,2025-11-15,C0560,Training Top,Sports,East,1,42,0,web
SO-01828,2024-07-29,C0217,Rain Jacket,Jackets,South,3,179,15,web
SO-01829,2024-09-17,C0556,Backpack,Accessories,West,1,99,5,partner
SO-01830,2025-01-09,C0290,Fleece,Jackets,North,5,79,10,store
SO-01831,2024-11-10,C0294,Wool Beanie,Accessories,East,2,29,10,store
SO-01832,2024-03-01,C0014,Training Top,Sports,North,2,42,0,partner
SO-01833,2025-04-09,C0745,Winter Boot,Shoes,East,4,159,15,store
SO-01834,2024-04-10,C0470,Leather Belt,Accessories,Central,3,45,10,partner
SO-01835,2025-12-31,C0467,Wool Beanie,Accessories,Central,2,29,5,web
SO-01836,2024-10-10,C0181,Yoga Mat,Sports,North,3,39,10,store
SO-01837,2024-02-12,C0676,Rain Jacket,Jackets,North,5,179,20,store
SO-01838,2024-06-06,C0356,Leather Belt,Accessories,East,2,45,15,store
SO-01839,2024-12-17,C0542,Training Top,Sports,North,4,42,15,web
SO-01840,2025-02-05,C0227,Fleece,Jackets,East,4,79,5,partner
SO-01841,2025-12-16,C0618,Training Top,Sports,East,4,42,15,web
SO-01842,2025-04-28,C0243,Backpack,Accessories,West,1,99,0,web
SO-01843,2025-08-04,C0746,Winter Boot,Shoes,West,4,159,5,store
SO-01844,2025-11-07,C0152,Yoga Mat,Sports,East,1,39,0,web
SO-01845,2024-08-14,C0092,Running Shorts,Sports,West,1,35,0,store
SO-01846,2024-12-28,C0609,Rain Jacket,Jackets,East,4,179,5,store
SO-01847,2025-01-12,C0533,Rain Jacket,Jackets,South,3,179,10,web
SO-01848,2025-11-20,C0023,Fleece,Jackets,Central,2,79,20,store
SO-01849,2025-05-30,C0038,Trail Runner,Shoes,West,2,129,0,web
SO-01850,2024-07-25,C0781,City Sneaker,Shoes,North,3,89,20,web
SO-01851,2025-11-18,C0185,Winter Boot,Shoes,West,4,159,15,web
SO-01852,2024-12-31,C0034,Wool Beanie,Accessories,East,1,29,5,web
SO-01853,2025-04-09,C0545,Training Top,Sports,North,2,42,15,store
SO-01854,2024-12-25,C0711,Running Shorts,Sports,West,5,35,30,partner
SO-01855,2025-12-25,C0610,Leather Belt,Accessories,Central,3,45,5,store
SO-01856,2025-05-03,C0457,Yoga Mat,Sports,Central,3,39,5,partner
SO-01857,2025-08-11,C0618,Running Shorts,Sports,East,2,35,0,web
SO-01858,2025-01-29,C0422,Winter Boot,Shoes,Central,2,159,0,web
SO-01859,2024-01-11,C0451,Yoga Mat,Sports,Central,2,39,5,store
SO-01860,2024-03-20,C0509,Rain Jacket,Jackets,North,1,179,0,web
SO-01861,2025-11-06,C0222,City Sneaker,Shoes,North,5,89,10,store
SO-01862,2024-07-14,C0646,Wool Beanie,Accessories,North,4,29,10,partner
SO-01863,2025-10-27,C0088,Yoga Mat,Sports,South,1,39,0,web
SO-01864,2025-12-06,C0585,Yoga Mat,Sports,South,3,39,10,partner
SO-01865,2024-12-26,C0288,Fleece,Jackets,South,1,79,5,web
SO-01866,2024-05-02,C0285,Wool Beanie,Accessories,North,1,29,0,store
SO-01867,2025-07-26,C0728,Running Shorts,Sports,East,2,35,15,web
SO-01868,2024-04-12,C0321,Yoga Mat,Sports,South,4,39,20,web
SO-01869,2024-03-04,C0705,Backpack,Accessories,West,1,99,5,web
SO-01870,2024-03-15,C0408,Training Top,Sports,West,2,42,5,store
SO-01871,2024-03-17,C0631,Winter Boot,Shoes,South,1,159,0,store
SO-01872,2024-04-02,C0425,Winter Boot,Shoes,Central,2,159,0,web
SO-01873,2025-11-06,C0434,Leather Belt,Accessories,Central,4,45,15,store
SO-01874,2025-01-31,C0520,Backpack,Accessories,South,2,99,0,web
SO-01875,2025-06-03,C0774,Running Shorts,Sports,West,4,35,10,web
SO-01876,2025-06-03,C0317,Rain Jacket,Jackets,North,1,179,0,store
SO-01877,2025-03-14,C0489,Running Shorts,Sports,North,4,35,20,store
SO-01878,2024-10-18,C0410,Rain Jacket,Jackets,West,1,179,0,store
SO-01879,2024-06-14,C0772,Rain Jacket,Jackets,North,2,179,0,store
SO-01880,2025-02-25,C0672,Down Parka,Jackets,Central,5,289,30,store
SO-01881,2024-03-14,C0252,Running Shorts,Sports,North,2,35,20,store
SO-01882,2025-01-09,C0686,Running Shorts,Sports,Central,6,35,30,web
SO-01883,2024-01-28,C0168,Wool Beanie,Accessories,East,3,29,20,store
SO-01884,2025-01-03,C0705,Fleece,Jackets,South,1,79,10,store
SO-01885,2025-12-03,C0788,Yoga Mat,Sports,North,3,39,0,store
SO-01886,2025-11-06,C0624,Leather Belt,Accessories,North,2,45,0,web
SO-01887,2025-04-10,C0181,Training Top,Sports,North,3,42,10,web
SO-01888,2024-06-30,C0125,Rain Jacket,Jackets,Central,4,179,15,partner
SO-01889,2025-09-14,C0585,City Sneaker,Shoes,North,5,89,20,partner
SO-01890,2024-12-07,C0219,City Sneaker,Shoes,North,5,89,30,store
SO-01891,2025-03-29,C0580,Backpack,Accessories,North,2,99,0,store
SO-01892,2024-08-25,C0213,Rain Jacket,Jackets,North,2,179,20,partner
SO-01893,2024-07-09,C0789,Fleece,Jackets,North,1,79,0,web
SO-01894,2024-10-27,C0104,Training Top,Sports,North,2,42,5,store
SO-01895,2024-09-22,C0347,Running Shorts,Sports,South,2,35,10,store
SO-01896,2025-12-28,C0691,Leather Belt,Accessories,North,1,45,0,partner
SO-01897,2024-04-27,C0345,Leather Belt,Accessories,West,6,45,20,store
SO-01898,2025-02-23,C0616,Leather Belt,Accessories,East,1,45,5,web
SO-01899,2025-10-22,C0095,Trail Runner,Shoes,North,1,129,0,web
SO-01900,2024-05-04,C0066,Winter Boot,Shoes,West,1,159,0,partner
SO-01901,2025-01-17,C0094,Fleece,Jackets,East,4,79,30,web
SO-01902,2024-07-26,C0669,Leather Belt,Accessories,East,1,45,0,store
SO-01903,2024-10-05,C0187,Wool Beanie,Accessories,West,3,29,5,web
SO-01904,2024-12-16,C0097,Rain Jacket,Jackets,West,5,179,20,web
SO-01905,2025-07-24,C0654,Wool Beanie,Accessories,East,2,29,0,store
SO-01906,2024-01-21,C0535,City Sneaker,Shoes,South,3,89,0,store
SO-01907,2025-10-24,C0755,Wool Beanie,Accessories,West,2,29,0,store
SO-01908,2024-09-29,C0525,City Sneaker,Shoes,East,3,89,15,partner
SO-01909,2025-08-25,C0354,Training Top,Sports,West,3,42,0,web
SO-01910,2025-06-24,C0540,Backpack,Accessories,West,2,99,0,store
SO-01911,2024-12-15,C0279,Trail Runner,Shoes,North,4,129,10,partner
SO-01912,2025-10-04,C0173,Leather Belt,Accessories,North,3,45,0,web
SO-01913,2025-06-16,C0055,Training Top,Sports,West,2,42,10,web
SO-01914,2025-05-20,C0056,Trail Runner,Shoes,South,4,129,10,web
SO-01915,2025-11-15,C0652,Down Parka,Jackets,East,3,289,0,partner
SO-01916,2024-03-01,C0788,Running Shorts,Sports,North,6,35,15,store
SO-01917,2024-03-12,C0439,Trail Runner,Shoes,West,1,129,0,store
SO-01918,2024-06-06,C0107,Yoga Mat,Sports,South,6,39,30,store
SO-01919,2024-11-03,C0280,Yoga Mat,Sports,South,3,39,0,partner
SO-01920,2024-06-24,C0566,Training Top,Sports,South,1,42,0,store
SO-01921,2025-01-09,C0330,Winter Boot,Shoes,East,1,159,0,web
SO-01922,2024-11-14,C0689,Winter Boot,Shoes,South,1,159,0,web
SO-01923,2025-01-24,C0145,Wool Beanie,Accessories,Central,2,29,0,store
SO-01924,2025-02-08,C0163,Backpack,Accessories,South,2,99,5,partner
SO-01925,2024-02-25,C0464,Running Shorts,Sports,East,1,35,10,store
SO-01926,2024-05-31,C0349,Wool Beanie,Accessories,East,2,29,0,web
SO-01927,2024-11-13,C0558,Training Top,Sports,South,1,42,0,store
SO-01928,2025-08-30,C0783,Running Shorts,Sports,West,1,35,5,web
SO-01929,2025-08-28,C0757,Backpack,Accessories,North,3,99,10,web
SO-01930,2024-05-09,C0742,City Sneaker,Shoes,East,2,89,5,web
SO-01931,2024-12-01,C0173,Down Parka,Jackets,South,3,289,10,web
SO-01932,2025-09-02,C0126,Down Parka,Jackets,Central,1,289,0,web
SO-01933,2024-06-02,C0777,City Sneaker,Shoes,West,2,89,10,web
SO-01934,2025-07-19,C0040,Winter Boot,Shoes,South,1,159,0,web
SO-01935,2025-11-26,C0629,Winter Boot,Shoes,East,1,159,0,partner
SO-01936,2024-05-05,C0174,City Sneaker,Shoes,North,1,89,5,store
SO-01937,2025-12-20,C0361,Training Top,Sports,North,3,42,15,web
SO-01938,2024-05-04,C0589,Leather Belt,Accessories,West,2,45,15,partner
SO-01939,2025-08-18,C0567,Yoga Mat,Sports,East,1,39,0,web
SO-01940,2024-10-25,C0302,Wool Beanie,Accessories,West,3,29,10,store
SO-01941,2024-07-11,C0282,City Sneaker,Shoes,West,4,89,10,store
SO-01942,2024-03-01,C0297,Winter Boot,Shoes,Central,3,159,5,store
SO-01943,2025-10-02,C0328,Fleece,Jackets,North,2,79,5,store
SO-01944,2024-05-05,C0452,Down Parka,Jackets,East,3,289,0,store
SO-01945,2024-01-01,C0185,Backpack,Accessories,West,1,99,0,partner
SO-01946,2025-06-14,C0642,Running Shorts,Sports,South,1,35,0,web
SO-01947,2024-12-14,C0245,Trail Runner,Shoes,North,3,129,20,store
SO-01948,2024-05-04,C0728,Fleece,Jackets,West,4,79,20,web
SO-01949,2025-05-08,C0158,Backpack,Accessories,North,2,99,0,partner
SO-01950,2025-09-11,C0456,Down Parka,Jackets,North,1,289,5,store
SO-01951,2024-08-31,C0026,Trail Runner,Shoes,South,5,129,30,store
SO-01952,2025-04-26,C0562,Wool Beanie,Accessories,North,3,29,10,web
SO-01953,2025-02-02,C0435,City Sneaker,Shoes,North,3,89,15,web
SO-01954,2025-10-23,C0676,Yoga Mat,Sports,East,3,39,20,web
SO-01955,2025-11-12,C0756,Rain Jacket,Jackets,North,3,179,15,store
SO-01956,2025-04-26,C0234,Rain Jacket,Jackets,North,2,179,5,store
SO-01957,2025-02-04,C0526,Down Parka,Jackets,East,2,289,5,web
SO-01958,2024-12-15,C0236,City Sneaker,Shoes,North,3,89,10,web
SO-01959,2024-03-14,C0050,Fleece,Jackets,North,2,79,10,store
SO-01960,2024-11-19,C0010,Fleece,Jackets,North,1,79,0,store
SO-01961,2024-05-19,C0139,City Sneaker,Shoes,North,2,89,0,web
SO-01962,2024-11-17,C0184,Fleece,Jackets,South,1,79,0,store
SO-01963,2025-07-30,C0690,City Sneaker,Shoes,South,1,89,0,web
SO-01964,2025-12-02,C0514,City Sneaker,Shoes,North,2,89,5,web
SO-01965,2025-02-16,C0567,Trail Runner,Shoes,Central,2,129,0,store
SO-01966,2025-03-29,C0047,City Sneaker,Shoes,East,1,89,0,partner
SO-01967,2025-06-06,C0350,Winter Boot,Shoes,Central,8,159,30,store
SO-01968,2025-07-30,C0155,Fleece,Jackets,West,3,79,5,partner
SO-01969,2024-09-28,C0253,Running Shorts,Sports,Central,1,35,0,store
SO-01970,2025-10-28,C0006,Rain Jacket,Jackets,West,4,179,0,store
SO-01971,2025-04-22,C0123,Fleece,Jackets,Central,3,79,0,web
SO-01972,2024-07-02,C0478,Rain Jacket,Jackets,South,2,179,0,store
SO-01973,2024-07-24,C0199,Yoga Mat,Sports,East,3,39,15,web
SO-01974,2024-04-09,C0416,Wool Beanie,Accessories,North,2,29,5,partner
SO-01975,2024-11-15,C0166,Fleece,Jackets,West,3,79,0,web
SO-01976,2024-07-05,C0123,Rain Jacket,Jackets,East,2,179,10,web
SO-01977,2025-10-10,C0086,Backpack,Accessories,North,2,99,10,web
SO-01978,2024-09-22,C0226,Leather Belt,Accessories,Central,3,45,0,web
SO-01979,2024-10-06,C0309,Rain Jacket,Jackets,East,4,179,15,web
SO-01980,2025-05-21,C0454,Trail Runner,Shoes,West,3,129,20,web
SO-01981,2024-02-22,C0327,Leather Belt,Accessories,North,1,45,10,store
SO-01982,2025-06-07,C0552,Fleece,Jackets,West,2,79,0,web
SO-01983,2024-06-22,C0240,Wool Beanie,Accessories,North,4,29,5,store
SO-01984,2025-06-02,C0615,Trail Runner,Shoes,North,2,129,5,store
SO-01985,2025-04-09,C0709,Training Top,Sports,West,3,42,10,web
SO-01986,2025-08-23,C0302,City Sneaker,Shoes,North,1,89,5,partner
SO-01987,2024-06-24,C0444,Winter Boot,Shoes,North,3,159,5,store
SO-01988,2025-04-19,C0340,Leather Belt,Accessories,South,1,45,0,web
SO-01989,2025-09-03,C0652,Training Top,Sports,East,6,42,30,web
SO-01990,2025-05-13,C0594,Leather Belt,Accessories,North,3,45,0,web
SO-01991,2025-12-18,C0516,Running Shorts,Sports,East,1,35,0,store
SO-01992,2024-01-09,C0200,Fleece,Jackets,North,3,79,5,web
SO-01993,2024-12-06,C0211,Down Parka,Jackets,West,4,289,0,partner
SO-01994,2024-01-13,C0538,Yoga Mat,Sports,South,2,39,5,partner
SO-01995,2025-12-14,C0034,Fleece,Jackets,North,3,79,30,web
SO-01996,2025-03-02,C0253,Wool Beanie,Accessories,East,4,29,20,web
SO-01997,2025-12-04,C0738,Rain Jacket,Jackets,South,4,179,20,web
SO-01998,2025-04-10,C0290,Winter Boot,Shoes,South,1,159,0,store
SO-01999,2025-09-09,C0233,Down Parka,Jackets,South,4,289,20,store
SO-02000,2024-07-11,C0553,Backpack,Accessories,South,3,99,0,web
SO-02001,2024-11-10,C0517,Backpack,Accessories,North,1,99,0,partner
SO-02002,2024-01-23,C0419,City Sneaker,Shoes,North,3,89,10,store
SO-02003,2024-11-29,C0115,Rain Jacket,Jackets,West,2,179,5,web
SO-02004,2025-12-02,C0780,Winter Boot,Shoes,North,3,159,15,web
SO-02005,2025-08-18,C0177,Training Top,Sports,South,2,42,0,partner
SO-02006,2025-07-10,C0396,Rain Jacket,Jackets,East,1,179,0,store
SO-02007,2024-11-09,C0015,Trail Runner,Shoes,West,2,129,0,web
SO-02008,2025-07-12,C0302,Winter Boot,Shoes,North,2,159,0,store
SO-02009,2024-05-12,C0649,Yoga Mat,Sports,Central,2,39,10,store
SO-02010,2024-12-20,C0689,Training Top,Sports,West,2,42,15,web
SO-02011,2024-05-15,C0720,Yoga Mat,Sports,Central,1,39,5,store
SO-02012,2024-12-02,C0667,Rain Jacket,Jackets,West,6,179,30,store
SO-02013,2024-08-23,C0511,Fleece,Jackets,West,4,79,15,partner
SO-02014,2024-12-26,C0511,Rain Jacket,Jackets,West,2,179,0,partner
SO-02015,2025-03-19,C0021,Rain Jacket,Jackets,North,5,179,15,partner
SO-02016,2025-09-06,C0274,Rain Jacket,Jackets,North,6,179,30,web
SO-02017,2024-08-29,C0703,Winter Boot,Shoes,North,1,159,0,store
SO-02018,2024-07-18,C0376,Yoga Mat,Sports,East,2,39,0,store
SO-02019,2024-05-19,C0270,Training Top,Sports,Central,2,42,0,partner
SO-02020,2025-09-06,C0641,Rain Jacket,Jackets,Central,3,179,0,store
SO-02021,2025-04-28,C0201,Fleece,Jackets,Central,1,79,0,web
SO-02022,2024-05-13,C0250,Running Shorts,Sports,West,1,35,0,store
SO-02023,2025-07-12,C0502,Yoga Mat,Sports,North,3,39,10,store
SO-02024,2025-09-30,C0670,Leather Belt,Accessories,Central,1,45,0,store
SO-02025,2025-07-24,C0115,City Sneaker,Shoes,North,1,89,0,partner
SO-02026,2025-12-18,C0403,Training Top,Sports,East,2,42,0,store
SO-02027,2024-11-14,C0497,Winter Boot,Shoes,North,1,159,10,store
SO-02028,2025-05-05,C0257,Running Shorts,Sports,East,1,35,5,partner
SO-02029,2024-09-18,C0309,Winter Boot,Shoes,East,3,159,0,web
SO-02030,2024-03-06,C0358,Rain Jacket,Jackets,Central,3,179,15,partner
SO-02031,2025-05-17,C0452,Rain Jacket,Jackets,South,1,179,0,store
SO-02032,2025-08-29,C0539,Training Top,Sports,East,1,42,5,web
SO-02033,2025-11-02,C0184,City Sneaker,Shoes,North,1,89,0,partner
SO-02034,2024-11-30,C0285,Running Shorts,Sports,North,4,35,0,store
SO-02035,2024-08-01,C0036,Backpack,Accessories,South,3,99,15,partner
SO-02036,2024-01-18,C0772,Rain Jacket,Jackets,South,1,179,0,web
SO-02037,2024-09-17,C0289,Training Top,Sports,North,1,42,5,store
SO-02038,2024-12-10,C0491,Winter Boot,Shoes,West,1,159,0,store
SO-02039,2024-01-03,C0487,Rain Jacket,Jackets,East,2,179,5,web
SO-02040,2024-12-31,C0586,Yoga Mat,Sports,East,1,39,10,web
SO-02041,2025-05-04,C0374,Winter Boot,Shoes,West,4,159,30,partner
SO-02042,2025-12-09,C0719,Yoga Mat,Sports,East,3,39,20,web
SO-02043,2025-08-19,C0041,Winter Boot,Shoes,South,3,159,0,store
SO-02044,2024-04-23,C0250,Wool Beanie,Accessories,West,3,29,0,web
SO-02045,2024-12-04,C0075,Wool Beanie,Accessories,East,1,29,5,web
SO-02046,2024-10-29,C0165,Rain Jacket,Jackets,North,4,179,20,web
SO-02047,2024-08-03,C0114,Rain Jacket,Jackets,Central,1,179,10,web
SO-02048,2024-12-22,C0463,Trail Runner,Shoes,West,2,129,0,partner
SO-02049,2025-12-19,C0650,Fleece,Jackets,North,3,79,0,store
SO-02050,2024-02-07,C0053,Down Parka,Jackets,North,1,289,0,web
SO-02051,2025-09-05,C0039,Leather Belt,Accessories,East,3,45,30,web
SO-02052,2025-09-12,C0255,Backpack,Accessories,Central,3,99,0,web
SO-02053,2024-03-19,C0608,Winter Boot,Shoes,North,1,159,0,web
SO-02054,2024-11-17,C0751,Leather Belt,Accessories,South,2,45,10,store
SO-02055,2024-08-21,C0393,Yoga Mat,Sports,North,2,39,10,store
SO-02056,2024-09-30,C0689,Running Shorts,Sports,East,4,35,15,store
SO-02057,2025-12-13,C0287,Down Parka,Jackets,East,3,289,15,store
SO-02058,2024-03-01,C0350,Rain Jacket,Jackets,Central,1,179,5,store
SO-02059,2025-07-18,C0274,Training Top,Sports,West,3,42,10,partner
SO-02060,2025-11-26,C0744,Running Shorts,Sports,South,1,35,0,web
SO-02061,2025-09-11,C0363,Wool Beanie,Accessories,South,4,29,20,web
SO-02062,2025-12-16,C0573,Wool Beanie,Accessories,East,1,29,0,web
SO-02063,2025-12-28,C0260,Leather Belt,Accessories,North,6,45,30,web
SO-02064,2025-12-05,C0022,Wool Beanie,Accessories,West,3,29,10,web
SO-02065,2025-12-18,C0699,Wool Beanie,Accessories,North,3,29,15,web
SO-02066,2025-07-27,C0347,Leather Belt,Accessories,Central,3,45,0,partner
SO-02067,2025-08-13,C0614,Yoga Mat,Sports,North,3,39,0,store
SO-02068,2024-12-08,C0780,Wool Beanie,Accessories,East,2,29,0,store
SO-02069,2024-03-18,C0424,Fleece,Jackets,North,4,79,10,partner
SO-02070,2025-04-23,C0264,Training Top,Sports,East,5,42,30,store
SO-02071,2024-05-04,C0379,Wool Beanie,Accessories,West,4,29,15,store
SO-02072,2025-07-13,C0604,Rain Jacket,Jackets,East,3,179,20,store
SO-02073,2024-04-09,C0617,Down Parka,Jackets,Central,3,289,5,web
SO-02074,2024-08-11,C0557,Fleece,Jackets,South,4,79,10,partner
SO-02075,2024-06-22,C0689,City Sneaker,Shoes,West,3,89,10,web
SO-02076,2025-05-19,C0533,Trail Runner,Shoes,North,3,129,5,store
SO-02077,2024-10-10,C0314,City Sneaker,Shoes,South,2,89,0,store
SO-02078,2025-10-27,C0001,Running Shorts,Sports,South,1,35,0,web
SO-02079,2024-12-06,C0376,Yoga Mat,Sports,North,2,39,5,partner
SO-02080,2024-11-13,C0695,Down Parka,Jackets,North,3,289,10,partner
SO-02081,2024-12-25,C0281,Training Top,Sports,North,3,42,20,store
SO-02082,2025-03-14,C0062,Backpack,Accessories,South,2,99,10,web
SO-02083,2024-06-19,C0013,City Sneaker,Shoes,East,1,89,0,store
SO-02084,2025-03-27,C0555,Fleece,Jackets,West,1,79,10,web
SO-02085,2025-11-24,C0672,Rain Jacket,Jackets,East,3,179,5,web
SO-02086,2024-01-07,C0203,Yoga Mat,Sports,South,1,39,0,partner
SO-02087,2025-04-23,C0681,Down Parka,Jackets,South,2,289,0,store
SO-02088,2025-08-26,C0374,Training Top,Sports,West,1,42,15,web
SO-02089,2024-09-07,C0119,Winter Boot,Shoes,North,2,159,0,store
SO-02090,2024-12-04,C0648,Rain Jacket,Jackets,West,5,179,15,partner
SO-02091,2024-12-16,C0630,Rain Jacket,Jackets,North,4,179,5,web
SO-02092,2024-06-20,C0646,Fleece,Jackets,West,3,79,10,store
SO-02093,2024-07-26,C0574,Down Parka,Jackets,Central,1,289,0,partner
SO-02094,2024-11-29,C0216,Running Shorts,Sports,West,4,35,15,web
SO-02095,2024-12-04,C0047,Winter Boot,Shoes,North,3,159,10,web
SO-02096,2025-11-07,C0012,City Sneaker,Shoes,North,3,89,20,store
SO-02097,2025-12-30,C0662,Winter Boot,Shoes,West,2,159,15,web
SO-02098,2025-10-02,C0618,Yoga Mat,Sports,West,1,39,5,store
SO-02099,2024-08-24,C0289,Running Shorts,Sports,Central,2,35,10,partner
SO-02100,2024-03-09,C0650,Yoga Mat,Sports,South,1,39,0,partner
SO-02101,2025-01-27,C0291,Fleece,Jackets,South,6,79,20,partner
SO-02102,2024-06-16,C0453,Training Top,Sports,West,1,42,5,partner
SO-02103,2025-02-20,C0375,Winter Boot,Shoes,North,1,159,0,store
SO-02104,2025-09-15,C0464,Backpack,Accessories,South,2,99,0,web
SO-02105,2025-01-01,C0067,Wool Beanie,Accessories,North,1,29,0,web
SO-02106,2024-06-11,C0145,Leather Belt,Accessories,West,2,45,0,web
SO-02107,2025-11-27,C0553,Trail Runner,Shoes,East,2,129,0,web
SO-02108,2025-11-30,C0275,Training Top,Sports,North,3,42,15,web
SO-02109,2025-04-06,C0722,Wool Beanie,Accessories,North,1,29,0,store
SO-02110,2025-01-14,C0628,Rain Jacket,Jackets,Central,2,179,5,partner
SO-02111,2024-07-02,C0227,Fleece,Jackets,North,1,79,5,store
SO-02112,2024-09-08,C0300,Fleece,Jackets,North,4,79,10,web
SO-02113,2024-01-02,C0275,Wool Beanie,Accessories,East,5,29,15,partner
SO-02114,2024-02-01,C0583,Wool Beanie,Accessories,North,2,29,0,web
SO-02115,2025-04-03,C0465,Fleece,Jackets,East,2,79,10,web
SO-02116,2025-09-21,C0261,Trail Runner,Shoes,East,3,129,15,store
SO-02117,2024-04-28,C0778,Backpack,Accessories,East,3,99,5,store
SO-02118,2025-06-20,C0702,City Sneaker,Shoes,Central,3,89,10,partner
SO-02119,2025-12-24,C0637,Training Top,Sports,West,1,42,5,partner
SO-02120,2025-08-08,C0184,Backpack,Accessories,West,1,99,0,store
SO-02121,2024-11-14,C0721,Leather Belt,Accessories,Central,1,45,0,store
SO-02122,2025-02-16,C0716,City Sneaker,Shoes,South,2,89,0,web
SO-02123,2025-03-15,C0428,City Sneaker,Shoes,East,4,89,30,partner
SO-02124,2025-12-27,C0722,Down Parka,Jackets,Central,4,289,10,web
SO-02125,2024-03-14,C0047,Yoga Mat,Sports,North,2,39,0,store
SO-02126,2024-12-08,C0199,Leather Belt,Accessories,West,3,45,15,web
SO-02127,2024-12-16,C0319,Leather Belt,Accessories,West,1,45,5,partner
SO-02128,2025-04-22,C0626,Trail Runner,Shoes,West,1,129,10,partner
SO-02129,2024-01-23,C0259,Trail Runner,Shoes,East,5,129,30,web
SO-02130,2025-11-15,C0784,Trail Runner,Shoes,South,3,129,20,web
SO-02131,2025-12-27,C0409,Training Top,Sports,East,3,42,30,web
SO-02132,2025-08-07,C0626,Trail Runner,Shoes,North,2,129,0,partner
SO-02133,2024-06-09,C0218,Running Shorts,Sports,West,1,35,0,partner
SO-02134,2024-02-09,C0711,Backpack,Accessories,North,1,99,0,web
SO-02135,2024-03-09,C0080,Rain Jacket,Jackets,Central,4,179,10,store
SO-02136,2024-05-08,C0063,Training Top,Sports,West,3,42,20,partner
SO-02137,2025-11-05,C0489,Fleece,Jackets,East,2,79,0,web
SO-02138,2025-10-15,C0115,Backpack,Accessories,North,1,99,0,partner
SO-02139,2024-07-02,C0710,Running Shorts,Sports,East,1,35,10,partner
SO-02140,2025-11-01,C0281,Running Shorts,Sports,Central,4,35,15,partner
SO-02141,2025-04-25,C0518,City Sneaker,Shoes,East,2,89,0,store
SO-02142,2024-07-07,C0613,City Sneaker,Shoes,West,2,89,5,web
SO-02143,2024-11-15,C0358,Yoga Mat,Sports,West,5,39,10,partner
SO-02144,2025-01-22,C0463,Running Shorts,Sports,Central,2,35,15,web
SO-02145,2024-10-11,C0004,Winter Boot,Shoes,North,2,159,0,partner
SO-02146,2024-11-24,C0147,Leather Belt,Accessories,Central,3,45,0,web
SO-02147,2025-12-07,C0089,Rain Jacket,Jackets,North,3,179,5,web
SO-02148,2025-12-29,C0362,City Sneaker,Shoes,West,2,89,5,store
SO-02149,2025-09-14,C0100,Yoga Mat,Sports,North,4,39,10,web
SO-02150,2025-11-26,C0615,Fleece,Jackets,East,4,79,0,store
SO-02151,2024-03-01,C0473,Rain Jacket,Jackets,North,2,179,0,partner
SO-02152,2024-06-29,C0436,Yoga Mat,Sports,East,3,39,15,web
SO-02153,2025-11-17,C0773,City Sneaker,Shoes,West,1,89,0,web
SO-02154,2025-10-04,C0549,Down Parka,Jackets,North,2,289,15,web
SO-02155,2025-08-04,C0401,Trail Runner,Shoes,West,5,129,10,store
SO-02156,2025-03-18,C0038,Fleece,Jackets,North,5,79,20,partner
SO-02157,2024-12-30,C0622,Down Parka,Jackets,South,3,289,0,store
SO-02158,2024-04-23,C0513,Wool Beanie,Accessories,East,2,29,5,store
SO-02159,2025-11-30,C0591,Running Shorts,Sports,North,2,35,0,web
SO-02160,2025-07-03,C0729,Training Top,Sports,North,2,42,10,store
SO-02161,2025-03-06,C0059,Trail Runner,Shoes,South,4,129,5,store
SO-02162,2024-09-02,C0265,Down Parka,Jackets,North,3,289,0,web
SO-02163,2025-12-31,C0291,Rain Jacket,Jackets,South,1,179,5,web
SO-02164,2025-12-02,C0111,Winter Boot,Shoes,East,1,159,5,store
SO-02165,2025-02-03,C0415,City Sneaker,Shoes,South,3,89,0,partner
SO-02166,2024-04-30,C0483,Leather Belt,Accessories,East,2,45,10,store
SO-02167,2025-05-07,C0708,City Sneaker,Shoes,North,4,89,15,web
SO-02168,2025-12-04,C0274,City Sneaker,Shoes,West,2,89,0,web
SO-02169,2025-11-02,C0791,Winter Boot,Shoes,South,2,159,10,partner
SO-02170,2025-05-18,C0313,Yoga Mat,Sports,North,2,39,0,partner
SO-02171,2025-12-29,C0417,Backpack,Accessories,North,4,99,15,web
SO-02172,2025-07-09,C0800,Down Parka,Jackets,Central,2,289,15,web
SO-02173,2024-12-27,C0120,Rain Jacket,Jackets,East,2,179,5,store
SO-02174,2024-06-17,C0527,Running Shorts,Sports,West,2,35,0,store
SO-02175,2024-06-16,C0654,Leather Belt,Accessories,South,2,45,15,store
SO-02176,2024-08-05,C0491,Trail Runner,Shoes,Central,1,129,5,web
SO-02177,2025-12-14,C0682,Fleece,Jackets,North,1,79,0,web
SO-02178,2024-09-30,C0229,Training Top,Sports,Central,1,42,0,partner
SO-02179,2024-02-24,C0505,Training Top,Sports,North,3,42,0,store
SO-02180,2025-04-25,C0687,Trail Runner,Shoes,North,4,129,10,web
SO-02181,2024-11-21,C0231,Backpack,Accessories,East,5,99,20,store
SO-02182,2025-11-14,C0730,Down Parka,Jackets,South,4,289,0,web
SO-02183,2024-12-15,C0695,Wool Beanie,Accessories,West,3,29,5,store
SO-02184,2025-03-19,C0458,Running Shorts,Sports,North,2,35,0,web
SO-02185,2025-12-12,C0378,Training Top,Sports,South,2,42,10,store
SO-02186,2024-03-15,C0750,Training Top,Sports,North,1,42,0,web
SO-02187,2024-12-08,C0650,Down Parka,Jackets,North,3,289,10,partner
SO-02188,2024-10-07,C0792,Running Shorts,Sports,Central,2,35,0,web
SO-02189,2025-08-04,C0103,Wool Beanie,Accessories,North,1,29,0,store
SO-02190,2024-05-24,C0410,Yoga Mat,Sports,East,1,39,0,store
SO-02191,2024-02-26,C0741,Training Top,Sports,East,1,42,0,store
SO-02192,2024-02-13,C0210,Training Top,Sports,South,1,42,10,web
SO-02193,2024-08-28,C0118,Down Parka,Jackets,South,2,289,5,web
SO-02194,2024-12-09,C0361,Leather Belt,Accessories,East,1,45,0,partner
SO-02195,2024-02-16,C0786,City Sneaker,Shoes,Central,3,89,10,store
SO-02196,2025-03-14,C0633,Wool Beanie,Accessories,South,4,29,15,store
SO-02197,2025-08-19,C0782,Training Top,Sports,East,1,42,0,store
SO-02198,2025-06-21,C0048,Training Top,Sports,North,3,42,20,web
SO-02199,2025-03-28,C0649,Wool Beanie,Accessories,West,3,29,10,web
SO-02200,2024-10-11,C0613,City Sneaker,Shoes,West,2,89,0,web
SO-02201,2025-01-23,C0316,Rain Jacket,Jackets,East,2,179,0,store
SO-02202,2024-06-12,C0075,City Sneaker,Shoes,South,1,89,0,web
SO-02203,2024-10-13,C0066,Training Top,Sports,East,4,42,30,web
SO-02204,2024-12-05,C0671,Winter Boot,Shoes,West,5,159,15,web
SO-02205,2024-11-12,C0372,City Sneaker,Shoes,East,2,89,0,store
SO-02206,2024-08-04,C0399,Down Parka,Jackets,East,3,289,10,store
SO-02207,2025-10-22,C0623,Rain Jacket,Jackets,North,1,179,0,web
SO-02208,2024-12-05,C0790,Wool Beanie,Accessories,Central,1,29,0,web
SO-02209,2025-09-16,C0213,Backpack,Accessories,West,1,99,0,store
SO-02210,2024-03-11,C0174,City Sneaker,Shoes,East,1,89,0,web
SO-02211,2025-05-26,C0117,Fleece,Jackets,West,3,79,5,web
SO-02212,2024-07-23,C0529,Wool Beanie,Accessories,West,2,29,0,store
SO-02213,2024-02-06,C0298,Yoga Mat,Sports,Central,3,39,0,partner
SO-02214,2024-04-06,C0600,Rain Jacket,Jackets,West,2,179,0,web
SO-02215,2025-10-10,C0207,Wool Beanie,Accessories,South,2,29,10,web
SO-02216,2024-03-18,C0723,Trail Runner,Shoes,North,4,129,10,partner
SO-02217,2024-08-13,C0306,City Sneaker,Shoes,Central,1,89,0,web
SO-02218,2024-12-27,C0043,Training Top,Sports,East,4,42,0,store
SO-02219,2025-02-01,C0054,Running Shorts,Sports,East,1,35,0,web
SO-02220,2025-02-11,C0652,Backpack,Accessories,Central,1,99,0,store
SO-02221,2025-08-30,C0701,Trail Runner,Shoes,South,1,129,0,partner
SO-02222,2024-01-23,C0360,Running Shorts,Sports,North,2,35,0,store
SO-02223,2024-09-28,C0740,Trail Runner,Shoes,South,3,129,20,store
SO-02224,2024-04-15,C0371,City Sneaker,Shoes,North,2,89,0,store
SO-02225,2025-06-24,C0513,Wool Beanie,Accessories,Central,1,29,0,web
SO-02226,2025-09-29,C0104,Yoga Mat,Sports,North,3,39,5,web
SO-02227,2024-02-28,C0328,Training Top,Sports,East,2,42,0,store
SO-02228,2025-12-03,C0346,Leather Belt,Accessories,East,6,45,30,store
SO-02229,2024-02-05,C0650,Wool Beanie,Accessories,South,6,29,20,web
SO-02230,2024-10-03,C0390,Running Shorts,Sports,West,1,35,0,web
SO-02231,2025-04-21,C0778,Trail Runner,Shoes,North,1,129,0,store
SO-02232,2024-07-31,C0144,Rain Jacket,Jackets,West,4,179,20,store
SO-02233,2025-12-20,C0063,Trail Runner,Shoes,East,3,129,5,web
SO-02234,2024-06-02,C0002,Leather Belt,Accessories,Central,4,45,15,partner
SO-02235,2024-02-12,C0619,Yoga Mat,Sports,West,2,39,10,partner
SO-02236,2024-12-14,C0165,Fleece,Jackets,South,5,79,20,store
SO-02237,2024-11-04,C0103,Wool Beanie,Accessories,West,1,29,0,partner
SO-02238,2024-07-08,C0095,Backpack,Accessories,North,1,99,0,web
SO-02239,2025-10-13,C0605,Running Shorts,Sports,North,3,35,15,store
SO-02240,2024-12-14,C0731,Down Parka,Jackets,South,1,289,0,store
SO-02241,2024-11-06,C0415,Training Top,Sports,East,1,42,0,web
SO-02242,2024-07-11,C0338,Rain Jacket,Jackets,South,4,179,5,store
SO-02243,2024-10-17,C0454,Backpack,Accessories,Central,3,99,0,partner
SO-02244,2025-01-27,C0320,Running Shorts,Sports,South,3,35,5,store
SO-02245,2024-07-29,C0243,Wool Beanie,Accessories,Central,1,29,0,web
SO-02246,2024-01-21,C0764,Running Shorts,Sports,West,2,35,5,web
SO-02247,2025-11-18,C0800,Down Parka,Jackets,East,2,289,5,web
SO-02248,2024-01-04,C0561,Backpack,Accessories,West,4,99,20,partner
SO-02249,2025-05-23,C0313,Backpack,Accessories,West,2,99,10,web
SO-02250,2025-10-23,C0107,Running Shorts,Sports,East,3,35,5,partner
SO-02251,2024-09-12,C0314,Fleece,Jackets,South,5,79,30,partner
SO-02252,2024-06-22,C0146,Leather Belt,Accessories,West,1,45,0,partner
SO-02253,2025-01-12,C0500,Winter Boot,Shoes,South,5,159,20,web
SO-02254,2024-03-12,C0554,Fleece,Jackets,North,1,79,0,store
SO-02255,2024-02-01,C0321,Yoga Mat,Sports,Central,4,39,20,store
SO-02256,2024-01-22,C0384,Running Shorts,Sports,West,1,35,0,store
SO-02257,2024-12-10,C0327,Rain Jacket,Jackets,North,1,179,0,partner
SO-02258,2025-07-25,C0280,City Sneaker,Shoes,East,2,89,0,web
SO-02259,2024-04-13,C0654,Leather Belt,Accessories,Central,1,45,0,web
SO-02260,2025-05-18,C0531,Training Top,Sports,Central,5,42,5,store
SO-02261,2025-08-11,C0458,Yoga Mat,Sports,North,1,39,5,store
SO-02262,2025-08-26,C0350,Fleece,Jackets,East,1,79,0,store
SO-02263,2024-08-31,C0562,Running Shorts,Sports,Central,2,35,0,web
SO-02264,2025-09-12,C0431,Training Top,Sports,North,4,42,5,store
SO-02265,2024-11-27,C0059,Running Shorts,Sports,West,1,35,0,web
SO-02266,2025-05-18,C0637,Leather Belt,Accessories,North,3,45,20,partner
SO-02267,2024-12-15,C0548,City Sneaker,Shoes,South,3,89,0,web
SO-02268,2025-07-14,C0369,Wool Beanie,Accessories,North,1,29,0,store
SO-02269,2024-03-26,C0030,Fleece,Jackets,North,2,79,0,store
SO-02270,2025-09-05,C0210,Fleece,Jackets,West,8,79,30,web
SO-02271,2025-10-30,C0350,Running Shorts,Sports,South,4,35,20,web
SO-02272,2025-08-02,C0367,Wool Beanie,Accessories,East,2,29,5,store
SO-02273,2024-11-25,C0153,Leather Belt,Accessories,East,2,45,0,store
SO-02274,2024-03-22,C0096,Winter Boot,Shoes,South,4,159,30,store
SO-02275,2025-05-26,C0545,Running Shorts,Sports,East,5,35,15,store
SO-02276,2025-05-14,C0142,Rain Jacket,Jackets,South,3,179,0,web
SO-02277,2024-03-10,C0724,Fleece,Jackets,West,2,79,0,partner
SO-02278,2025-11-30,C0125,Rain Jacket,Jackets,East,2,179,20,web
SO-02279,2025-08-06,C0687,Rain Jacket,Jackets,North,2,179,15,store
SO-02280,2025-11-04,C0394,Down Parka,Jackets,Central,4,289,20,store
SO-02281,2024-12-24,C0727,Leather Belt,Accessories,South,3,45,5,web
SO-02282,2025-12-13,C0176,Training Top,Sports,West,4,42,15,web
SO-02283,2024-02-11,C0295,City Sneaker,Shoes,South,4,89,15,web
SO-02284,2025-12-19,C0352,Trail Runner,Shoes,West,1,129,5,store
SO-02285,2024-01-19,C0111,Winter Boot,Shoes,Central,3,159,5,store
SO-02286,2025-09-27,C0289,Trail Runner,Shoes,West,3,129,15,partner
SO-02287,2024-10-27,C0233,Running Shorts,Sports,Central,3,35,5,store
SO-02288,2024-03-16,C0192,Rain Jacket,Jackets,South,4,179,0,store
SO-02289,2025-07-11,C0361,Winter Boot,Shoes,East,2,159,15,web
SO-02290,2024-01-01,C0363,Running Shorts,Sports,West,2,35,5,store
SO-02291,2024-10-17,C0275,Running Shorts,Sports,North,3,35,0,web
SO-02292,2025-01-05,C0192,Training Top,Sports,South,4,42,15,partner
SO-02293,2024-07-02,C0492,Rain Jacket,Jackets,Central,1,179,0,web
SO-02294,2024-09-12,C0093,Fleece,Jackets,Central,3,79,10,web
SO-02295,2025-09-15,C0069,Rain Jacket,Jackets,North,2,179,0,partner
SO-02296,2025-12-22,C0367,Running Shorts,Sports,West,2,35,0,web
SO-02297,2024-08-11,C0256,Wool Beanie,Accessories,South,4,29,20,partner
SO-02298,2024-04-10,C0720,Leather Belt,Accessories,West,1,45,5,partner
SO-02299,2024-06-14,C0640,Yoga Mat,Sports,West,2,39,10,store
SO-02300,2025-12-24,C0376,Backpack,Accessories,East,3,99,0,partner
SO-02301,2025-11-22,C0474,Down Parka,Jackets,Central,2,289,5,store
SO-02302,2024-12-20,C0705,Wool Beanie,Accessories,North,5,29,15,partner
SO-02303,2024-03-19,C0793,Backpack,Accessories,North,4,99,15,store
SO-02304,2024-03-08,C0711,Rain Jacket,Jackets,Central,4,179,10,partner
SO-02305,2025-02-10,C0653,Fleece,Jackets,North,4,79,15,store
SO-02306,2025-06-23,C0779,Leather Belt,Accessories,East,2,45,10,partner
SO-02307,2024-12-09,C0150,Backpack,Accessories,North,3,99,20,store
SO-02308,2024-04-13,C0330,Rain Jacket,Jackets,East,1,179,0,web
SO-02309,2025-12-25,C0666,Rain Jacket,Jackets,North,1,179,0,store
SO-02310,2024-08-09,C0615,Fleece,Jackets,Central,1,79,0,web
SO-02311,2024-09-13,C0209,Winter Boot,Shoes,West,3,159,0,store
SO-02312,2025-12-18,C0124,Leather Belt,Accessories,North,2,45,5,web
SO-02313,2025-11-30,C0481,Training Top,Sports,West,2,42,0,partner
SO-02314,2025-09-19,C0147,Fleece,Jackets,West,4,79,5,store
SO-02315,2024-07-12,C0375,Down Parka,Jackets,North,4,289,15,partner
SO-02316,2025-12-29,C0073,Yoga Mat,Sports,West,3,39,15,partner
SO-02317,2025-01-11,C0185,Winter Boot,Shoes,Central,1,159,0,store
SO-02318,2025-12-09,C0609,Fleece,Jackets,East,1,79,0,web
SO-02319,2025-11-06,C0751,Wool Beanie,Accessories,South,3,29,0,web
SO-02320,2025-04-02,C0241,Running Shorts,Sports,East,1,35,0,web
SO-02321,2024-09-12,C0383,Fleece,Jackets,North,3,79,5,web
SO-02322,2024-11-04,C0281,Leather Belt,Accessories,West,2,45,15,web
SO-02323,2025-12-28,C0236,Running Shorts,Sports,West,2,35,0,web
SO-02324,2024-04-27,C0368,City Sneaker,Shoes,North,3,89,10,partner
SO-02325,2024-10-19,C0657,Backpack,Accessories,North,1,99,0,store
SO-02326,2025-06-29,C0195,Running Shorts,Sports,West,1,35,0,web
SO-02327,2025-11-18,C0197,Wool Beanie,Accessories,East,1,29,10,web
SO-02328,2024-05-29,C0019,Wool Beanie,Accessories,North,4,29,10,web
SO-02329,2024-05-21,C0427,Wool Beanie,Accessories,East,3,29,5,partner
SO-02330,2024-02-08,C0746,Down Parka,Jackets,West,3,289,0,partner
SO-02331,2025-01-02,C0409,Training Top,Sports,North,2,42,5,store
SO-02332,2024-07-16,C0611,Training Top,Sports,East,2,42,0,partner
SO-02333,2025-02-06,C0161,Training Top,Sports,East,1,42,0,store
SO-02334,2025-06-30,C0653,Rain Jacket,Jackets,West,3,179,0,web
SO-02335,2025-11-02,C0245,City Sneaker,Shoes,East,2,89,0,web
SO-02336,2024-01-18,C0022,Down Parka,Jackets,South,2,289,0,partner
SO-02337,2025-09-11,C0071,Leather Belt,Accessories,East,2,45,0,partner
SO-02338,2025-12-09,C0199,Backpack,Accessories,South,1,99,0,store
SO-02339,2025-01-12,C0525,Leather Belt,Accessories,East,4,45,20,web
SO-02340,2024-04-14,C0696,Training Top,Sports,West,4,42,20,web
SO-02341,2025-01-13,C0223,Running Shorts,Sports,North,3,35,5,store
SO-02342,2024-11-17,C0351,Backpack,Accessories,West,2,99,0,web
SO-02343,2025-12-26,C0062,Down Parka,Jackets,North,1,289,0,web
SO-02344,2025-08-28,C0568,Winter Boot,Shoes,West,3,159,0,partner
SO-02345,2025-12-22,C0561,Rain Jacket,Jackets,North,2,179,10,web
SO-02346,2024-12-24,C0104,Down Parka,Jackets,South,4,289,20,store
SO-02347,2024-01-14,C0681,Running Shorts,Sports,Central,2,35,0,store
SO-02348,2025-12-11,C0766,City Sneaker,Shoes,North,2,89,0,partner
SO-02349,2024-03-18,C0373,Winter Boot,Shoes,Central,2,159,5,store
SO-02350,2025-09-13,C0601,Yoga Mat,Sports,West,2,39,10,web
SO-02351,2024-04-11,C0300,Trail Runner,Shoes,Central,3,129,10,store
SO-02352,2025-02-20,C0758,Wool Beanie,Accessories,East,2,29,15,store
SO-02353,2025-10-31,C0705,Leather Belt,Accessories,East,1,45,5,store
SO-02354,2025-04-01,C0673,Yoga Mat,Sports,South,3,39,0,web
SO-02355,2024-10-11,C0097,Down Parka,Jackets,North,1,289,0,web
SO-02356,2024-05-22,C0222,Fleece,Jackets,West,3,79,5,web
SO-02357,2024-12-07,C0711,Rain Jacket,Jackets,East,4,179,15,web
SO-02358,2025-04-09,C0634,Running Shorts,Sports,West,2,35,15,web
SO-02359,2025-08-08,C0035,Fleece,Jackets,East,4,79,20,web
SO-02360,2024-01-09,C0026,Yoga Mat,Sports,West,2,39,0,web
SO-02361,2024-05-30,C0171,Wool Beanie,Accessories,West,3,29,0,store
SO-02362,2025-11-05,C0424,Running Shorts,Sports,Central,1,35,5,web
SO-02363,2024-09-29,C0653,Backpack,Accessories,Central,5,99,20,partner
SO-02364,2024-03-09,C0651,Fleece,Jackets,East,3,79,0,partner
SO-02365,2024-09-03,C0667,Yoga Mat,Sports,North,6,39,15,store
SO-02366,2025-03-10,C0507,Down Parka,Jackets,North,1,289,0,store
SO-02367,2024-08-24,C0546,Rain Jacket,Jackets,North,3,179,10,web
SO-02368,2024-11-07,C0561,Leather Belt,Accessories,East,3,45,5,partner
SO-02369,2025-04-13,C0200,Rain Jacket,Jackets,West,2,179,20,web
SO-02370,2024-11-16,C0114,Running Shorts,Sports,North,4,35,20,store
SO-02371,2025-09-17,C0245,City Sneaker,Shoes,East,2,89,0,web
SO-02372,2025-01-14,C0568,Rain Jacket,Jackets,South,1,179,0,web
SO-02373,2024-04-14,C0376,City Sneaker,Shoes,North,2,89,0,web
SO-02374,2025-01-22,C0373,Running Shorts,Sports,East,1,35,5,web
SO-02375,2025-09-16,C0060,Down Parka,Jackets,West,1,289,0,web
SO-02376,2024-06-13,C0296,City Sneaker,Shoes,North,2,89,10,store
SO-02377,2025-03-05,C0652,Running Shorts,Sports,North,3,35,20,partner
SO-02378,2025-06-10,C0553,City Sneaker,Shoes,North,5,89,10,web
SO-02379,2024-11-05,C0297,Running Shorts,Sports,East,4,35,5,web
SO-02380,2025-04-02,C0083,Wool Beanie,Accessories,South,1,29,0,web
SO-02381,2025-09-29,C0600,Leather Belt,Accessories,East,1,45,0,web
SO-02382,2025-11-04,C0317,Running Shorts,Sports,North,4,35,15,partner
SO-02383,2025-09-10,C0680,Running Shorts,Sports,East,2,35,15,web
SO-02384,2025-10-31,C0063,Training Top,Sports,Central,3,42,0,store
SO-02385,2024-11-03,C0132,City Sneaker,Shoes,North,4,89,0,partner
SO-02386,2024-05-02,C0628,Wool Beanie,Accessories,North,1,29,0,web
SO-02387,2025-07-31,C0151,Yoga Mat,Sports,North,1,39,0,partner
SO-02388,2025-06-11,C0493,Winter Boot,Shoes,East,3,159,15,store
SO-02389,2025-11-16,C0301,Trail Runner,Shoes,South,3,129,5,partner
SO-02390,2024-03-25,C0269,City Sneaker,Shoes,North,2,89,5,web
SO-02391,2025-07-27,C0749,Rain Jacket,Jackets,Central,2,179,0,web
SO-02392,2025-07-06,C0131,Leather Belt,Accessories,Central,5,45,20,web
SO-02393,2024-02-20,C0754,Down Parka,Jackets,Central,5,289,10,partner
SO-02394,2024-06-25,C0785,Rain Jacket,Jackets,West,5,179,30,store
SO-02395,2025-05-29,C0215,Down Parka,Jackets,South,4,289,10,web
SO-02396,2025-09-09,C0602,Down Parka,Jackets,North,6,289,30,store
SO-02397,2024-09-01,C0009,City Sneaker,Shoes,East,1,89,5,store
SO-02398,2025-03-25,C0726,Backpack,Accessories,Central,1,99,0,web
SO-02399,2024-06-18,C0436,Fleece,Jackets,West,5,79,20,store
SO-02400,2025-04-26,C0029,Winter Boot,Shoes,Central,1,159,15,web
SO-02401,2025-11-13,C0443,Trail Runner,Shoes,East,1,129,0,partner
SO-02402,2024-04-28,C0008,Wool Beanie,Accessories,East,4,29,15,web
SO-02403,2024-12-22,C0443,Leather Belt,Accessories,West,3,45,0,web
SO-02404,2024-06-04,C0621,Rain Jacket,Jackets,West,2,179,5,store
SO-02405,2024-04-04,C0626,Backpack,Accessories,East,4,99,20,store
SO-02406,2025-06-20,C0136,Winter Boot,Shoes,West,4,159,10,partner
SO-02407,2025-03-07,C0450,Winter Boot,Shoes,East,1,159,5,store
SO-02408,2024-08-27,C0769,Down Parka,Jackets,North,1,289,0,store
SO-02409,2025-10-02,C0324,Training Top,Sports,North,4,42,15,web
SO-02410,2025-03-11,C0497,Running Shorts,Sports,East,2,35,0,web
SO-02411,2024-05-05,C0146,Backpack,Accessories,East,6,99,20,web
SO-02412,2025-10-03,C0479,Wool Beanie,Accessories,North,2,29,0,web
SO-02413,2024-12-14,C0727,Leather Belt,Accessories,East,1,45,0,web
SO-02414,2024-10-03,C0384,Yoga Mat,Sports,South,8,39,30,partner
SO-02415,2024-12-25,C0370,Running Shorts,Sports,North,1,35,0,store
SO-02416,2024-12-25,C0529,Rain Jacket,Jackets,North,5,179,20,store
SO-02417,2025-12-09,C0270,Running Shorts,Sports,West,2,35,10,store
SO-02418,2024-06-30,C0243,Wool Beanie,Accessories,North,1,29,0,store
SO-02419,2025-04-10,C0625,City Sneaker,Shoes,West,5,89,20,web
SO-02420,2024-10-14,C0258,City Sneaker,Shoes,West,2,89,0,store
SO-02421,2025-06-14,C0593,Running Shorts,Sports,East,1,35,0,store
SO-02422,2025-07-19,C0677,City Sneaker,Shoes,Central,2,89,15,web
SO-02423,2025-07-28,C0349,Yoga Mat,Sports,North,1,39,0,store
SO-02424,2025-08-11,C0150,Winter Boot,Shoes,South,4,159,15,web
SO-02425,2024-07-19,C0397,Training Top,Sports,North,1,42,5,partner
SO-02426,2025-02-15,C0256,Yoga Mat,Sports,South,1,39,0,store
SO-02427,2024-12-09,C0103,Running Shorts,Sports,West,3,35,0,store
SO-02428,2024-11-06,C0794,City Sneaker,Shoes,East,3,89,10,web
SO-02429,2025-10-21,C0769,Winter Boot,Shoes,Central,1,159,0,web
SO-02430,2024-06-22,C0317,Leather Belt,Accessories,East,2,45,5,store
SO-02431,2025-12-28,C0086,Wool Beanie,Accessories,South,1,29,5,store
SO-02432,2025-04-09,C0422,Yoga Mat,Sports,North,4,39,0,web
SO-02433,2024-06-13,C0145,Wool Beanie,Accessories,North,3,29,10,store
SO-02434,2024-12-25,C0462,Running Shorts,Sports,Central,5,35,15,web
SO-02435,2024-11-12,C0710,Training Top,Sports,East,3,42,5,web
SO-02436,2025-10-01,C0500,Training Top,Sports,Central,1,42,0,partner
SO-02437,2024-05-10,C0756,Training Top,Sports,North,2,42,0,store
SO-02438,2024-12-17,C0395,Rain Jacket,Jackets,North,3,179,10,store
SO-02439,2024-01-01,C0586,Leather Belt,Accessories,West,2,45,0,store
SO-02440,2024-12-17,C0611,Down Parka,Jackets,North,3,289,15,partner
SO-02441,2024-06-23,C0510,City Sneaker,Shoes,West,2,89,15,partner
SO-02442,2024-12-04,C0028,Backpack,Accessories,Central,2,99,10,web
SO-02443,2025-11-08,C0155,Yoga Mat,Sports,West,5,39,20,partner
SO-02444,2024-11-29,C0413,Wool Beanie,Accessories,West,2,29,5,partner
SO-02445,2025-01-30,C0539,Wool Beanie,Accessories,North,1,29,0,partner
SO-02446,2024-07-21,C0635,Running Shorts,Sports,South,2,35,5,partner
SO-02447,2024-11-23,C0517,Training Top,Sports,North,2,42,5,web
SO-02448,2024-02-23,C0424,Wool Beanie,Accessories,North,4,29,30,store
SO-02449,2024-10-20,C0148,Fleece,Jackets,South,1,79,10,store
SO-02450,2024-04-17,C0723,Rain Jacket,Jackets,East,4,179,30,partner
SO-02451,2024-04-02,C0304,Running Shorts,Sports,East,3,35,10,store
SO-02452,2024-10-21,C0105,Wool Beanie,Accessories,North,3,29,15,store
SO-02453,2024-03-09,C0258,Yoga Mat,Sports,East,5,39,30,store
SO-02454,2025-04-27,C0603,City Sneaker,Shoes,East,3,89,5,store
SO-02455,2024-09-01,C0226,Fleece,Jackets,South,4,79,10,web
SO-02456,2024-03-21,C0794,Rain Jacket,Jackets,South,2,179,10,partner
SO-02457,2025-12-13,C0406,Backpack,Accessories,West,1,99,0,partner
SO-02458,2025-06-04,C0691,Leather Belt,Accessories,West,2,45,0,web
SO-02459,2024-12-26,C0562,Wool Beanie,Accessories,South,4,29,15,web
SO-02460,2025-05-03,C0440,Rain Jacket,Jackets,West,3,179,10,web
SO-02461,2025-05-22,C0540,Leather Belt,Accessories,West,1,45,10,partner
SO-02462,2024-07-08,C0541,Down Parka,Jackets,Central,3,289,10,web
SO-02463,2025-06-20,C0526,City Sneaker,Shoes,East,1,89,5,web
SO-02464,2024-04-18,C0018,Down Parka,Jackets,East,4,289,5,store
SO-02465,2025-04-16,C0601,Wool Beanie,Accessories,West,3,29,0,web
SO-02466,2024-04-05,C0584,Running Shorts,Sports,Central,1,35,0,web
SO-02467,2025-05-29,C0481,Leather Belt,Accessories,South,3,45,10,web
SO-02468,2025-12-31,C0043,Wool Beanie,Accessories,West,2,29,0,partner
SO-02469,2024-09-20,C0319,Leather Belt,Accessories,East,5,45,20,web
SO-02470,2024-06-07,C0741,Down Parka,Jackets,North,3,289,0,web
SO-02471,2024-03-25,C0433,Trail Runner,Shoes,South,2,129,0,store
SO-02472,2024-11-24,C0067,Fleece,Jackets,South,1,79,0,store
SO-02473,2025-10-04,C0652,Backpack,Accessories,North,2,99,15,store
SO-02474,2025-07-15,C0752,Leather Belt,Accessories,South,6,45,15,store
SO-02475,2024-08-25,C0545,Yoga Mat,Sports,North,4,39,30,store
SO-02476,2025-03-08,C0261,City Sneaker,Shoes,North,4,89,15,partner
SO-02477,2025-12-16,C0315,Yoga Mat,Sports,South,4,39,0,partner
SO-02478,2024-05-04,C0367,Training Top,Sports,North,2,42,0,store
SO-02479,2024-06-22,C0557,Fleece,Jackets,South,3,79,20,store
SO-02480,2025-03-07,C0635,Winter Boot,Shoes,West,3,159,0,store
SO-02481,2024-01-05,C0667,Fleece,Jackets,East,2,79,10,partner
SO-02482,2025-09-28,C0146,Training Top,Sports,North,3,42,0,store
SO-02483,2025-12-07,C0345,Winter Boot,Shoes,Central,2,159,0,web
SO-02484,2024-10-31,C0433,Training Top,Sports,West,2,42,10,web
SO-02485,2025-09-01,C0698,Running Shorts,Sports,West,2,35,5,web
SO-02486,2025-12-14,C0518,Trail Runner,Shoes,Central,3,129,5,web
SO-02487,2025-02-07,C0243,Wool Beanie,Accessories,South,1,29,0,store
SO-02488,2024-06-21,C0563,Wool Beanie,Accessories,Central,1,29,0,web
SO-02489,2025-10-07,C0714,Yoga Mat,Sports,South,3,39,15,web
SO-02490,2025-04-04,C0647,Winter Boot,Shoes,East,2,159,0,web
SO-02491,2025-07-19,C0002,Wool Beanie,Accessories,East,7,29,30,store
SO-02492,2025-09-29,C0601,Yoga Mat,Sports,South,2,39,10,web
SO-02493,2024-07-15,C0028,Trail Runner,Shoes,East,2,129,10,partner
SO-02494,2025-03-11,C0680,Trail Runner,Shoes,South,2,129,0,store
SO-02495,2025-09-19,C0174,Leather Belt,Accessories,West,3,45,15,store
SO-02496,2024-07-20,C0336,Winter Boot,Shoes,North,1,159,0,web
SO-02497,2024-12-24,C0562,Training Top,Sports,East,4,42,20,store
SO-02498,2024-12-16,C0374,Training Top,Sports,North,3,42,0,store
SO-02499,2025-04-26,C0309,Wool Beanie,Accessories,West,3,29,5,store
SO-02500,2025-05-19,C0665,Leather Belt,Accessories,South,2,45,0,web
SO-02501,2024-12-17,C0183,Training Top,Sports,South,2,42,0,web
SO-02502,2025-06-23,C0168,Backpack,Accessories,North,2,99,0,web
SO-02503,2025-11-21,C0676,Fleece,Jackets,North,1,79,0,store
SO-02504,2024-02-07,C0277,Yoga Mat,Sports,East,1,39,0,store
SO-02505,2025-06-12,C0177,Running Shorts,Sports,East,3,35,0,store
SO-02506,2024-11-02,C0777,Yoga Mat,Sports,East,2,39,10,web
SO-02507,2025-05-24,C0051,Fleece,Jackets,East,1,79,0,web
SO-02508,2024-03-07,C0309,Leather Belt,Accessories,Central,1,45,10,partner
SO-02509,2025-10-04,C0011,Training Top,Sports,North,3,42,10,partner
SO-02510,2024-08-01,C0522,Yoga Mat,Sports,Central,1,39,0,store
SO-02511,2024-09-22,C0704,Trail Runner,Shoes,East,3,129,0,store
SO-02512,2024-02-24,C0382,Running Shorts,Sports,East,3,35,0,store
SO-02513,2024-04-07,C0038,Winter Boot,Shoes,Central,3,159,5,partner
SO-02514,2025-05-11,C0625,Fleece,Jackets,North,5,79,15,partner
SO-02515,2024-03-10,C0296,Backpack,Accessories,Central,6,99,20,partner
SO-02516,2025-11-18,C0077,Backpack,Accessories,North,1,99,0,web
SO-02517,2025-10-17,C0244,Wool Beanie,Accessories,South,1,29,0,web
SO-02518,2025-12-19,C0747,Fleece,Jackets,West,2,79,0,store
SO-02519,2025-11-24,C0185,Trail Runner,Shoes,West,2,129,0,web
SO-02520,2025-12-29,C0072,Down Parka,Jackets,East,1,289,15,partner
SO-02521,2025-12-20,C0773,Trail Runner,Shoes,East,1,129,0,store
SO-02522,2024-12-25,C0279,Running Shorts,Sports,South,2,35,0,store
SO-02523,2024-06-03,C0642,Wool Beanie,Accessories,West,4,29,20,partner
SO-02524,2024-06-27,C0436,Training Top,Sports,East,2,42,5,store
SO-02525,2024-07-24,C0308,Training Top,Sports,North,1,42,0,store
SO-02526,2024-03-04,C0710,City Sneaker,Shoes,West,3,89,20,web
SO-02527,2024-05-09,C0299,Yoga Mat,Sports,North,5,39,30,store
SO-02528,2025-09-02,C0547,Yoga Mat,Sports,East,2,39,10,web
SO-02529,2025-02-13,C0290,Backpack,Accessories,North,5,99,20,partner
SO-02530,2025-06-15,C0120,City Sneaker,Shoes,East,3,89,0,web
SO-02531,2024-08-04,C0265,Backpack,Accessories,North,2,99,10,store
SO-02532,2025-08-02,C0511,Fleece,Jackets,Central,2,79,0,web
SO-02533,2025-07-08,C0419,Training Top,Sports,North,4,42,15,web
SO-02534,2024-05-23,C0630,Wool Beanie,Accessories,Central,2,29,10,store
SO-02535,2025-10-28,C0291,Leather Belt,Accessories,South,3,45,0,web
SO-02536,2024-12-15,C0553,Backpack,Accessories,East,5,99,10,partner
SO-02537,2024-01-19,C0652,Training Top,Sports,North,1,42,5,web
SO-02538,2025-03-27,C0436,Rain Jacket,Jackets,East,1,179,0,store
SO-02539,2025-11-26,C0130,Backpack,Accessories,North,2,99,5,partner
SO-02540,2024-09-15,C0434,Down Parka,Jackets,West,2,289,0,web
SO-02541,2024-05-28,C0122,Winter Boot,Shoes,West,2,159,0,partner
SO-02542,2025-07-13,C0584,Winter Boot,Shoes,North,1,159,10,store
SO-02543,2024-06-09,C0353,Rain Jacket,Jackets,North,4,179,15,partner
SO-02544,2025-10-15,C0085,Wool Beanie,Accessories,East,2,29,5,web
SO-02545,2025-01-29,C0084,Leather Belt,Accessories,West,1,45,10,web
SO-02546,2025-05-20,C0716,Fleece,Jackets,East,1,79,0,web
SO-02547,2025-12-04,C0587,Wool Beanie,Accessories,West,3,29,10,web
SO-02548,2024-04-30,C0118,Yoga Mat,Sports,East,1,39,0,web
SO-02549,2025-06-10,C0501,Down Parka,Jackets,West,5,289,20,partner
SO-02550,2024-11-18,C0036,City Sneaker,Shoes,West,2,89,0,partner
SO-02551,2024-10-14,C0316,Backpack,Accessories,West,3,99,10,partner
SO-02552,2024-08-17,C0693,Trail Runner,Shoes,South,1,129,0,web
SO-02553,2025-02-27,C0047,Winter Boot,Shoes,East,2,159,10,store
SO-02554,2024-08-14,C0237,City Sneaker,Shoes,East,2,89,0,web
SO-02555,2024-10-31,C0193,Trail Runner,Shoes,West,5,129,0,web
SO-02556,2024-12-12,C0449,Trail Runner,Shoes,South,1,129,0,web
SO-02557,2024-07-08,C0275,Rain Jacket,Jackets,East,3,179,15,partner
SO-02558,2024-09-07,C0436,Yoga Mat,Sports,Central,1,39,10,store
SO-02559,2024-04-14,C0624,Training Top,Sports,East,2,42,0,partner
SO-02560,2025-12-09,C0347,Fleece,Jackets,South,1,79,0,web
SO-02561,2024-11-15,C0134,Rain Jacket,Jackets,North,5,179,20,store
SO-02562,2024-12-17,C0007,Running Shorts,Sports,Central,6,35,15,store
SO-02563,2024-05-05,C0290,Down Parka,Jackets,West,1,289,10,store
SO-02564,2025-05-10,C0618,Down Parka,Jackets,West,1,289,5,store
SO-02565,2024-05-28,C0681,Backpack,Accessories,North,1,99,0,store
SO-02566,2025-08-02,C0575,Running Shorts,Sports,East,3,35,0,partner
SO-02567,2024-08-18,C0268,Winter Boot,Shoes,North,2,159,10,web
SO-02568,2025-11-30,C0429,Rain Jacket,Jackets,North,1,179,0,store
SO-02569,2025-11-14,C0766,Winter Boot,Shoes,North,4,159,15,web
SO-02570,2024-03-26,C0562,Rain Jacket,Jackets,East,4,179,10,partner
SO-02571,2025-05-06,C0360,Training Top,Sports,East,6,42,30,web
SO-02572,2025-11-11,C0455,Trail Runner,Shoes,East,3,129,10,web
SO-02573,2025-02-07,C0360,Trail Runner,Shoes,West,4,129,20,store
SO-02574,2025-09-30,C0084,Fleece,Jackets,East,4,79,10,store
SO-02575,2024-12-17,C0468,Training Top,Sports,South,4,42,10,partner
SO-02576,2025-03-13,C0709,Backpack,Accessories,East,3,99,5,partner
SO-02577,2025-09-16,C0297,Training Top,Sports,East,3,42,10,store
SO-02578,2024-04-27,C0362,Backpack,Accessories,Central,4,99,10,partner
SO-02579,2025-08-03,C0589,Training Top,Sports,South,1,42,10,web
SO-02580,2024-02-14,C0441,Down Parka,Jackets,North,1,289,10,store
SO-02581,2024-04-18,C0696,Running Shorts,Sports,West,5,35,10,store
SO-02582,2024-01-27,C0205,City Sneaker,Shoes,West,1,89,10,partner
SO-02583,2025-12-15,C0056,Training Top,Sports,South,1,42,0,web
SO-02584,2024-01-25,C0781,Rain Jacket,Jackets,North,1,179,0,web
SO-02585,2025-08-08,C0064,Wool Beanie,Accessories,North,1,29,5,store
SO-02586,2024-02-27,C0735,Trail Runner,Shoes,East,3,129,10,web
SO-02587,2025-08-05,C0031,City Sneaker,Shoes,East,4,89,20,web
SO-02588,2025-02-17,C0325,Down Parka,Jackets,West,2,289,5,store
SO-02589,2024-03-19,C0728,Wool Beanie,Accessories,East,1,29,10,web
SO-02590,2025-12-25,C0083,Down Parka,Jackets,East,2,289,0,web
SO-02591,2025-12-06,C0561,Leather Belt,Accessories,West,1,45,0,web
SO-02592,2024-06-26,C0429,Leather Belt,Accessories,West,4,45,20,store
SO-02593,2025-12-13,C0590,Wool Beanie,Accessories,Central,3,29,0,web
SO-02594,2025-11-19,C0048,Rain Jacket,Jackets,South,2,179,0,web
SO-02595,2025-01-03,C0370,Down Parka,Jackets,North,1,289,0,store
SO-02596,2024-04-16,C0611,Running Shorts,Sports,East,2,35,15,store
SO-02597,2025-10-08,C0523,Backpack,Accessories,North,5,99,15,web
SO-02598,2025-11-22,C0702,Wool Beanie,Accessories,North,2,29,0,web
SO-02599,2025-10-27,C0526,Rain Jacket,Jackets,East,3,179,20,web
SO-02600,2024-04-27,C0157,Rain Jacket,Jackets,West,2,179,0,web
SO-02601,2024-03-30,C0488,Wool Beanie,Accessories,West,1,29,0,store
SO-02602,2025-05-09,C0043,Fleece,Jackets,North,3,79,0,store
SO-02603,2025-12-22,C0274,Winter Boot,Shoes,North,3,159,10,web
SO-02604,2024-02-27,C0010,Fleece,Jackets,West,1,79,0,web
SO-02605,2024-04-30,C0230,City Sneaker,Shoes,North,3,89,10,web
SO-02606,2025-10-25,C0657,Winter Boot,Shoes,West,1,159,5,store
SO-02607,2025-10-11,C0674,Backpack,Accessories,North,5,99,15,web
SO-02608,2025-09-04,C0624,Running Shorts,Sports,East,3,35,0,web
SO-02609,2025-04-06,C0786,Winter Boot,Shoes,North,4,159,5,store
SO-02610,2024-02-25,C0536,Leather Belt,Accessories,West,1,45,0,partner
SO-02611,2024-01-04,C0636,Training Top,Sports,North,3,42,0,store
SO-02612,2024-11-11,C0725,Fleece,Jackets,West,3,79,15,web
SO-02613,2025-12-03,C0369,Wool Beanie,Accessories,North,1,29,0,store
SO-02614,2025-12-28,C0204,Yoga Mat,Sports,South,2,39,0,store
SO-02615,2025-04-13,C0526,Training Top,Sports,North,1,42,0,web
SO-02616,2025-05-22,C0457,City Sneaker,Shoes,South,1,89,0,web
SO-02617,2025-12-19,C0580,Training Top,Sports,East,3,42,10,store
SO-02618,2024-10-07,C0536,Rain Jacket,Jackets,North,5,179,15,store
SO-02619,2024-12-17,C0160,Yoga Mat,Sports,Central,2,39,15,store
SO-02620,2024-11-04,C0246,City Sneaker,Shoes,Central,4,89,20,store
SO-02621,2024-11-05,C0790,Running Shorts,Sports,Central,2,35,10,store
SO-02622,2024-05-22,C0781,Down Parka,Jackets,Central,2,289,0,web
SO-02623,2025-01-25,C0517,Wool Beanie,Accessories,Central,3,29,5,partner
SO-02624,2024-12-15,C0650,City Sneaker,Shoes,North,1,89,0,web
SO-02625,2025-01-21,C0251,Wool Beanie,Accessories,South,5,29,20,store
SO-02626,2024-12-11,C0437,Rain Jacket,Jackets,North,2,179,10,store
SO-02627,2025-11-16,C0797,Wool Beanie,Accessories,North,3,29,20,web
SO-02628,2025-12-21,C0271,Backpack,Accessories,East,6,99,20,partner
SO-02629,2025-12-03,C0682,City Sneaker,Shoes,South,2,89,10,web
SO-02630,2025-11-06,C0775,Training Top,Sports,West,1,42,5,web
SO-02631,2025-01-02,C0799,Trail Runner,Shoes,East,2,129,0,store
SO-02632,2025-10-17,C0634,Down Parka,Jackets,West,5,289,20,web
SO-02633,2025-11-29,C0274,Running Shorts,Sports,North,2,35,5,store
SO-02634,2024-04-17,C0341,Running Shorts,Sports,East,1,35,0,store
SO-02635,2024-09-21,C0308,Winter Boot,Shoes,North,2,159,0,store
SO-02636,2025-01-21,C0691,Leather Belt,Accessories,North,2,45,0,store
SO-02637,2024-11-03,C0725,Trail Runner,Shoes,West,3,129,0,store
SO-02638,2025-06-08,C0317,Leather Belt,Accessories,North,2,45,0,store
SO-02639,2025-12-30,C0197,City Sneaker,Shoes,West,3,89,5,store
SO-02640,2025-07-21,C0098,City Sneaker,Shoes,South,3,89,0,store
SO-02641,2024-09-28,C0193,Wool Beanie,Accessories,South,1,29,0,store
SO-02642,2024-04-07,C0235,Winter Boot,Shoes,Central,1,159,0,web
SO-02643,2024-05-20,C0175,Trail Runner,Shoes,West,1,129,0,web
SO-02644,2025-01-18,C0719,Backpack,Accessories,East,4,99,15,store
SO-02645,2025-01-10,C0228,Training Top,Sports,East,3,42,5,web
SO-02646,2024-07-22,C0401,Backpack,Accessories,North,2,99,0,web
SO-02647,2024-10-13,C0008,City Sneaker,Shoes,South,1,89,0,store
SO-02648,2024-09-17,C0158,Rain Jacket,Jackets,South,2,179,0,store
SO-02649,2025-04-01,C0152,Backpack,Accessories,Central,3,99,0,partner
SO-02650,2024-12-27,C0360,Winter Boot,Shoes,North,2,159,0,web
SO-02651,2024-12-21,C0024,Rain Jacket,Jackets,North,2,179,0,web
SO-02652,2025-11-30,C0617,Fleece,Jackets,North,5,79,15,store
SO-02653,2025-05-17,C0614,Down Parka,Jackets,West,3,289,10,web
SO-02654,2025-12-17,C0130,Yoga Mat,Sports,Central,4,39,10,store
SO-02655,2024-10-15,C0351,Wool Beanie,Accessories,West,4,29,15,web
SO-02656,2025-03-05,C0263,Yoga Mat,Sports,West,1,39,0,web
SO-02657,2025-02-06,C0213,Training Top,Sports,West,2,42,0,store
SO-02658,2024-04-25,C0424,Running Shorts,Sports,West,1,35,5,partner
SO-02659,2025-08-26,C0700,Trail Runner,Shoes,West,3,129,10,web
SO-02660,2025-11-03,C0677,Yoga Mat,Sports,East,2,39,0,partner
SO-02661,2025-05-28,C0711,Rain Jacket,Jackets,West,2,179,0,store
SO-02662,2024-10-10,C0012,Down Parka,Jackets,Central,1,289,0,web
SO-02663,2025-08-31,C0729,Running Shorts,Sports,West,3,35,10,store
SO-02664,2024-06-25,C0668,Running Shorts,Sports,South,1,35,0,web
SO-02665,2024-10-18,C0536,City Sneaker,Shoes,South,1,89,5,web
SO-02666,2025-07-28,C0560,Running Shorts,Sports,Central,2,35,10,store
SO-02667,2025-01-31,C0546,Training Top,Sports,Central,5,42,20,store
SO-02668,2025-12-20,C0696,Running Shorts,Sports,North,6,35,20,store
SO-02669,2025-10-28,C0689,Yoga Mat,Sports,Central,1,39,0,web
SO-02670,2024-03-24,C0659,Wool Beanie,Accessories,West,1,29,20,store
SO-02671,2024-12-16,C0404,Fleece,Jackets,South,3,79,0,web
SO-02672,2025-02-03,C0078,City Sneaker,Shoes,West,1,89,0,store
SO-02673,2024-11-20,C0043,Down Parka,Jackets,East,4,289,20,partner
SO-02674,2025-10-27,C0147,Training Top,Sports,North,1,42,5,web
SO-02675,2024-12-22,C0493,Down Parka,Jackets,North,4,289,30,store
SO-02676,2024-05-09,C0267,Backpack,Accessories,East,3,99,10,web
SO-02677,2025-07-29,C0058,Winter Boot,Shoes,East,4,159,15,store
SO-02678,2025-12-23,C0689,Backpack,Accessories,West,2,99,10,partner
SO-02679,2025-03-18,C0700,Training Top,Sports,South,1,42,0,partner
SO-02680,2024-12-29,C0669,Running Shorts,Sports,West,3,35,20,store
SO-02681,2024-11-16,C0162,Winter Boot,Shoes,South,1,159,0,store
SO-02682,2025-02-02,C0333,Backpack,Accessories,Central,1,99,0,store
SO-02683,2025-11-07,C0349,Leather Belt,Accessories,East,4,45,20,web
SO-02684,2024-12-04,C0724,Winter Boot,Shoes,East,4,159,5,web
SO-02685,2024-08-15,C0218,Down Parka,Jackets,South,5,289,15,store
SO-02686,2025-10-25,C0072,Yoga Mat,Sports,North,1,39,15,store
SO-02687,2025-07-07,C0025,Down Parka,Jackets,South,3,289,20,store
SO-02688,2025-09-28,C0760,Running Shorts,Sports,West,6,35,30,web
SO-02689,2024-08-06,C0013,Leather Belt,Accessories,North,1,45,5,web
SO-02690,2025-02-18,C0719,Leather Belt,Accessories,North,4,45,15,store
SO-02691,2024-06-13,C0192,City Sneaker,Shoes,North,1,89,0,store
SO-02692,2025-10-22,C0304,Backpack,Accessories,Central,3,99,15,partner
SO-02693,2024-09-30,C0765,Training Top,Sports,West,3,42,20,web
SO-02694,2024-06-18,C0128,Winter Boot,Shoes,North,2,159,5,store
SO-02695,2024-12-25,C0031,Training Top,Sports,North,2,42,0,web
SO-02696,2025-03-13,C0422,Backpack,Accessories,North,1,99,10,store
SO-02697,2025-12-07,C0170,Backpack,Accessories,East,4,99,20,web
SO-02698,2025-01-10,C0522,Trail Runner,Shoes,North,4,129,15,web
SO-02699,2024-09-15,C0166,Winter Boot,Shoes,East,1,159,10,store
SO-02700,2025-11-09,C0744,Yoga Mat,Sports,West,2,39,5,web
SO-02701,2024-07-31,C0586,Trail Runner,Shoes,Central,1,129,0,web
SO-02702,2025-09-22,C0217,Wool Beanie,Accessories,North,2,29,0,partner
SO-02703,2024-11-11,C0168,Training Top,Sports,East,1,42,10,store
SO-02704,2024-06-29,C0547,Rain Jacket,Jackets,North,4,179,10,store
SO-02705,2024-12-31,C0214,Trail Runner,Shoes,North,1,129,0,partner
SO-02706,2025-09-21,C0229,Down Parka,Jackets,West,4,289,0,web
SO-02707,2024-05-03,C0535,Trail Runner,Shoes,East,2,129,10,store
SO-02708,2024-05-06,C0048,Trail Runner,Shoes,West,3,129,15,partner
SO-02709,2025-11-25,C0335,Down Parka,Jackets,East,1,289,5,store
SO-02710,2025-05-14,C0249,Leather Belt,Accessories,East,2,45,0,web
SO-02711,2024-08-03,C0686,Yoga Mat,Sports,South,4,39,30,store
SO-02712,2025-05-15,C0194,Fleece,Jackets,South,3,79,10,web
SO-02713,2025-11-20,C0089,Fleece,Jackets,North,2,79,15,store
SO-02714,2024-06-13,C0526,Leather Belt,Accessories,Central,1,45,10,store
SO-02715,2025-12-01,C0726,Rain Jacket,Jackets,North,1,179,5,web
SO-02716,2025-10-10,C0333,Fleece,Jackets,East,1,79,5,store
SO-02717,2024-03-11,C0357,Leather Belt,Accessories,North,3,45,15,partner
SO-02718,2025-03-30,C0339,Backpack,Accessories,East,1,99,0,web
SO-02719,2025-02-27,C0199,Running Shorts,Sports,North,5,35,20,store
SO-02720,2025-04-15,C0569,Yoga Mat,Sports,East,1,39,0,store
SO-02721,2025-12-16,C0604,City Sneaker,Shoes,Central,4,89,15,store
SO-02722,2024-10-27,C0745,Running Shorts,Sports,West,2,35,0,store
SO-02723,2024-10-28,C0156,Down Parka,Jackets,West,3,289,0,web
SO-02724,2025-12-02,C0447,Rain Jacket,Jackets,North,2,179,15,partner
SO-02725,2024-12-28,C0270,City Sneaker,Shoes,Central,4,89,10,web
SO-02726,2025-03-16,C0332,Training Top,Sports,North,3,42,15,partner
SO-02727,2024-02-26,C0335,Wool Beanie,Accessories,East,1,29,0,partner
SO-02728,2025-12-30,C0559,Rain Jacket,Jackets,West,1,179,0,web
SO-02729,2024-12-20,C0472,Fleece,Jackets,North,1,79,10,store
SO-02730,2024-04-07,C0654,Wool Beanie,Accessories,West,2,29,10,web
SO-02731,2024-08-23,C0725,Running Shorts,Sports,North,2,35,0,partner
SO-02732,2024-06-05,C0073,Backpack,Accessories,East,3,99,20,web
SO-02733,2024-09-25,C0169,Running Shorts,Sports,East,5,35,20,partner
SO-02734,2024-12-10,C0637,Down Parka,Jackets,East,7,289,30,store
SO-02735,2025-06-22,C0751,Backpack,Accessories,East,1,99,15,web
SO-02736,2025-05-24,C0092,Backpack,Accessories,East,1,99,0,store
SO-02737,2024-09-12,C0434,Fleece,Jackets,West,3,79,0,store
SO-02738,2024-12-28,C0524,Winter Boot,Shoes,South,1,159,10,partner
SO-02739,2025-10-18,C0478,Down Parka,Jackets,South,2,289,10,web
SO-02740,2024-09-04,C0597,Down Parka,Jackets,South,1,289,0,store
SO-02741,2025-09-03,C0502,Leather Belt,Accessories,West,4,45,20,store
SO-02742,2025-07-23,C0233,Leather Belt,Accessories,East,3,45,0,web
SO-02743,2024-05-30,C0689,Rain Jacket,Jackets,Central,3,179,0,store
SO-02744,2024-01-21,C0067,Backpack,Accessories,North,4,99,5,store
SO-02745,2025-04-15,C0726,Rain Jacket,Jackets,South,2,179,0,web
SO-02746,2024-07-20,C0572,Running Shorts,Sports,North,1,35,0,web
SO-02747,2025-07-09,C0437,Winter Boot,Shoes,West,3,159,5,partner
SO-02748,2025-10-18,C0003,Fleece,Jackets,North,1,79,5,store
SO-02749,2024-06-17,C0333,Training Top,Sports,West,2,42,0,partner
SO-02750,2025-12-24,C0400,Yoga Mat,Sports,South,3,39,15,web
SO-02751,2024-05-07,C0570,City Sneaker,Shoes,West,4,89,15,web
SO-02752,2025-11-16,C0136,Fleece,Jackets,North,2,79,5,web
SO-02753,2024-01-05,C0293,City Sneaker,Shoes,East,3,89,5,web
SO-02754,2024-06-28,C0230,Backpack,Accessories,North,1,99,0,partner
SO-02755,2025-07-24,C0459,Rain Jacket,Jackets,North,3,179,15,store
SO-02756,2024-02-08,C0518,Winter Boot,Shoes,West,1,159,0,web
SO-02757,2024-06-23,C0298,Winter Boot,Shoes,West,3,159,0,web
SO-02758,2025-08-03,C0505,Yoga Mat,Sports,East,2,39,0,web
SO-02759,2025-04-12,C0375,Backpack,Accessories,North,3,99,0,web
SO-02760,2025-12-28,C0672,Running Shorts,Sports,South,2,35,0,web
SO-02761,2024-02-27,C0351,Backpack,Accessories,West,3,99,0,web
SO-02762,2025-09-04,C0161,Yoga Mat,Sports,East,3,39,10,store
SO-02763,2024-09-21,C0417,Backpack,Accessories,South,1,99,0,store
SO-02764,2025-10-12,C0566,City Sneaker,Shoes,South,5,89,15,web
SO-02765,2024-04-27,C0525,City Sneaker,Shoes,South,1,89,0,web
SO-02766,2024-03-07,C0193,Winter Boot,Shoes,East,2,159,0,partner
SO-02767,2025-06-17,C0007,Running Shorts,Sports,East,3,35,0,web
SO-02768,2025-04-05,C0021,Rain Jacket,Jackets,Central,2,179,5,web
SO-02769,2024-07-16,C0394,Training Top,Sports,Central,1,42,0,store
SO-02770,2024-06-27,C0512,Winter Boot,Shoes,West,1,159,0,web
SO-02771,2024-05-23,C0539,Leather Belt,Accessories,East,3,45,5,partner
SO-02772,2024-04-25,C0358,Training Top,Sports,North,2,42,0,store
SO-02773,2024-05-28,C0732,Wool Beanie,Accessories,West,4,29,10,store
SO-02774,2025-04-22,C0614,Yoga Mat,Sports,East,1,39,0,store
SO-02775,2025-08-15,C0734,Backpack,Accessories,West,1,99,0,web
SO-02776,2024-07-14,C0302,Down Parka,Jackets,North,2,289,0,store
SO-02777,2024-10-17,C0049,Leather Belt,Accessories,North,2,45,5,web
SO-02778,2024-04-17,C0350,Training Top,Sports,West,2,42,10,partner
SO-02779,2024-03-03,C0206,Fleece,Jackets,South,2,79,5,web
SO-02780,2024-08-01,C0122,Wool Beanie,Accessories,North,1,29,0,store
SO-02781,2025-04-23,C0341,Backpack,Accessories,North,2,99,0,web
SO-02782,2025-04-12,C0770,Wool Beanie,Accessories,East,1,29,0,web
SO-02783,2025-12-11,C0002,Rain Jacket,Jackets,North,1,179,0,web
SO-02784,2025-01-23,C0506,Winter Boot,Shoes,North,3,159,0,web
SO-02785,2024-02-09,C0247,Trail Runner,Shoes,South,1,129,0,store
SO-02786,2025-12-22,C0520,Backpack,Accessories,West,2,99,0,web
SO-02787,2025-02-15,C0093,Backpack,Accessories,North,2,99,5,store
SO-02788,2024-06-16,C0508,Fleece,Jackets,Central,2,79,0,store
SO-02789,2024-11-03,C0337,Down Parka,Jackets,West,3,289,0,web
SO-02790,2025-12-05,C0426,Fleece,Jackets,North,3,79,0,web
SO-02791,2025-06-10,C0760,Fleece,Jackets,West,3,79,10,web
SO-02792,2025-07-02,C0267,Training Top,Sports,South,3,42,10,partner
SO-02793,2025-07-09,C0568,City Sneaker,Shoes,West,2,89,10,partner
SO-02794,2024-09-16,C0184,Winter Boot,Shoes,South,1,159,0,web
SO-02795,2024-09-07,C0672,Rain Jacket,Jackets,Central,4,179,5,web
SO-02796,2024-08-17,C0220,Rain Jacket,Jackets,West,4,179,15,store
SO-02797,2025-10-13,C0651,Running Shorts,Sports,North,3,35,5,store
SO-02798,2024-12-26,C0338,Trail Runner,Shoes,North,3,129,0,partner
SO-02799,2025-09-26,C0686,Backpack,Accessories,South,2,99,0,web
SO-02800,2024-05-12,C0180,Fleece,Jackets,South,1,79,10,store
SO-02801,2025-10-26,C0111,Trail Runner,Shoes,Central,1,129,0,store
SO-02802,2025-08-14,C0753,Leather Belt,Accessories,Central,5,45,15,store
SO-02803,2025-02-16,C0017,City Sneaker,Shoes,West,2,89,0,partner
SO-02804,2025-10-02,C0107,Down Parka,Jackets,East,2,289,10,web
SO-02805,2024-08-11,C0773,Trail Runner,Shoes,North,2,129,10,web
SO-02806,2025-12-10,C0331,Leather Belt,Accessories,Central,1,45,0,store
SO-02807,2025-08-22,C0638,City Sneaker,Shoes,West,1,89,5,store
SO-02808,2024-10-16,C0774,Trail Runner,Shoes,East,1,129,0,web
SO-02809,2025-06-23,C0408,Wool Beanie,Accessories,East,2,29,0,web
SO-02810,2025-03-22,C0609,Running Shorts,Sports,North,1,35,0,store
SO-02811,2024-12-14,C0217,Rain Jacket,Jackets,Central,4,179,10,store
SO-02812,2024-12-29,C0428,Trail Runner,Shoes,South,2,129,0,store
SO-02813,2025-09-04,C0038,Rain Jacket,Jackets,North,2,179,5,store
SO-02814,2024-06-01,C0291,Wool Beanie,Accessories,East,4,29,10,web
SO-02815,2024-12-09,C0646,Down Parka,Jackets,Central,1,289,0,partner
SO-02816,2025-03-05,C0493,Trail Runner,Shoes,South,3,129,10,web
SO-02817,2024-10-09,C0300,Fleece,Jackets,East,4,79,0,store
SO-02818,2025-04-14,C0223,Yoga Mat,Sports,North,2,39,5,partner
SO-02819,2024-07-08,C0289,Yoga Mat,Sports,North,2,39,5,store
SO-02820,2025-12-25,C0217,Backpack,Accessories,West,2,99,5,store
SO-02821,2024-03-04,C0688,Wool Beanie,Accessories,South,1,29,0,web
SO-02822,2025-10-14,C0148,Training Top,Sports,West,1,42,0,web
SO-02823,2025-04-28,C0570,Down Parka,Jackets,North,3,289,10,web
SO-02824,2024-09-22,C0439,Fleece,Jackets,North,2,79,10,web
SO-02825,2024-03-09,C0259,Backpack,Accessories,Central,1,99,0,store
SO-02826,2024-08-27,C0006,Rain Jacket,Jackets,North,4,179,15,store
SO-02827,2024-09-15,C0721,Trail Runner,Shoes,West,5,129,20,web
SO-02828,2024-08-19,C0498,Yoga Mat,Sports,East,1,39,0,store
SO-02829,2025-12-09,C0427,Leather Belt,Accessories,West,3,45,5,store
SO-02830,2025-10-30,C0533,Leather Belt,Accessories,South,1,45,0,store
SO-02831,2024-05-21,C0520,Rain Jacket,Jackets,Central,3,179,10,store
SO-02832,2025-12-19,C0357,Trail Runner,Shoes,West,4,129,30,store
SO-02833,2024-04-14,C0204,Training Top,Sports,West,4,42,15,partner
SO-02834,2024-06-02,C0164,Backpack,Accessories,Central,4,99,10,partner
SO-02835,2024-04-07,C0282,Fleece,Jackets,South,1,79,5,partner
SO-02836,2024-03-05,C0478,Fleece,Jackets,East,4,79,0,web
SO-02837,2024-09-19,C0639,Leather Belt,Accessories,Central,1,45,0,store
SO-02838,2025-07-29,C0224,Leather Belt,Accessories,East,2,45,5,web
SO-02839,2024-06-13,C0728,Leather Belt,Accessories,North,2,45,0,store
SO-02840,2025-04-25,C0210,Yoga Mat,Sports,West,7,39,20,web
SO-02841,2025-04-11,C0367,Training Top,Sports,North,2,42,5,store
SO-02842,2024-06-30,C0735,Leather Belt,Accessories,West,1,45,5,partner
SO-02843,2025-10-17,C0611,City Sneaker,Shoes,Central,4,89,30,web
SO-02844,2024-09-08,C0488,Backpack,Accessories,North,1,99,0,store
SO-02845,2025-02-22,C0359,Yoga Mat,Sports,North,2,39,0,web
SO-02846,2024-05-08,C0237,City Sneaker,Shoes,East,1,89,0,partner
SO-02847,2025-05-06,C0434,Rain Jacket,Jackets,North,2,179,0,partner
SO-02848,2024-04-08,C0105,Yoga Mat,Sports,South,2,39,5,partner
SO-02849,2025-09-16,C0415,Backpack,Accessories,North,2,99,5,partner
SO-02850,2024-07-31,C0735,Leather Belt,Accessories,South,4,45,30,store
SO-02851,2024-12-24,C0791,Running Shorts,Sports,South,1,35,5,partner
SO-02852,2025-05-20,C0339,Training Top,Sports,South,2,42,5,web
SO-02853,2024-09-18,C0178,Yoga Mat,Sports,East,4,39,20,store
SO-02854,2025-12-22,C0367,Winter Boot,Shoes,South,3,159,10,web
SO-02855,2025-01-08,C0233,Running Shorts,Sports,East,1,35,0,partner
SO-02856,2025-12-06,C0027,Winter Boot,Shoes,North,1,159,5,web
SO-02857,2024-01-18,C0630,Wool Beanie,Accessories,East,2,29,0,web
SO-02858,2025-06-06,C0686,Yoga Mat,Sports,North,2,39,5,web
SO-02859,2025-09-05,C0503,Leather Belt,Accessories,North,1,45,0,web
SO-02860,2024-12-28,C0311,Down Parka,Jackets,South,6,289,30,web
SO-02861,2025-12-02,C0414,Backpack,Accessories,North,3,99,0,web
SO-02862,2025-01-14,C0173,Leather Belt,Accessories,West,2,45,5,store
SO-02863,2024-12-13,C0175,Leather Belt,Accessories,South,5,45,15,store
SO-02864,2025-09-10,C0644,Down Parka,Jackets,East,3,289,10,store
SO-02865,2025-08-04,C0128,Wool Beanie,Accessories,East,4,29,30,store
SO-02866,2024-11-13,C0145,Training Top,Sports,North,3,42,15,web
SO-02867,2025-10-20,C0582,Running Shorts,Sports,East,5,35,10,store
SO-02868,2025-07-18,C0217,Winter Boot,Shoes,East,2,159,0,web
SO-02869,2024-03-23,C0464,Leather Belt,Accessories,Central,1,45,0,web
SO-02870,2025-03-28,C0143,Wool Beanie,Accessories,West,7,29,30,web
SO-02871,2025-03-10,C0789,Training Top,Sports,Central,3,42,20,store
SO-02872,2025-12-11,C0211,Leather Belt,Accessories,North,2,45,10,web
SO-02873,2025-12-17,C0777,Down Parka,Jackets,North,1,289,0,store
SO-02874,2025-12-13,C0597,Down Parka,Jackets,East,1,289,0,web
SO-02875,2024-11-01,C0014,Fleece,Jackets,South,1,79,15,web
SO-02876,2024-10-11,C0095,Running Shorts,Sports,Central,2,35,10,store
SO-02877,2024-07-13,C0694,Winter Boot,Shoes,Central,2,159,0,partner
SO-02878,2025-07-28,C0187,Winter Boot,Shoes,North,5,159,20,partner
SO-02879,2024-07-30,C0064,Down Parka,Jackets,North,3,289,5,partner
SO-02880,2024-01-18,C0718,Training Top,Sports,West,2,42,5,store
SO-02881,2024-06-29,C0464,Training Top,Sports,South,3,42,5,web
SO-02882,2025-09-10,C0498,City Sneaker,Shoes,West,5,89,0,web
SO-02883,2025-05-09,C0561,Trail Runner,Shoes,West,4,129,15,partner
SO-02884,2024-12-10,C0198,Rain Jacket,Jackets,North,2,179,5,web
SO-02885,2025-12-16,C0763,City Sneaker,Shoes,West,1,89,10,web
SO-02886,2024-12-18,C0634,Leather Belt,Accessories,North,1,45,0,web
SO-02887,2024-06-01,C0486,Down Parka,Jackets,South,2,289,0,web
SO-02888,2025-02-17,C0789,Trail Runner,Shoes,Central,6,129,10,web
SO-02889,2024-09-05,C0521,Backpack,Accessories,Central,4,99,15,web
SO-02890,2024-02-29,C0623,Down Parka,Jackets,South,1,289,5,store
SO-02891,2025-02-22,C0390,Backpack,Accessories,North,1,99,0,partner
SO-02892,2025-08-11,C0749,City Sneaker,Shoes,North,1,89,0,store
SO-02893,2024-08-25,C0661,Backpack,Accessories,East,5,99,15,web
SO-02894,2024-05-28,C0778,Winter Boot,Shoes,West,1,159,0,store
SO-02895,2025-10-01,C0648,Leather Belt,Accessories,Central,4,45,0,web
SO-02896,2024-12-05,C0168,City Sneaker,Shoes,East,3,89,20,web
SO-02897,2024-07-21,C0485,Rain Jacket,Jackets,East,2,179,0,store
SO-02898,2025-04-30,C0032,City Sneaker,Shoes,South,2,89,10,store
SO-02899,2025-01-12,C0485,Fleece,Jackets,South,5,79,30,partner
SO-02900,2024-12-01,C0579,Yoga Mat,Sports,Central,4,39,0,web
SO-02901,2025-08-08,C0443,Leather Belt,Accessories,West,3,45,5,web
SO-02902,2024-12-28,C0548,Leather Belt,Accessories,Central,2,45,0,web
SO-02903,2024-02-08,C0621,Winter Boot,Shoes,North,3,159,10,partner
SO-02904,2024-05-27,C0125,Rain Jacket,Jackets,Central,1,179,5,store
SO-02905,2025-09-05,C0129,Down Parka,Jackets,East,2,289,10,web
SO-02906,2025-01-24,C0581,Running Shorts,Sports,West,1,35,0,store
SO-02907,2025-10-13,C0045,Rain Jacket,Jackets,South,4,179,10,web
SO-02908,2024-01-23,C0242,Training Top,Sports,North,1,42,15,partner
SO-02909,2025-06-01,C0566,Trail Runner,Shoes,East,2,129,0,web
SO-02910,2025-05-26,C0202,Trail Runner,Shoes,East,3,129,20,store
SO-02911,2024-10-16,C0600,Training Top,Sports,North,4,42,30,store
SO-02912,2024-03-16,C0398,Backpack,Accessories,South,3,99,10,partner
SO-02913,2024-08-31,C0443,Winter Boot,Shoes,North,4,159,0,partner
SO-02914,2024-05-28,C0526,Winter Boot,Shoes,North,2,159,10,partner
SO-02915,2024-03-18,C0410,Rain Jacket,Jackets,South,1,179,0,partner
SO-02916,2025-12-13,C0520,Yoga Mat,Sports,East,2,39,0,web
SO-02917,2025-06-12,C0545,Winter Boot,Shoes,South,2,159,0,web
SO-02918,2025-01-02,C0697,Down Parka,Jackets,Central,1,289,0,web
SO-02919,2025-10-23,C0404,Yoga Mat,Sports,South,4,39,15,web
SO-02920,2025-03-19,C0220,Training Top,Sports,North,1,42,0,store
SO-02921,2024-02-18,C0468,Backpack,Accessories,East,2,99,0,partner
SO-02922,2025-01-27,C0464,Backpack,Accessories,South,2,99,0,web
SO-02923,2024-12-30,C0611,Winter Boot,Shoes,South,1,159,0,store
SO-02924,2024-09-22,C0517,Rain Jacket,Jackets,Central,2,179,15,store
SO-02925,2024-11-14,C0636,Rain Jacket,Jackets,North,1,179,0,web
SO-02926,2025-06-08,C0626,City Sneaker,Shoes,North,3,89,5,store
SO-02927,2025-07-14,C0658,Yoga Mat,Sports,North,3,39,15,web
SO-02928,2024-10-29,C0747,Winter Boot,Shoes,North,2,159,0,web
SO-02929,2024-10-13,C0598,City Sneaker,Shoes,South,4,89,0,store
SO-02930,2024-05-12,C0472,City Sneaker,Shoes,North,1,89,0,store
SO-02931,2025-04-28,C0540,Fleece,Jackets,West,1,79,0,store
SO-02932,2025-10-05,C0390,Training Top,Sports,North,1,42,0,partner
SO-02933,2025-11-13,C0504,Wool Beanie,Accessories,North,2,29,0,store
SO-02934,2024-12-11,C0306,Yoga Mat,Sports,North,2,39,5,store
SO-02935,2024-11-06,C0172,Wool Beanie,Accessories,West,4,29,15,store
SO-02936,2024-07-19,C0181,Wool Beanie,Accessories,North,1,29,0,partner
SO-02937,2024-12-16,C0351,Wool Beanie,Accessories,Central,2,29,10,web
SO-02938,2024-12-14,C0551,Fleece,Jackets,North,1,79,5,store
SO-02939,2025-07-05,C0152,Trail Runner,Shoes,South,4,129,5,web
SO-02940,2024-12-06,C0154,Rain Jacket,Jackets,East,1,179,0,web
SO-02941,2025-10-14,C0259,Backpack,Accessories,West,2,99,0,store
SO-02942,2024-04-15,C0788,Leather Belt,Accessories,East,3,45,10,store
SO-02943,2024-01-19,C0557,Backpack,Accessories,North,4,99,10,partner
SO-02944,2025-10-28,C0588,Wool Beanie,Accessories,South,2,29,0,store
SO-02945,2024-05-26,C0315,Winter Boot,Shoes,South,3,159,5,web
SO-02946,2025-09-18,C0652,Yoga Mat,Sports,Central,2,39,0,web
SO-02947,2024-12-04,C0694,Down Parka,Jackets,South,7,289,30,web
SO-02948,2024-03-02,C0676,Rain Jacket,Jackets,Central,1,179,0,store
SO-02949,2024-11-28,C0656,City Sneaker,Shoes,East,1,89,10,web
SO-02950,2025-04-09,C0606,Yoga Mat,Sports,North,4,39,15,web
SO-02951,2024-03-31,C0759,Running Shorts,Sports,West,1,35,0,web
SO-02952,2025-11-27,C0167,Yoga Mat,Sports,East,4,39,20,web
SO-02953,2025-04-23,C0680,Fleece,Jackets,North,1,79,0,store
SO-02954,2025-11-21,C0695,Running Shorts,Sports,South,2,35,0,web
SO-02955,2025-12-22,C0121,Fleece,Jackets,North,1,79,10,web
SO-02956,2024-07-30,C0734,Running Shorts,Sports,Central,2,35,5,store
SO-02957,2025-01-31,C0148,Training Top,Sports,North,3,42,0,store
SO-02958,2024-04-05,C0474,Wool Beanie,Accessories,South,2,29,0,partner
SO-02959,2024-02-07,C0228,Backpack,Accessories,North,5,99,30,partner
SO-02960,2025-05-22,C0006,Rain Jacket,Jackets,South,3,179,10,partner
SO-02961,2024-12-27,C0053,Running Shorts,Sports,West,2,35,5,web
SO-02962,2024-12-21,C0055,Running Shorts,Sports,North,1,35,0,store
SO-02963,2024-10-13,C0409,Training Top,Sports,East,4,42,10,store
SO-02964,2025-06-08,C0700,Backpack,Accessories,West,3,99,0,partner
SO-02965,2024-07-04,C0547,City Sneaker,Shoes,South,3,89,0,web
SO-02966,2025-01-11,C0300,Rain Jacket,Jackets,North,6,179,30,store
SO-02967,2024-04-16,C0509,Fleece,Jackets,North,1,79,0,partner
SO-02968,2025-10-14,C0173,Winter Boot,Shoes,West,3,159,10,web
SO-02969,2024-11-15,C0447,City Sneaker,Shoes,West,2,89,15,partner
SO-02970,2025-01-03,C0064,Wool Beanie,Accessories,Central,3,29,10,store
SO-02971,2025-03-29,C0140,Leather Belt,Accessories,Central,2,45,15,store
SO-02972,2025-12-21,C0362,City Sneaker,Shoes,North,2,89,10,web
SO-02973,2024-10-09,C0791,Wool Beanie,Accessories,West,3,29,20,web
SO-02974,2025-06-03,C0618,Trail Runner,Shoes,Central,1,129,10,web
SO-02975,2024-04-11,C0540,Training Top,Sports,South,3,42,5,store
SO-02976,2024-12-12,C0248,Trail Runner,Shoes,West,1,129,0,web
SO-02977,2025-03-13,C0734,Backpack,Accessories,North,2,99,5,web
SO-02978,2024-01-18,C0014,Leather Belt,Accessories,North,4,45,10,web
SO-02979,2024-01-03,C0768,Rain Jacket,Jackets,West,3,179,20,store
SO-02980,2024-01-29,C0026,Down Parka,Jackets,South,7,289,20,store
SO-02981,2024-04-01,C0352,Trail Runner,Shoes,South,4,129,15,store
SO-02982,2025-06-06,C0482,Yoga Mat,Sports,East,3,39,10,partner
SO-02983,2025-07-08,C0302,Trail Runner,Shoes,North,1,129,0,web
SO-02984,2024-02-29,C0290,Yoga Mat,Sports,South,3,39,10,store
SO-02985,2025-07-05,C0570,Rain Jacket,Jackets,Central,1,179,10,partner
SO-02986,2024-03-12,C0518,City Sneaker,Shoes,North,1,89,0,web
SO-02987,2025-10-30,C0317,Training Top,Sports,Central,3,42,20,web
SO-02988,2024-01-22,C0432,Running Shorts,Sports,South,1,35,5,store
SO-02989,2025-09-21,C0703,Winter Boot,Shoes,West,5,159,30,web
SO-02990,2024-05-31,C0070,Leather Belt,Accessories,Central,7,45,30,store
SO-02991,2024-06-16,C0522,City Sneaker,Shoes,North,1,89,0,store
SO-02992,2025-05-20,C0785,Fleece,Jackets,North,2,79,15,store
SO-02993,2024-09-24,C0776,Backpack,Accessories,Central,2,99,0,partner
SO-02994,2024-09-20,C0648,Training Top,Sports,Central,2,42,5,store
SO-02995,2025-01-26,C0773,Rain Jacket,Jackets,South,2,179,0,store
SO-02996,2024-12-28,C0683,Running Shorts,Sports,East,4,35,15,web
SO-02997,2024-10-10,C0688,Wool Beanie,Accessories,North,3,29,15,partner
SO-02998,2024-05-23,C0175,Wool Beanie,Accessories,West,2,29,0,store
SO-02999,2024-07-12,C0094,Rain Jacket,Jackets,North,2,179,0,store
SO-03000,2025-10-21,C0464,Trail Runner,Shoes,East,1,129,0,web
SO-03001,2025-09-07,C0623,Rain Jacket,Jackets,East,2,179,5,store
SO-03002,2024-12-04,C0044,Trail Runner,Shoes,East,1,129,5,web
SO-03003,2025-06-21,C0745,Rain Jacket,Jackets,South,3,179,5,store
SO-03004,2024-12-03,C0660,Yoga Mat,Sports,West,2,39,0,store
SO-03005,2024-02-22,C0283,Running Shorts,Sports,East,4,35,20,partner
SO-03006,2025-08-30,C0223,Running Shorts,Sports,West,2,35,10,store
SO-03007,2024-09-10,C0527,Rain Jacket,Jackets,West,2,179,0,partner
SO-03008,2025-08-28,C0357,Trail Runner,Shoes,West,3,129,0,web
SO-03009,2024-03-28,C0526,Winter Boot,Shoes,West,5,159,30,partner
SO-03010,2024-03-03,C0164,Trail Runner,Shoes,South,4,129,20,store
SO-03011,2025-12-11,C0678,City Sneaker,Shoes,West,4,89,10,web
SO-03012,2025-01-06,C0017,Running Shorts,Sports,South,2,35,5,web
SO-03013,2024-10-27,C0208,Fleece,Jackets,East,3,79,10,store
SO-03014,2025-05-11,C0765,Running Shorts,Sports,North,4,35,0,store
SO-03015,2024-12-01,C0357,Fleece,Jackets,Central,4,79,30,web
SO-03016,2025-06-24,C0430,Winter Boot,Shoes,East,1,159,0,web
SO-03017,2025-05-29,C0278,Training Top,Sports,West,3,42,0,web
SO-03018,2024-09-11,C0087,Leather Belt,Accessories,South,1,45,0,store
SO-03019,2024-07-06,C0550,City Sneaker,Shoes,North,3,89,5,web
SO-03020,2025-12-28,C0750,Yoga Mat,Sports,East,2,39,0,store
SO-03021,2025-11-19,C0193,Running Shorts,Sports,North,2,35,0,web
SO-03022,2024-03-03,C0608,Leather Belt,Accessories,East,3,45,5,web
SO-03023,2024-06-12,C0797,Yoga Mat,Sports,East,1,39,5,store
SO-03024,2025-03-26,C0602,Wool Beanie,Accessories,West,5,29,20,web
SO-03025,2024-12-30,C0601,Trail Runner,Shoes,North,3,129,15,web
SO-03026,2024-07-05,C0073,Yoga Mat,Sports,West,3,39,0,web
SO-03027,2024-09-14,C0397,City Sneaker,Shoes,West,2,89,10,web
SO-03028,2024-06-16,C0178,Fleece,Jackets,North,4,79,20,web
SO-03029,2025-11-17,C0335,Training Top,Sports,South,3,42,5,web
SO-03030,2025-02-01,C0730,Leather Belt,Accessories,West,3,45,20,store
SO-03031,2025-11-11,C0693,Rain Jacket,Jackets,East,3,179,0,store
SO-03032,2025-01-05,C0457,Yoga Mat,Sports,North,3,39,10,store
SO-03033,2025-11-12,C0764,Fleece,Jackets,East,5,79,20,store
SO-03034,2024-03-31,C0719,Down Parka,Jackets,East,3,289,5,web
SO-03035,2024-09-19,C0203,Trail Runner,Shoes,East,2,129,0,web
SO-03036,2024-12-05,C0405,City Sneaker,Shoes,West,3,89,5,web
SO-03037,2024-08-25,C0767,Rain Jacket,Jackets,East,1,179,0,web
SO-03038,2025-07-05,C0607,Yoga Mat,Sports,Central,1,39,0,store
SO-03039,2024-08-16,C0265,Yoga Mat,Sports,North,3,39,10,web
SO-03040,2025-04-16,C0202,Down Parka,Jackets,East,1,289,0,web
SO-03041,2025-08-17,C0255,Rain Jacket,Jackets,West,2,179,5,partner
SO-03042,2024-03-24,C0516,Winter Boot,Shoes,North,3,159,15,store
SO-03043,2025-08-22,C0423,Leather Belt,Accessories,South,3,45,10,store
SO-03044,2025-12-27,C0380,Leather Belt,Accessories,East,4,45,5,store
SO-03045,2024-06-17,C0505,Winter Boot,Shoes,South,3,159,15,store
SO-03046,2024-03-13,C0307,Winter Boot,Shoes,South,1,159,0,partner
SO-03047,2024-03-14,C0177,Trail Runner,Shoes,South,2,129,5,partner
SO-03048,2025-03-07,C0708,Leather Belt,Accessories,East,5,45,20,web
SO-03049,2025-06-16,C0048,Down Parka,Jackets,North,2,289,10,store
SO-03050,2025-05-14,C0090,Backpack,Accessories,Central,1,99,0,web
SO-03051,2024-12-02,C0359,Wool Beanie,Accessories,West,1,29,5,store
SO-03052,2024-12-22,C0051,Yoga Mat,Sports,South,2,39,0,web
SO-03053,2025-02-17,C0273,Leather Belt,Accessories,East,1,45,0,web
SO-03054,2025-08-20,C0427,City Sneaker,Shoes,South,2,89,10,web
SO-03055,2025-01-24,C0108,Wool Beanie,Accessories,North,2,29,0,web
SO-03056,2025-01-11,C0235,Yoga Mat,Sports,South,5,39,5,partner
SO-03057,2024-04-20,C0688,Running Shorts,Sports,North,3,35,10,store
SO-03058,2025-07-11,C0056,Training Top,Sports,South,1,42,0,web
SO-03059,2025-11-26,C0228,Wool Beanie,Accessories,South,2,29,10,store
SO-03060,2025-11-25,C0165,City Sneaker,Shoes,West,5,89,0,web
SO-03061,2025-04-08,C0115,Training Top,Sports,West,1,42,15,web
SO-03062,2024-08-29,C0107,Running Shorts,Sports,South,1,35,0,store
SO-03063,2024-09-28,C0291,City Sneaker,Shoes,South,1,89,0,web
SO-03064,2024-12-02,C0416,Leather Belt,Accessories,East,4,45,15,store
SO-03065,2025-02-08,C0217,Leather Belt,Accessories,North,3,45,10,store
SO-03066,2024-03-17,C0347,Down Parka,Jackets,East,4,289,15,web
SO-03067,2025-01-16,C0400,Winter Boot,Shoes,South,4,159,0,store
SO-03068,2024-04-11,C0407,City Sneaker,Shoes,East,3,89,10,web
SO-03069,2024-12-17,C0650,Running Shorts,Sports,South,2,35,5,store
SO-03070,2025-11-04,C0008,Wool Beanie,Accessories,West,2,29,15,store
SO-03071,2024-12-27,C0632,Yoga Mat,Sports,East,5,39,20,store
SO-03072,2025-05-27,C0694,Leather Belt,Accessories,East,1,45,0,store
SO-03073,2024-03-03,C0409,Fleece,Jackets,East,1,79,0,web
SO-03074,2025-06-03,C0095,Running Shorts,Sports,North,6,35,15,partner
SO-03075,2024-08-22,C0010,Rain Jacket,Jackets,North,1,179,10,web
SO-03076,2025-01-14,C0072,Fleece,Jackets,South,1,79,0,store
SO-03077,2024-05-21,C0379,Down Parka,Jackets,North,3,289,5,web
SO-03078,2024-04-02,C0131,Yoga Mat,Sports,North,4,39,20,store
SO-03079,2025-08-25,C0599,Wool Beanie,Accessories,South,2,29,0,store
SO-03080,2024-09-14,C0154,Leather Belt,Accessories,East,3,45,0,partner
SO-03081,2025-08-28,C0779,Fleece,Jackets,East,1,79,0,store
SO-03082,2024-02-16,C0484,City Sneaker,Shoes,Central,3,89,15,store
SO-03083,2025-05-24,C0696,Trail Runner,Shoes,West,1,129,0,web
SO-03084,2025-05-19,C0033,Yoga Mat,Sports,West,2,39,0,web
SO-03085,2025-01-25,C0297,Trail Runner,Shoes,East,2,129,0,store
SO-03086,2025-11-09,C0386,Fleece,Jackets,North,4,79,20,web
SO-03087,2024-07-13,C0545,Rain Jacket,Jackets,North,1,179,5,partner
SO-03088,2025-08-23,C0218,Wool Beanie,Accessories,West,1,29,10,store
SO-03089,2025-10-29,C0164,Running Shorts,Sports,East,4,35,10,web
SO-03090,2025-10-10,C0006,Backpack,Accessories,West,7,99,30,web
SO-03091,2024-04-09,C0612,Running Shorts,Sports,South,1,35,0,store
SO-03092,2025-12-08,C0386,Rain Jacket,Jackets,East,1,179,5,store
SO-03093,2024-05-25,C0515,Winter Boot,Shoes,North,1,159,0,store
SO-03094,2025-12-28,C0022,Trail Runner,Shoes,North,1,129,0,web
SO-03095,2025-02-06,C0420,Backpack,Accessories,North,2,99,0,store
SO-03096,2025-05-14,C0253,Leather Belt,Accessories,East,2,45,10,store
SO-03097,2025-03-24,C0078,City Sneaker,Shoes,Central,1,89,0,web
SO-03098,2025-11-08,C0581,Training Top,Sports,West,2,42,0,web
SO-03099,2024-02-15,C0452,Winter Boot,Shoes,North,1,159,0,partner
SO-03100,2025-09-02,C0374,Fleece,Jackets,West,2,79,10,web
SO-03101,2025-01-18,C0001,Down Parka,Jackets,East,7,289,30,store
SO-03102,2025-08-17,C0770,Training Top,Sports,North,2,42,10,store
SO-03103,2024-04-14,C0434,Backpack,Accessories,North,1,99,0,partner
SO-03104,2024-12-06,C0690,Training Top,Sports,East,5,42,15,web
SO-03105,2024-12-28,C0116,Leather Belt,Accessories,South,1,45,0,partner
SO-03106,2024-06-04,C0132,Leather Belt,Accessories,Central,5,45,30,store
SO-03107,2025-06-05,C0596,Down Parka,Jackets,North,3,289,10,partner
SO-03108,2024-07-05,C0642,Leather Belt,Accessories,North,3,45,20,partner
SO-03109,2025-12-31,C0149,Backpack,Accessories,West,3,99,5,web
SO-03110,2024-09-28,C0143,Yoga Mat,Sports,Central,1,39,5,partner
SO-03111,2024-10-10,C0347,Fleece,Jackets,East,1,79,0,store
SO-03112,2025-08-05,C0655,City Sneaker,Shoes,South,1,89,10,web
SO-03113,2024-03-17,C0249,Running Shorts,Sports,North,1,35,0,store
SO-03114,2025-11-22,C0108,Backpack,Accessories,North,1,99,0,web
SO-03115,2024-12-03,C0316,Training Top,Sports,East,2,42,0,web
SO-03116,2024-06-11,C0452,Rain Jacket,Jackets,East,4,179,10,store
SO-03117,2024-05-30,C0615,Winter Boot,Shoes,East,1,159,0,store
SO-03118,2024-12-07,C0695,City Sneaker,Shoes,East,2,89,0,store
SO-03119,2024-04-12,C0296,Running Shorts,Sports,Central,6,35,20,store
SO-03120,2024-01-07,C0170,Fleece,Jackets,West,3,79,15,store
SO-03121,2025-11-25,C0042,Backpack,Accessories,West,1,99,0,store
SO-03122,2024-12-17,C0670,Training Top,Sports,North,3,42,20,store
SO-03123,2024-04-24,C0386,Training Top,Sports,East,2,42,0,store
SO-03124,2024-01-02,C0339,Leather Belt,Accessories,North,2,45,5,web
SO-03125,2024-02-08,C0516,Backpack,Accessories,North,1,99,0,store
SO-03126,2024-12-20,C0738,Leather Belt,Accessories,East,3,45,0,web
SO-03127,2024-12-27,C0785,Trail Runner,Shoes,East,2,129,10,web
SO-03128,2024-04-16,C0104,Backpack,Accessories,West,2,99,10,store
SO-03129,2025-11-14,C0701,Wool Beanie,Accessories,North,2,29,10,store
SO-03130,2025-05-15,C0671,Trail Runner,Shoes,East,4,129,10,store
SO-03131,2024-03-03,C0140,Running Shorts,Sports,North,1,35,0,web
SO-03132,2025-09-26,C0634,Trail Runner,Shoes,West,1,129,0,partner
SO-03133,2025-07-01,C0379,Leather Belt,Accessories,Central,2,45,0,web
SO-03134,2024-01-12,C0162,Running Shorts,Sports,West,2,35,10,web
SO-03135,2024-01-22,C0248,Leather Belt,Accessories,East,3,45,15,web
SO-03136,2024-07-11,C0595,Leather Belt,Accessories,Central,2,45,0,store
SO-03137,2025-09-20,C0430,Down Parka,Jackets,West,1,289,0,partner
SO-03138,2025-07-18,C0535,Fleece,Jackets,South,3,79,0,web
SO-03139,2025-11-30,C0262,Leather Belt,Accessories,North,3,45,15,web
SO-03140,2024-12-06,C0153,Backpack,Accessories,West,2,99,10,store
SO-03141,2025-11-21,C0202,Yoga Mat,Sports,North,2,39,5,web
SO-03142,2025-03-14,C0258,Backpack,Accessories,Central,1,99,5,partner
SO-03143,2025-07-26,C0779,Wool Beanie,Accessories,East,3,29,20,web
SO-03144,2024-05-30,C0058,Running Shorts,Sports,South,4,35,0,web
SO-03145,2024-11-09,C0574,Rain Jacket,Jackets,East,3,179,0,web
SO-03146,2024-02-26,C0421,Yoga Mat,Sports,North,4,39,10,store
SO-03147,2024-11-26,C0767,Rain Jacket,Jackets,East,5,179,30,partner
SO-03148,2024-10-22,C0224,Winter Boot,Shoes,West,1,159,0,partner
SO-03149,2025-03-09,C0267,Leather Belt,Accessories,South,4,45,20,store
SO-03150,2025-09-14,C0636,Rain Jacket,Jackets,West,5,179,15,partner
SO-03151,2025-09-11,C0272,Yoga Mat,Sports,North,1,39,0,web
SO-03152,2025-07-25,C0188,Rain Jacket,Jackets,North,4,179,10,web
SO-03153,2024-02-18,C0276,Running Shorts,Sports,East,2,35,0,web
SO-03154,2024-09-04,C0297,Rain Jacket,Jackets,West,2,179,5,partner
SO-03155,2025-08-28,C0573,Backpack,Accessories,West,2,99,0,web
SO-03156,2025-11-17,C0435,Running Shorts,Sports,East,1,35,0,web
SO-03157,2024-06-29,C0626,Yoga Mat,Sports,South,1,39,0,partner
SO-03158,2025-12-14,C0757,Wool Beanie,Accessories,East,1,29,5,store
SO-03159,2025-02-28,C0099,Trail Runner,Shoes,West,3,129,20,store
SO-03160,2024-01-10,C0587,Winter Boot,Shoes,North,1,159,0,web
SO-03161,2024-05-04,C0542,Rain Jacket,Jackets,North,1,179,0,web
SO-03162,2025-07-07,C0245,Running Shorts,Sports,West,3,35,0,web
SO-03163,2024-01-28,C0123,Trail Runner,Shoes,East,2,129,5,store
SO-03164,2025-06-18,C0230,Running Shorts,Sports,West,4,35,5,web
SO-03165,2024-05-13,C0048,Leather Belt,Accessories,South,3,45,15,partner
SO-03166,2025-11-15,C0316,Leather Belt,Accessories,North,1,45,5,store
SO-03167,2024-11-27,C0731,Fleece,Jackets,West,3,79,15,partner
SO-03168,2024-06-16,C0179,Yoga Mat,Sports,West,5,39,0,store
SO-03169,2025-05-07,C0063,Yoga Mat,Sports,West,1,39,0,web
SO-03170,2025-10-07,C0468,City Sneaker,Shoes,East,6,89,30,web
SO-03171,2024-08-20,C0710,Backpack,Accessories,South,3,99,5,store
SO-03172,2025-11-17,C0313,Wool Beanie,Accessories,Central,3,29,5,web
SO-03173,2024-06-10,C0354,Leather Belt,Accessories,North,2,45,15,store
SO-03174,2025-12-20,C0502,Training Top,Sports,North,3,42,0,web
SO-03175,2024-08-04,C0528,Yoga Mat,Sports,East,2,39,10,store
SO-03176,2025-07-19,C0660,Fleece,Jackets,South,4,79,20,web
SO-03177,2024-05-06,C0671,Yoga Mat,Sports,South,2,39,0,store
SO-03178,2024-06-07,C0014,Fleece,Jackets,West,5,79,10,web
SO-03179,2024-11-01,C0378,Backpack,Accessories,East,1,99,10,web
SO-03180,2024-12-05,C0650,Running Shorts,Sports,East,6,35,30,store
SO-03181,2025-12-01,C0337,Backpack,Accessories,East,2,99,15,store
SO-03182,2024-11-28,C0215,Training Top,Sports,North,4,42,15,web
SO-03183,2024-08-05,C0210,Backpack,Accessories,North,2,99,10,store
SO-03184,2024-11-29,C0048,Training Top,Sports,North,3,42,0,partner
SO-03185,2025-07-18,C0579,Down Parka,Jackets,North,1,289,5,web
SO-03186,2024-09-17,C0670,Winter Boot,Shoes,Central,1,159,0,store
SO-03187,2025-08-11,C0268,Trail Runner,Shoes,West,1,129,0,partner
SO-03188,2025-12-03,C0526,Trail Runner,Shoes,North,1,129,5,web
SO-03189,2025-02-16,C0319,Down Parka,Jackets,Central,2,289,15,store
SO-03190,2024-12-28,C0604,Running Shorts,Sports,West,1,35,0,web
SO-03191,2024-09-30,C0618,Leather Belt,Accessories,Central,2,45,10,partner
SO-03192,2025-12-09,C0659,Rain Jacket,Jackets,North,1,179,0,web
SO-03193,2024-10-11,C0114,Down Parka,Jackets,East,2,289,0,web
SO-03194,2025-02-02,C0140,City Sneaker,Shoes,East,2,89,15,web
SO-03195,2024-07-22,C0522,Trail Runner,Shoes,East,1,129,10,web
SO-03196,2024-11-09,C0611,Rain Jacket,Jackets,Central,1,179,0,store
SO-03197,2025-09-28,C0223,Running Shorts,Sports,West,4,35,15,web
SO-03198,2024-05-20,C0494,Rain Jacket,Jackets,North,1,179,0,partner
SO-03199,2024-06-17,C0220,Winter Boot,Shoes,West,2,159,0,store
SO-03200,2024-09-28,C0690,Fleece,Jackets,East,1,79,0,partner
SO-03201,2025-08-30,C0304,Running Shorts,Sports,South,1,35,0,store
SO-03202,2024-03-01,C0259,Fleece,Jackets,West,1,79,0,store
SO-03203,2025-03-07,C0603,Backpack,Accessories,Central,5,99,5,web
SO-03204,2024-09-30,C0540,Training Top,Sports,North,4,42,20,web
SO-03205,2024-03-14,C0388,Yoga Mat,Sports,South,1,39,5,store
SO-03206,2025-10-19,C0160,Wool Beanie,Accessories,West,1,29,0,partner
SO-03207,2025-04-01,C0090,City Sneaker,Shoes,South,1,89,0,store
SO-03208,2024-12-01,C0109,Rain Jacket,Jackets,South,1,179,0,web
SO-03209,2024-11-05,C0657,Rain Jacket,Jackets,South,1,179,0,store
SO-03210,2024-10-22,C0233,Backpack,Accessories,West,2,99,0,partner
SO-03211,2025-05-28,C0745,Running Shorts,Sports,Central,1,35,5,store
SO-03212,2024-08-09,C0132,Down Parka,Jackets,North,2,289,15,web
SO-03213,2025-07-28,C0567,Down Parka,Jackets,North,1,289,5,store
SO-03214,2025-10-18,C0521,Wool Beanie,Accessories,South,1,29,0,web
SO-03215,2024-11-11,C0464,Leather Belt,Accessories,North,3,45,15,store
SO-03216,2024-09-04,C0799,Yoga Mat,Sports,West,5,39,30,web
SO-03217,2025-07-26,C0295,Running Shorts,Sports,East,2,35,0,store
SO-03218,2025-12-03,C0487,Trail Runner,Shoes,Central,1,129,20,web
SO-03219,2024-06-07,C0547,Yoga Mat,Sports,South,3,39,0,web
SO-03220,2025-06-16,C0346,Winter Boot,Shoes,West,5,159,20,web
SO-03221,2024-12-07,C0660,Down Parka,Jackets,East,2,289,10,store
SO-03222,2025-10-20,C0219,Wool Beanie,Accessories,North,3,29,0,web
SO-03223,2025-09-28,C0426,Rain Jacket,Jackets,West,3,179,10,web
SO-03224,2025-09-26,C0623,Running Shorts,Sports,Central,5,35,20,web
SO-03225,2025-04-19,C0126,Trail Runner,Shoes,North,2,129,0,web
SO-03226,2025-03-30,C0260,Trail Runner,Shoes,Central,2,129,0,partner
SO-03227,2024-06-05,C0216,Rain Jacket,Jackets,North,2,179,5,web
SO-03228,2025-03-11,C0576,Running Shorts,Sports,Central,1,35,10,partner
SO-03229,2025-08-09,C0521,Down Parka,Jackets,East,1,289,0,store
SO-03230,2025-12-17,C0735,Running Shorts,Sports,East,1,35,0,partner
SO-03231,2024-04-02,C0479,Leather Belt,Accessories,East,3,45,0,web
SO-03232,2024-02-20,C0309,Fleece,Jackets,South,2,79,5,store
SO-03233,2024-06-05,C0068,Training Top,Sports,Central,3,42,15,web
SO-03234,2025-12-22,C0638,Training Top,Sports,North,2,42,5,web
SO-03235,2025-12-09,C0312,Rain Jacket,Jackets,West,1,179,0,store
SO-03236,2025-12-03,C0575,Winter Boot,Shoes,Central,5,159,30,web
SO-03237,2024-03-16,C0683,Rain Jacket,Jackets,South,2,179,0,web
SO-03238,2025-02-14,C0799,Leather Belt,Accessories,South,5,45,10,web
SO-03239,2025-12-01,C0584,City Sneaker,Shoes,West,5,89,15,store
SO-03240,2024-08-16,C0452,Wool Beanie,Accessories,West,4,29,10,partner
SO-03241,2025-01-30,C0358,Fleece,Jackets,South,2,79,0,store
SO-03242,2025-05-04,C0460,Backpack,Accessories,East,1,99,0,web
SO-03243,2025-06-05,C0645,Rain Jacket,Jackets,West,3,179,15,web
SO-03244,2024-02-28,C0289,Wool Beanie,Accessories,North,2,29,5,web
SO-03245,2025-05-05,C0072,Down Parka,Jackets,Central,3,289,15,store
SO-03246,2024-10-24,C0787,Down Parka,Jackets,West,1,289,0,store
SO-03247,2024-12-29,C0496,Down Parka,Jackets,North,1,289,0,partner
SO-03248,2024-10-01,C0208,Leather Belt,Accessories,East,4,45,15,web
SO-03249,2024-12-05,C0568,Leather Belt,Accessories,West,1,45,0,store
SO-03250,2025-01-31,C0275,City Sneaker,Shoes,Central,1,89,0,partner
SO-03251,2024-12-22,C0776,Training Top,Sports,West,5,42,20,partner
SO-03252,2024-06-07,C0029,Training Top,Sports,North,5,42,15,partner
SO-03253,2024-12-13,C0088,Yoga Mat,Sports,North,1,39,0,store
SO-03254,2024-03-11,C0066,City Sneaker,Shoes,East,1,89,0,partner
SO-03255,2025-01-19,C0114,Fleece,Jackets,South,2,79,10,store
SO-03256,2025-12-14,C0064,Winter Boot,Shoes,South,2,159,10,web
SO-03257,2025-03-19,C0094,Running Shorts,Sports,South,2,35,10,web
SO-03258,2024-12-21,C0685,Leather Belt,Accessories,West,1,45,0,web
SO-03259,2024-12-31,C0594,Leather Belt,Accessories,South,2,45,10,store
SO-03260,2025-01-16,C0482,Rain Jacket,Jackets,South,1,179,10,store
SO-03261,2024-05-24,C0491,Trail Runner,Shoes,East,4,129,15,store
SO-03262,2024-04-14,C0584,Down Parka,Jackets,East,1,289,10,web
SO-03263,2025-06-11,C0057,Fleece,Jackets,Central,4,79,10,web
SO-03264,2024-12-20,C0296,Yoga Mat,Sports,South,3,39,0,web
SO-03265,2024-10-09,C0329,Down Parka,Jackets,West,6,289,20,partner
SO-03266,2025-05-21,C0499,Running Shorts,Sports,North,2,35,0,web
SO-03267,2024-12-03,C0730,Backpack,Accessories,North,4,99,10,web
SO-03268,2025-09-21,C0552,Fleece,Jackets,South,3,79,10,store
SO-03269,2025-01-25,C0581,Down Parka,Jackets,West,2,289,0,web
SO-03270,2025-05-16,C0194,Down Parka,Jackets,West,3,289,0,store
SO-03271,2025-04-20,C0011,Training Top,Sports,South,3,42,10,web
SO-03272,2024-03-21,C0543,Rain Jacket,Jackets,East,2,179,10,web
SO-03273,2024-11-29,C0426,Yoga Mat,Sports,West,2,39,0,partner
SO-03274,2025-02-18,C0019,Running Shorts,Sports,North,1,35,0,partner
SO-03275,2025-05-18,C0540,City Sneaker,Shoes,East,3,89,0,partner
SO-03276,2024-07-07,C0198,Leather Belt,Accessories,West,2,45,5,store
SO-03277,2025-04-03,C0244,Winter Boot,Shoes,East,6,159,30,store
SO-03278,2024-09-26,C0536,Wool Beanie,Accessories,North,2,29,15,store
SO-03279,2025-12-19,C0726,City Sneaker,Shoes,Central,4,89,0,web
SO-03280,2024-08-17,C0033,Training Top,Sports,East,1,42,0,partner
SO-03281,2024-08-28,C0059,Down Parka,Jackets,North,2,289,0,partner
SO-03282,2024-12-02,C0134,Winter Boot,Shoes,South,1,159,0,web
SO-03283,2025-06-24,C0758,City Sneaker,Shoes,East,2,89,20,partner
SO-03284,2024-09-22,C0761,Trail Runner,Shoes,Central,2,129,15,web
SO-03285,2024-11-16,C0742,Backpack,Accessories,Central,1,99,5,web
SO-03286,2025-12-21,C0169,Fleece,Jackets,North,2,79,15,partner
SO-03287,2025-06-30,C0288,Down Parka,Jackets,North,2,289,0,web
SO-03288,2025-09-02,C0618,Yoga Mat,Sports,South,1,39,0,store
SO-03289,2025-03-13,C0008,Running Shorts,Sports,North,5,35,15,store
SO-03290,2024-11-22,C0726,Training Top,Sports,Central,1,42,5,partner
SO-03291,2024-07-16,C0701,Leather Belt,Accessories,East,2,45,15,store
SO-03292,2025-10-08,C0065,Leather Belt,Accessories,Central,1,45,0,web
SO-03293,2024-02-28,C0515,Leather Belt,Accessories,Central,1,45,5,store
SO-03294,2025-12-20,C0283,Leather Belt,Accessories,Central,6,45,30,store
SO-03295,2025-08-03,C0286,City Sneaker,Shoes,South,1,89,0,store
SO-03296,2024-09-05,C0436,Training Top,Sports,Central,1,42,0,web
SO-03297,2024-06-02,C0265,Training Top,Sports,West,1,42,0,store
SO-03298,2025-10-16,C0146,Training Top,Sports,West,1,42,5,partner
SO-03299,2025-03-01,C0362,Fleece,Jackets,West,1,79,0,web
SO-03300,2025-06-05,C0132,City Sneaker,Shoes,North,3,89,20,store
SO-03301,2024-04-15,C0208,Wool Beanie,Accessories,East,4,29,5,web
SO-03302,2025-04-06,C0350,Rain Jacket,Jackets,South,3,179,15,store
SO-03303,2024-12-14,C0059,Winter Boot,Shoes,South,1,159,0,web
SO-03304,2025-11-29,C0016,Yoga Mat,Sports,Central,4,39,20,partner
SO-03305,2024-05-08,C0399,Running Shorts,Sports,North,4,35,10,web
SO-03306,2025-09-18,C0749,Yoga Mat,Sports,Central,2,39,5,web
SO-03307,2024-08-25,C0154,Running Shorts,Sports,East,1,35,0,partner
SO-03308,2024-08-18,C0698,Rain Jacket,Jackets,South,1,179,5,store
SO-03309,2025-01-14,C0287,Yoga Mat,Sports,North,4,39,5,partner
SO-03310,2025-10-04,C0029,Trail Runner,Shoes,North,2,129,15,web
SO-03311,2024-04-19,C0037,City Sneaker,Shoes,North,4,89,10,web
SO-03312,2025-08-28,C0710,City Sneaker,Shoes,Central,2,89,10,store
SO-03313,2025-06-05,C0779,Rain Jacket,Jackets,East,2,179,15,store
SO-03314,2025-05-01,C0144,Yoga Mat,Sports,North,1,39,0,web
SO-03315,2024-09-17,C0635,Backpack,Accessories,West,4,99,20,store
SO-03316,2025-02-17,C0668,Rain Jacket,Jackets,West,1,179,0,store
SO-03317,2024-09-04,C0364,Wool Beanie,Accessories,South,5,29,15,web
SO-03318,2025-04-24,C0767,Running Shorts,Sports,North,4,35,15,store
SO-03319,2025-10-05,C0004,Leather Belt,Accessories,West,3,45,10,web
SO-03320,2024-10-14,C0372,Winter Boot,Shoes,North,3,159,10,web
SO-03321,2025-05-07,C0318,Fleece,Jackets,South,3,79,20,partner
SO-03322,2025-02-07,C0132,City Sneaker,Shoes,South,2,89,0,web
SO-03323,2024-02-17,C0412,Yoga Mat,Sports,West,2,39,0,partner
SO-03324,2024-10-21,C0154,Rain Jacket,Jackets,Central,1,179,5,store
SO-03325,2025-01-06,C0205,Wool Beanie,Accessories,South,3,29,0,web
SO-03326,2025-04-16,C0163,Fleece,Jackets,East,2,79,0,store
SO-03327,2024-01-20,C0715,Wool Beanie,Accessories,South,2,29,0,store
SO-03328,2024-01-09,C0446,Winter Boot,Shoes,West,2,159,0,partner
SO-03329,2025-06-21,C0637,Running Shorts,Sports,South,2,35,0,web
SO-03330,2025-03-20,C0657,Down Parka,Jackets,East,4,289,5,web
SO-03331,2024-12-14,C0273,Winter Boot,Shoes,Central,1,159,0,store
SO-03332,2024-12-23,C0162,Running Shorts,Sports,East,4,35,15,web
SO-03333,2025-04-29,C0252,Running Shorts,Sports,North,6,35,30,web
SO-03334,2025-04-01,C0580,Wool Beanie,Accessories,South,6,29,30,partner
SO-03335,2025-03-10,C0693,Running Shorts,Sports,North,7,35,30,store
SO-03336,2024-09-09,C0431,Down Parka,Jackets,East,2,289,5,partner
SO-03337,2025-03-26,C0574,Wool Beanie,Accessories,North,1,29,0,store
SO-03338,2024-03-29,C0406,Fleece,Jackets,North,2,79,20,partner
SO-03339,2025-12-31,C0341,Fleece,Jackets,North,2,79,5,store
SO-03340,2024-07-18,C0514,Backpack,Accessories,Central,3,99,15,web
SO-03341,2024-02-06,C0464,Winter Boot,Shoes,North,2,159,10,partner
SO-03342,2024-06-06,C0041,Fleece,Jackets,West,1,79,0,store
SO-03343,2024-08-16,C0454,Wool Beanie,Accessories,East,1,29,0,store
SO-03344,2024-09-26,C0535,Running Shorts,Sports,South,5,35,5,partner
SO-03345,2025-09-19,C0551,Winter Boot,Shoes,South,4,159,20,web
SO-03346,2025-01-23,C0561,Rain Jacket,Jackets,West,2,179,20,web
SO-03347,2025-04-28,C0169,Backpack,Accessories,West,4,99,15,store
SO-03348,2024-04-04,C0162,Winter Boot,Shoes,North,3,159,15,partner
SO-03349,2025-03-20,C0405,Training Top,Sports,South,1,42,0,partner
SO-03350,2024-06-26,C0372,City Sneaker,Shoes,East,4,89,15,partner
SO-03351,2024-10-21,C0216,Winter Boot,Shoes,Central,3,159,0,web
SO-03352,2024-11-12,C0175,Fleece,Jackets,South,3,79,0,partner
SO-03353,2024-04-01,C0456,Yoga Mat,Sports,West,3,39,30,partner
SO-03354,2025-10-02,C0688,Winter Boot,Shoes,West,3,159,0,partner
SO-03355,2025-10-07,C0781,Winter Boot,Shoes,East,3,159,10,store
SO-03356,2025-01-22,C0514,Leather Belt,Accessories,East,2,45,0,web
SO-03357,2024-05-06,C0226,Training Top,Sports,East,1,42,5,web
SO-03358,2025-07-10,C0270,Trail Runner,Shoes,East,2,129,0,web
SO-03359,2024-01-17,C0347,Wool Beanie,Accessories,North,6,29,15,partner
SO-03360,2024-10-19,C0322,Backpack,Accessories,South,6,99,30,partner
SO-03361,2025-06-21,C0004,Running Shorts,Sports,South,2,35,5,web
SO-03362,2025-12-10,C0361,Trail Runner,Shoes,North,7,129,30,partner
SO-03363,2024-12-18,C0779,City Sneaker,Shoes,West,3,89,10,web
SO-03364,2025-03-16,C0526,Trail Runner,Shoes,South,4,129,0,web
SO-03365,2024-12-13,C0089,Winter Boot,Shoes,South,4,159,10,store
SO-03366,2025-04-28,C0494,Fleece,Jackets,North,4,79,20,store
SO-03367,2024-05-25,C0688,Backpack,Accessories,North,3,99,5,partner
SO-03368,2025-06-29,C0422,Leather Belt,Accessories,East,1,45,0,web
SO-03369,2025-03-06,C0435,Fleece,Jackets,South,1,79,0,store
SO-03370,2024-06-12,C0231,Rain Jacket,Jackets,North,3,179,0,partner
SO-03371,2024-12-06,C0246,Winter Boot,Shoes,North,1,159,0,store
SO-03372,2024-12-29,C0609,Fleece,Jackets,East,3,79,10,partner
SO-03373,2025-04-13,C0030,Down Parka,Jackets,West,2,289,0,web
SO-03374,2024-08-06,C0747,Running Shorts,Sports,South,2,35,5,web
SO-03375,2025-03-16,C0355,Leather Belt,Accessories,North,2,45,0,store
SO-03376,2024-03-08,C0733,Backpack,Accessories,East,3,99,20,store
SO-03377,2025-11-28,C0620,Yoga Mat,Sports,West,2,39,15,store
SO-03378,2025-02-01,C0495,Training Top,Sports,South,1,42,15,web
SO-03379,2024-02-01,C0532,Down Parka,Jackets,South,1,289,0,store
SO-03380,2024-11-17,C0123,Training Top,Sports,East,3,42,15,partner
SO-03381,2025-07-17,C0056,Yoga Mat,Sports,Central,1,39,0,web
SO-03382,2025-07-10,C0755,Trail Runner,Shoes,South,4,129,10,web
SO-03383,2024-11-24,C0602,Leather Belt,Accessories,East,3,45,15,partner
SO-03384,2025-12-10,C0055,Winter Boot,Shoes,North,2,159,10,store
SO-03385,2024-05-06,C0467,Rain Jacket,Jackets,Central,2,179,10,store
SO-03386,2025-10-04,C0098,Winter Boot,Shoes,West,3,159,15,web
SO-03387,2024-04-30,C0024,Down Parka,Jackets,West,1,289,0,store
SO-03388,2024-05-25,C0199,Running Shorts,Sports,East,2,35,10,web
SO-03389,2025-05-08,C0248,Leather Belt,Accessories,North,1,45,5,web
SO-03390,2024-08-08,C0425,Training Top,Sports,East,2,42,0,web
SO-03391,2025-05-02,C0749,Leather Belt,Accessories,South,1,45,0,web
SO-03392,2024-12-19,C0278,Backpack,Accessories,West,2,99,0,web
SO-03393,2024-12-09,C0688,Fleece,Jackets,South,3,79,15,store
SO-03394,2024-09-30,C0512,Backpack,Accessories,West,6,99,30,store
SO-03395,2024-08-25,C0596,Winter Boot,Shoes,West,3,159,10,partner
SO-03396,2024-12-16,C0711,Running Shorts,Sports,West,2,35,0,web
SO-03397,2025-12-22,C0141,Down Parka,Jackets,Central,4,289,15,store
SO-03398,2024-08-22,C0546,Backpack,Accessories,East,2,99,10,store
SO-03399,2024-02-01,C0109,Fleece,Jackets,West,4,79,10,store
SO-03400,2025-04-08,C0012,Yoga Mat,Sports,East,2,39,5,store
SO-03401,2025-12-06,C0633,Backpack,Accessories,North,6,99,10,web
SO-03402,2024-06-08,C0457,Backpack,Accessories,East,3,99,10,partner
SO-03403,2025-12-27,C0459,Fleece,Jackets,East,3,79,10,web
SO-03404,2024-07-27,C0046,Running Shorts,Sports,Central,2,35,10,web
SO-03405,2025-02-22,C0612,Wool Beanie,Accessories,West,1,29,0,web
SO-03406,2025-06-15,C0247,Trail Runner,Shoes,Central,1,129,0,store
SO-03407,2024-01-17,C0772,Yoga Mat,Sports,West,1,39,0,partner
SO-03408,2025-07-23,C0304,Yoga Mat,Sports,East,3,39,0,store
SO-03409,2025-12-11,C0066,Leather Belt,Accessories,North,4,45,20,web
SO-03410,2025-08-01,C0002,Fleece,Jackets,West,5,79,20,web
SO-03411,2025-02-20,C0766,Down Parka,Jackets,North,3,289,10,web
SO-03412,2024-08-26,C0613,Running Shorts,Sports,South,3,35,0,web
SO-03413,2024-12-15,C0213,City Sneaker,Shoes,East,2,89,15,store
SO-03414,2025-09-10,C0644,Trail Runner,Shoes,West,3,129,10,partner
SO-03415,2024-10-22,C0037,City Sneaker,Shoes,Central,1,89,0,web
SO-03416,2024-06-20,C0667,Winter Boot,Shoes,North,3,159,5,web
SO-03417,2025-12-24,C0247,Winter Boot,Shoes,North,1,159,0,web
SO-03418,2025-11-06,C0240,Wool Beanie,Accessories,North,5,29,15,store
SO-03419,2024-09-11,C0138,Running Shorts,Sports,Central,2,35,10,web
SO-03420,2024-08-30,C0286,Wool Beanie,Accessories,West,3,29,10,web
SO-03421,2025-04-14,C0734,Yoga Mat,Sports,South,3,39,5,web
SO-03422,2024-12-20,C0785,Fleece,Jackets,South,2,79,5,store
SO-03423,2025-03-17,C0667,Trail Runner,Shoes,West,3,129,10,web
SO-03424,2025-10-17,C0311,Down Parka,Jackets,East,3,289,5,web
SO-03425,2025-07-20,C0154,Wool Beanie,Accessories,East,3,29,0,web
SO-03426,2025-02-12,C0129,Rain Jacket,Jackets,East,4,179,20,web
SO-03427,2024-09-21,C0752,Training Top,Sports,North,4,42,15,store
SO-03428,2025-11-06,C0100,Backpack,Accessories,Central,3,99,10,store
SO-03429,2025-05-24,C0107,Trail Runner,Shoes,West,2,129,0,web
SO-03430,2025-11-12,C0570,Wool Beanie,Accessories,West,3,29,15,web
SO-03431,2025-10-20,C0027,Yoga Mat,Sports,West,1,39,0,store
SO-03432,2024-05-24,C0185,Rain Jacket,Jackets,East,1,179,0,web
SO-03433,2025-12-14,C0103,Wool Beanie,Accessories,West,4,29,10,partner
SO-03434,2024-10-10,C0463,Fleece,Jackets,West,3,79,0,store
SO-03435,2024-10-08,C0134,Down Parka,Jackets,North,3,289,15,store
SO-03436,2024-12-01,C0438,Winter Boot,Shoes,North,4,159,5,store
SO-03437,2025-06-14,C0487,Leather Belt,Accessories,South,1,45,5,web
SO-03438,2024-11-01,C0081,Running Shorts,Sports,South,2,35,0,store
SO-03439,2024-08-05,C0456,Training Top,Sports,South,3,42,0,partner
SO-03440,2024-09-05,C0024,Rain Jacket,Jackets,West,2,179,15,store
SO-03441,2025-05-30,C0095,Yoga Mat,Sports,North,1,39,0,web
SO-03442,2024-01-28,C0438,Wool Beanie,Accessories,West,2,29,10,store
SO-03443,2024-03-03,C0127,Down Parka,Jackets,Central,1,289,10,web
SO-03444,2024-08-24,C0666,Yoga Mat,Sports,West,3,39,0,web
SO-03445,2024-11-21,C0483,Training Top,Sports,East,2,42,10,partner
SO-03446,2025-10-11,C0236,Trail Runner,Shoes,Central,1,129,10,store
SO-03447,2025-08-21,C0458,Leather Belt,Accessories,North,3,45,10,web
SO-03448,2025-12-20,C0038,Yoga Mat,Sports,West,3,39,0,store
SO-03449,2024-06-01,C0492,Winter Boot,Shoes,West,5,159,20,web
SO-03450,2024-12-14,C0053,Trail Runner,Shoes,North,2,129,10,store
SO-03451,2025-12-25,C0673,Winter Boot,Shoes,South,2,159,0,partner
SO-03452,2025-06-08,C0322,Training Top,Sports,Central,4,42,5,store
SO-03453,2025-08-31,C0114,Trail Runner,Shoes,West,1,129,5,partner
SO-03454,2024-07-09,C0774,Backpack,Accessories,East,4,99,5,web
SO-03455,2024-06-02,C0369,Training Top,Sports,South,1,42,10,store
SO-03456,2025-02-06,C0072,Leather Belt,Accessories,West,2,45,5,partner
SO-03457,2025-10-31,C0142,Down Parka,Jackets,West,5,289,15,web
SO-03458,2025-12-09,C0433,Leather Belt,Accessories,North,7,45,30,store
SO-03459,2025-10-16,C0734,Leather Belt,Accessories,East,1,45,0,store
SO-03460,2024-02-01,C0737,Wool Beanie,Accessories,East,2,29,5,partner
SO-03461,2025-09-19,C0289,Trail Runner,Shoes,East,4,129,10,store
SO-03462,2025-07-28,C0299,Rain Jacket,Jackets,East,3,179,10,web
SO-03463,2025-03-21,C0180,Wool Beanie,Accessories,West,4,29,30,store
SO-03464,2025-11-15,C0699,Down Parka,Jackets,Central,2,289,30,store
SO-03465,2025-09-18,C0778,Down Parka,Jackets,North,1,289,0,partner
SO-03466,2024-12-12,C0350,City Sneaker,Shoes,Central,3,89,0,store
SO-03467,2025-01-14,C0073,Rain Jacket,Jackets,South,1,179,0,web
SO-03468,2024-12-04,C0233,Wool Beanie,Accessories,North,3,29,0,web
SO-03469,2024-12-07,C0697,Winter Boot,Shoes,South,1,159,0,web
SO-03470,2025-12-27,C0297,Yoga Mat,Sports,North,2,39,20,web
SO-03471,2025-06-20,C0246,Running Shorts,Sports,Central,1,35,0,store
SO-03472,2025-03-06,C0632,Training Top,Sports,South,1,42,0,store
SO-03473,2025-08-29,C0770,Wool Beanie,Accessories,South,2,29,0,partner
SO-03474,2024-11-03,C0583,City Sneaker,Shoes,North,2,89,0,web
SO-03475,2024-12-06,C0125,Rain Jacket,Jackets,Central,1,179,5,store
SO-03476,2025-06-01,C0579,Yoga Mat,Sports,East,2,39,10,store
SO-03477,2025-11-08,C0297,Running Shorts,Sports,Central,5,35,30,web
SO-03478,2024-11-04,C0718,Winter Boot,Shoes,North,3,159,20,store
SO-03479,2024-03-23,C0195,Training Top,Sports,East,2,42,0,web
SO-03480,2024-03-19,C0001,Running Shorts,Sports,North,1,35,0,partner
SO-03481,2025-05-30,C0209,Wool Beanie,Accessories,North,1,29,0,store
SO-03482,2024-04-05,C0182,Wool Beanie,Accessories,East,2,29,0,store
SO-03483,2025-10-11,C0225,Training Top,Sports,North,3,42,0,partner
SO-03484,2025-11-07,C0546,Running Shorts,Sports,West,1,35,0,web
SO-03485,2024-07-24,C0228,Training Top,Sports,East,5,42,10,web
SO-03486,2024-11-25,C0442,Down Parka,Jackets,East,2,289,5,store
SO-03487,2025-12-08,C0351,Wool Beanie,Accessories,North,2,29,0,web
SO-03488,2024-08-15,C0235,Training Top,Sports,South,4,42,30,partner
SO-03489,2024-11-11,C0505,Rain Jacket,Jackets,Central,1,179,0,web
SO-03490,2024-02-14,C0677,Down Parka,Jackets,South,3,289,20,store
SO-03491,2025-05-26,C0242,Training Top,Sports,North,2,42,0,store
SO-03492,2025-07-15,C0170,Backpack,Accessories,North,1,99,0,partner
SO-03493,2024-04-25,C0054,City Sneaker,Shoes,South,5,89,30,store
SO-03494,2024-07-02,C0775,Fleece,Jackets,South,3,79,0,web
SO-03495,2025-01-16,C0369,Running Shorts,Sports,East,2,35,0,web
SO-03496,2024-02-10,C0131,City Sneaker,Shoes,North,6,89,20,store
SO-03497,2025-03-05,C0278,Down Parka,Jackets,West,3,289,5,partner
SO-03498,2024-02-01,C0724,Winter Boot,Shoes,Central,4,159,20,partner
SO-03499,2024-11-19,C0458,Leather Belt,Accessories,South,2,45,15,store
SO-03500,2024-10-25,C0335,Down Parka,Jackets,Central,4,289,5,web
SO-03501,2025-05-25,C0155,Winter Boot,Shoes,West,4,159,20,web
SO-03502,2025-03-06,C0145,Winter Boot,Shoes,Central,4,159,10,store
SO-03503,2024-01-03,C0664,Down Parka,Jackets,North,4,289,5,store
SO-03504,2025-12-12,C0588,Rain Jacket,Jackets,East,2,179,10,partner
SO-03505,2025-10-20,C0531,Winter Boot,Shoes,North,3,159,0,web
SO-03506,2024-06-23,C0375,Rain Jacket,Jackets,West,1,179,0,partner
SO-03507,2024-06-30,C0227,Running Shorts,Sports,West,2,35,5,store
SO-03508,2024-05-31,C0423,Rain Jacket,Jackets,South,2,179,0,partner
SO-03509,2025-12-21,C0488,Leather Belt,Accessories,North,2,45,0,store
SO-03510,2024-01-26,C0205,Wool Beanie,Accessories,West,3,29,15,partner
SO-03511,2025-12-02,C0710,Running Shorts,Sports,West,1,35,0,web
SO-03512,2024-11-12,C0188,City Sneaker,Shoes,North,3,89,5,web
SO-03513,2024-05-15,C0584,Winter Boot,Shoes,North,2,159,0,partner
SO-03514,2025-12-20,C0408,Fleece,Jackets,West,1,79,0,web
SO-03515,2024-10-06,C0333,Fleece,Jackets,North,1,79,0,partner
SO-03516,2024-09-15,C0357,Yoga Mat,Sports,North,4,39,10,store
SO-03517,2025-08-19,C0342,Backpack,Accessories,West,4,99,15,web
SO-03518,2025-12-12,C0776,Winter Boot,Shoes,East,1,159,0,web
SO-03519,2025-12-31,C0454,Running Shorts,Sports,West,1,35,0,web
SO-03520,2024-08-14,C0500,City Sneaker,Shoes,South,2,89,0,store
SO-03521,2024-07-07,C0768,Running Shorts,Sports,North,5,35,0,partner
SO-03522,2024-07-05,C0129,Fleece,Jackets,North,3,79,15,store
SO-03523,2024-07-10,C0644,Wool Beanie,Accessories,East,2,29,0,store
SO-03524,2025-11-22,C0728,City Sneaker,Shoes,East,3,89,5,web
SO-03525,2025-11-04,C0622,Rain Jacket,Jackets,North,3,179,10,store
SO-03526,2024-10-21,C0366,Training Top,Sports,North,4,42,20,web
SO-03527,2025-08-21,C0113,City Sneaker,Shoes,North,3,89,0,web
SO-03528,2025-07-22,C0168,Winter Boot,Shoes,North,4,159,20,store
SO-03529,2024-01-17,C0588,Fleece,Jackets,East,3,79,0,partner
SO-03530,2024-04-02,C0591,City Sneaker,Shoes,North,1,89,0,partner
SO-03531,2025-05-05,C0011,Trail Runner,Shoes,East,3,129,0,web
SO-03532,2025-08-22,C0100,Leather Belt,Accessories,East,5,45,30,web
SO-03533,2025-12-05,C0666,Down Parka,Jackets,South,2,289,0,web
SO-03534,2024-03-04,C0677,Yoga Mat,Sports,West,5,39,30,web
SO-03535,2025-12-26,C0117,City Sneaker,Shoes,North,2,89,10,web
SO-03536,2024-03-17,C0786,Training Top,Sports,South,2,42,5,web
SO-03537,2025-03-19,C0518,Running Shorts,Sports,North,3,35,15,store
SO-03538,2024-06-17,C0029,Trail Runner,Shoes,East,3,129,5,store
SO-03539,2024-12-23,C0117,Training Top,Sports,East,3,42,0,store
SO-03540,2024-06-25,C0350,City Sneaker,Shoes,North,2,89,5,store
SO-03541,2025-07-01,C0523,Backpack,Accessories,West,2,99,0,partner
SO-03542,2025-12-02,C0161,Running Shorts,Sports,South,3,35,10,web
SO-03543,2024-02-27,C0135,Rain Jacket,Jackets,South,2,179,0,partner
SO-03544,2025-12-12,C0235,Rain Jacket,Jackets,East,4,179,15,store
SO-03545,2024-01-15,C0316,Backpack,Accessories,West,3,99,10,store
SO-03546,2024-09-24,C0451,Rain Jacket,Jackets,South,4,179,30,store
SO-03547,2024-10-20,C0422,City Sneaker,Shoes,East,3,89,0,web
SO-03548,2024-11-01,C0718,Backpack,Accessories,South,3,99,15,web
SO-03549,2024-06-30,C0229,Leather Belt,Accessories,North,1,45,0,partner
SO-03550,2025-09-08,C0002,Rain Jacket,Jackets,North,1,179,0,store
SO-03551,2025-10-03,C0158,Winter Boot,Shoes,West,2,159,10,store
SO-03552,2025-04-29,C0425,Leather Belt,Accessories,West,3,45,0,store
SO-03553,2024-12-19,C0546,Backpack,Accessories,East,5,99,20,web
SO-03554,2024-11-24,C0681,Wool Beanie,Accessories,West,3,29,10,web
SO-03555,2025-03-24,C0579,Running Shorts,Sports,North,1,35,0,web
SO-03556,2024-11-11,C0028,Yoga Mat,Sports,North,2,39,0,store
SO-03557,2025-12-30,C0578,Backpack,Accessories,South,4,99,10,web
SO-03558,2024-05-29,C0095,Winter Boot,Shoes,West,3,159,5,store
SO-03559,2025-03-04,C0649,City Sneaker,Shoes,West,2,89,0,web
SO-03560,2024-07-21,C0520,Running Shorts,Sports,South,5,35,20,web
SO-03561,2024-02-02,C0770,Fleece,Jackets,East,4,79,0,store
SO-03562,2024-12-10,C0758,Training Top,Sports,East,4,42,20,store
SO-03563,2025-03-22,C0778,Trail Runner,Shoes,North,2,129,15,store
SO-03564,2025-05-25,C0210,Leather Belt,Accessories,South,3,45,20,partner
SO-03565,2024-11-12,C0591,Rain Jacket,Jackets,West,6,179,20,store
SO-03566,2024-10-23,C0041,Running Shorts,Sports,South,2,35,0,web
SO-03567,2024-08-09,C0503,City Sneaker,Shoes,South,4,89,20,store
SO-03568,2025-01-02,C0681,Running Shorts,Sports,East,2,35,5,store
SO-03569,2025-11-13,C0197,Training Top,Sports,East,1,42,0,web
SO-03570,2025-03-13,C0688,Running Shorts,Sports,West,3,35,5,web
SO-03571,2025-12-13,C0512,Wool Beanie,Accessories,South,3,29,5,web
SO-03572,2024-12-03,C0502,Training Top,Sports,Central,2,42,0,web
SO-03573,2025-04-01,C0136,Training Top,Sports,South,7,42,30,store
SO-03574,2024-05-31,C0482,Running Shorts,Sports,South,2,35,5,store
SO-03575,2025-05-06,C0013,Wool Beanie,Accessories,Central,2,29,0,store
SO-03576,2024-03-05,C0314,Wool Beanie,Accessories,North,1,29,0,store
SO-03577,2024-10-05,C0097,Yoga Mat,Sports,North,2,39,0,store
SO-03578,2024-08-29,C0764,Yoga Mat,Sports,North,3,39,0,store
SO-03579,2024-10-19,C0522,Trail Runner,Shoes,West,1,129,5,store
SO-03580,2024-12-08,C0135,City Sneaker,Shoes,East,1,89,10,store
SO-03581,2024-01-17,C0281,Leather Belt,Accessories,North,2,45,15,store
SO-03582,2025-09-03,C0316,Down Parka,Jackets,East,2,289,5,web
SO-03583,2024-03-28,C0709,Wool Beanie,Accessories,South,3,29,20,store
SO-03584,2025-09-30,C0491,Rain Jacket,Jackets,East,2,179,15,store
SO-03585,2025-10-18,C0029,Leather Belt,Accessories,North,4,45,15,web
SO-03586,2024-12-19,C0375,Wool Beanie,Accessories,North,2,29,15,web
SO-03587,2024-08-19,C0800,Backpack,Accessories,East,5,99,0,web
SO-03588,2024-10-04,C0769,Trail Runner,Shoes,East,6,129,20,web
SO-03589,2024-07-08,C0394,Leather Belt,Accessories,Central,1,45,10,partner
SO-03590,2024-03-21,C0740,Rain Jacket,Jackets,South,2,179,30,store
SO-03591,2024-12-31,C0753,Backpack,Accessories,Central,2,99,0,web
SO-03592,2025-06-20,C0431,Winter Boot,Shoes,South,2,159,5,store
SO-03593,2025-06-19,C0447,Training Top,Sports,West,3,42,0,store
SO-03594,2024-07-07,C0483,Trail Runner,Shoes,West,3,129,0,store
SO-03595,2025-01-27,C0413,Rain Jacket,Jackets,North,1,179,0,partner
SO-03596,2024-04-11,C0221,Down Parka,Jackets,West,3,289,5,store
SO-03597,2025-12-08,C0381,Winter Boot,Shoes,West,2,159,20,web
SO-03598,2025-12-12,C0771,Leather Belt,Accessories,Central,5,45,20,store
SO-03599,2024-03-20,C0768,Leather Belt,Accessories,West,2,45,10,store
SO-03600,2025-10-12,C0084,Backpack,Accessories,West,5,99,15,web
SO-03601,2025-11-26,C0381,Wool Beanie,Accessories,West,1,29,0,web
SO-03602,2024-02-18,C0592,Trail Runner,Shoes,South,1,129,0,web
SO-03603,2025-11-19,C0229,Backpack,Accessories,South,1,99,0,store
SO-03604,2024-06-17,C0016,Leather Belt,Accessories,West,1,45,5,store
SO-03605,2025-04-19,C0593,Rain Jacket,Jackets,Central,4,179,10,store
SO-03606,2024-07-07,C0733,Training Top,Sports,North,2,42,0,partner
SO-03607,2024-03-05,C0005,Leather Belt,Accessories,West,2,45,15,partner
SO-03608,2025-05-13,C0744,Yoga Mat,Sports,East,2,39,0,store
SO-03609,2024-12-17,C0254,Backpack,Accessories,East,2,99,5,store
SO-03610,2024-08-16,C0361,Training Top,Sports,East,2,42,0,partner
SO-03611,2024-06-04,C0543,Training Top,Sports,East,5,42,30,store
SO-03612,2024-11-23,C0219,Running Shorts,Sports,East,3,35,15,web
SO-03613,2025-10-31,C0353,Winter Boot,Shoes,East,1,159,5,store
SO-03614,2025-10-23,C0309,Leather Belt,Accessories,North,4,45,0,partner
SO-03615,2025-07-01,C0316,Running Shorts,Sports,South,1,35,0,store
SO-03616,2024-05-05,C0743,Rain Jacket,Jackets,North,4,179,15,store
SO-03617,2024-02-26,C0442,Training Top,Sports,West,1,42,0,partner
SO-03618,2025-11-18,C0302,Backpack,Accessories,North,1,99,0,partner
SO-03619,2025-12-21,C0113,Backpack,Accessories,North,1,99,0,web
SO-03620,2024-05-08,C0253,Training Top,Sports,West,3,42,10,partner
SO-03621,2024-07-31,C0691,Fleece,Jackets,North,2,79,0,web
SO-03622,2025-02-05,C0355,Training Top,Sports,North,2,42,15,store
SO-03623,2024-07-25,C0743,Wool Beanie,Accessories,South,2,29,0,store
SO-03624,2024-08-23,C0043,Winter Boot,Shoes,Central,1,159,0,store
SO-03625,2024-03-15,C0599,Rain Jacket,Jackets,Central,2,179,10,store
SO-03626,2025-11-02,C0743,Trail Runner,Shoes,West,2,129,5,store
SO-03627,2024-02-24,C0010,Down Parka,Jackets,East,4,289,10,store
SO-03628,2024-07-25,C0188,Down Parka,Jackets,South,3,289,0,partner
SO-03629,2025-12-03,C0342,City Sneaker,Shoes,West,4,89,15,web
SO-03630,2025-10-23,C0237,Down Parka,Jackets,West,1,289,0,store
SO-03631,2025-02-17,C0604,Backpack,Accessories,Central,3,99,15,store
SO-03632,2025-07-02,C0082,Yoga Mat,Sports,Central,4,39,15,web
SO-03633,2025-07-19,C0755,Yoga Mat,Sports,East,3,39,10,store
SO-03634,2025-12-11,C0706,Running Shorts,Sports,North,4,35,15,partner
SO-03635,2025-12-15,C0662,Trail Runner,Shoes,East,3,129,5,web
SO-03636,2025-07-23,C0344,Backpack,Accessories,West,2,99,10,web
SO-03637,2024-04-12,C0672,Wool Beanie,Accessories,East,5,29,15,web
SO-03638,2025-12-07,C0571,Leather Belt,Accessories,North,2,45,0,store
SO-03639,2024-06-10,C0347,Fleece,Jackets,South,1,79,0,web
SO-03640,2025-08-30,C0706,Winter Boot,Shoes,North,1,159,0,partner
SO-03641,2024-05-06,C0625,Leather Belt,Accessories,East,1,45,20,store
SO-03642,2025-12-15,C0488,Backpack,Accessories,South,3,99,10,web
SO-03643,2025-07-28,C0472,Down Parka,Jackets,East,1,289,5,store
SO-03644,2025-04-15,C0721,Backpack,Accessories,South,2,99,5,store
SO-03645,2024-08-31,C0675,Training Top,Sports,North,2,42,0,partner
SO-03646,2024-10-29,C0366,Wool Beanie,Accessories,South,3,29,15,store
SO-03647,2024-02-25,C0197,Down Parka,Jackets,North,3,289,15,partner
SO-03648,2024-01-30,C0710,Yoga Mat,Sports,East,2,39,0,store
SO-03649,2024-02-07,C0113,Backpack,Accessories,East,4,99,20,partner
SO-03650,2025-06-03,C0107,Rain Jacket,Jackets,East,1,179,0,store
SO-03651,2025-11-12,C0583,Fleece,Jackets,South,1,79,0,web
SO-03652,2025-12-13,C0668,Yoga Mat,Sports,West,3,39,20,web
SO-03653,2025-08-12,C0367,Leather Belt,Accessories,North,1,45,0,web
SO-03654,2025-09-26,C0457,Wool Beanie,Accessories,West,2,29,10,partner
SO-03655,2025-09-15,C0075,Wool Beanie,Accessories,North,1,29,0,store
SO-03656,2024-12-23,C0403,Wool Beanie,Accessories,Central,2,29,20,store
SO-03657,2025-11-17,C0584,City Sneaker,Shoes,North,7,89,15,store
SO-03658,2025-08-06,C0619,Backpack,Accessories,South,3,99,10,store
SO-03659,2024-04-21,C0437,Trail Runner,Shoes,South,3,129,5,store
SO-03660,2024-11-07,C0167,Training Top,Sports,West,2,42,0,partner
SO-03661,2025-11-03,C0203,Training Top,Sports,North,1,42,0,partner
SO-03662,2024-09-22,C0378,Rain Jacket,Jackets,East,1,179,5,store
SO-03663,2025-04-21,C0500,Leather Belt,Accessories,North,1,45,0,partner
SO-03664,2025-10-30,C0616,Training Top,Sports,South,3,42,10,store
SO-03665,2024-02-17,C0605,Fleece,Jackets,West,2,79,10,partner
SO-03666,2025-06-29,C0438,Running Shorts,Sports,West,1,35,0,web
SO-03667,2025-11-10,C0407,Yoga Mat,Sports,East,1,39,0,web
SO-03668,2025-11-23,C0146,Leather Belt,Accessories,South,4,45,15,partner
SO-03669,2025-12-04,C0246,Rain Jacket,Jackets,North,1,179,0,web
SO-03670,2025-12-19,C0507,Running Shorts,Sports,North,1,35,0,store
SO-03671,2024-10-09,C0200,Running Shorts,Sports,North,1,35,0,web
SO-03672,2024-09-01,C0130,Running Shorts,Sports,West,1,35,0,web
SO-03673,2025-06-22,C0162,Backpack,Accessories,North,2,99,0,web
SO-03674,2024-12-02,C0714,Down Parka,Jackets,East,4,289,10,partner
SO-03675,2025-11-29,C0061,Running Shorts,Sports,North,2,35,0,store
SO-03676,2025-09-06,C0251,Rain Jacket,Jackets,East,2,179,0,web
SO-03677,2024-05-16,C0680,Down Parka,Jackets,West,2,289,0,partner
SO-03678,2025-10-24,C0340,Running Shorts,Sports,East,1,35,0,store
SO-03679,2025-08-15,C0752,Trail Runner,Shoes,South,2,129,0,web
SO-03680,2025-11-15,C0316,Trail Runner,Shoes,East,4,129,15,web
SO-03681,2025-11-20,C0732,Trail Runner,Shoes,North,1,129,5,web
SO-03682,2025-04-20,C0218,Leather Belt,Accessories,East,3,45,5,store
SO-03683,2025-12-18,C0373,Fleece,Jackets,North,2,79,15,store
SO-03684,2025-01-10,C0624,Leather Belt,Accessories,Central,4,45,20,store
SO-03685,2024-10-12,C0505,City Sneaker,Shoes,South,3,89,20,partner
SO-03686,2025-07-09,C0451,Leather Belt,Accessories,North,3,45,20,store
SO-03687,2024-05-05,C0112,Wool Beanie,Accessories,West,1,29,0,web
SO-03688,2024-06-26,C0545,Rain Jacket,Jackets,Central,1,179,0,store
SO-03689,2024-10-12,C0215,Yoga Mat,Sports,North,1,39,5,web
SO-03690,2025-01-18,C0797,Backpack,Accessories,East,4,99,15,web
SO-03691,2025-02-09,C0603,Down Parka,Jackets,South,2,289,0,web
SO-03692,2024-11-01,C0151,Yoga Mat,Sports,West,4,39,0,store
SO-03693,2025-12-06,C0637,Trail Runner,Shoes,East,1,129,5,web
SO-03694,2024-03-05,C0765,Backpack,Accessories,South,2,99,5,web
SO-03695,2025-02-02,C0313,Rain Jacket,Jackets,West,1,179,0,web
SO-03696,2024-07-13,C0638,Training Top,Sports,South,1,42,0,store
SO-03697,2024-11-22,C0499,Trail Runner,Shoes,South,1,129,5,web
SO-03698,2024-11-03,C0202,Backpack,Accessories,East,1,99,5,partner
SO-03699,2024-09-20,C0385,Backpack,Accessories,South,1,99,0,partner
SO-03700,2025-12-15,C0166,Trail Runner,Shoes,South,2,129,5,partner
SO-03701,2025-02-25,C0627,Backpack,Accessories,Central,1,99,0,web
SO-03702,2024-07-05,C0571,Winter Boot,Shoes,North,1,159,0,partner
SO-03703,2024-12-20,C0424,Yoga Mat,Sports,North,4,39,10,web
SO-03704,2024-06-19,C0365,Yoga Mat,Sports,North,1,39,0,web
SO-03705,2025-12-08,C0253,Rain Jacket,Jackets,West,3,179,0,web
SO-03706,2024-07-28,C0618,Training Top,Sports,West,1,42,0,store
SO-03707,2025-03-18,C0695,Yoga Mat,Sports,West,1,39,10,web
SO-03708,2024-06-21,C0210,Training Top,Sports,Central,4,42,10,web
SO-03709,2025-08-28,C0336,Fleece,Jackets,Central,2,79,5,web
SO-03710,2025-04-10,C0103,Rain Jacket,Jackets,East,1,179,20,web
SO-03711,2024-04-13,C0723,Running Shorts,Sports,East,2,35,0,web
SO-03712,2025-04-22,C0359,Backpack,Accessories,East,4,99,30,web
SO-03713,2025-10-31,C0445,Down Parka,Jackets,South,3,289,0,store
SO-03714,2024-08-05,C0420,Winter Boot,Shoes,Central,2,159,0,store
SO-03715,2025-11-24,C0602,Trail Runner,Shoes,North,1,129,0,store
SO-03716,2024-07-31,C0593,Running Shorts,Sports,Central,2,35,20,web
SO-03717,2025-02-02,C0075,Yoga Mat,Sports,West,2,39,10,partner
SO-03718,2025-03-21,C0407,Trail Runner,Shoes,Central,4,129,15,web
SO-03719,2024-03-06,C0355,City Sneaker,Shoes,East,1,89,0,partner
SO-03720,2025-03-24,C0281,Backpack,Accessories,South,2,99,0,partner
SO-03721,2025-12-27,C0642,Running Shorts,Sports,West,1,35,0,store
SO-03722,2024-01-05,C0190,Wool Beanie,Accessories,West,1,29,0,store
SO-03723,2024-11-27,C0506,Wool Beanie,Accessories,East,4,29,10,store
SO-03724,2025-02-11,C0714,Trail Runner,Shoes,North,3,129,5,partner
SO-03725,2024-03-10,C0147,Trail Runner,Shoes,North,3,129,10,web
SO-03726,2024-05-20,C0772,Down Parka,Jackets,North,1,289,5,store
SO-03727,2024-11-29,C0164,Wool Beanie,Accessories,West,4,29,20,web
SO-03728,2024-06-24,C0793,Backpack,Accessories,East,4,99,20,partner
SO-03729,2024-06-14,C0114,Leather Belt,Accessories,East,2,45,10,store
SO-03730,2025-06-25,C0454,Wool Beanie,Accessories,North,5,29,30,partner
SO-03731,2024-03-30,C0288,Rain Jacket,Jackets,West,1,179,0,web
SO-03732,2025-05-19,C0080,Backpack,Accessories,South,2,99,0,web
SO-03733,2025-11-05,C0786,City Sneaker,Shoes,South,1,89,0,store
SO-03734,2024-12-26,C0741,Trail Runner,Shoes,North,2,129,20,store
SO-03735,2025-03-31,C0604,City Sneaker,Shoes,South,2,89,15,web
SO-03736,2025-12-14,C0150,Down Parka,Jackets,South,5,289,15,web
SO-03737,2024-11-07,C0369,Trail Runner,Shoes,Central,3,129,20,store
SO-03738,2024-03-03,C0659,Down Parka,Jackets,East,1,289,0,partner
SO-03739,2024-07-18,C0408,Down Parka,Jackets,East,2,289,0,store
SO-03740,2025-10-02,C0639,Backpack,Accessories,Central,3,99,5,partner
SO-03741,2024-08-17,C0413,Down Parka,Jackets,West,2,289,5,partner
SO-03742,2025-12-25,C0291,Wool Beanie,Accessories,Central,3,29,5,web
SO-03743,2025-04-29,C0696,Wool Beanie,Accessories,West,3,29,5,web
SO-03744,2025-01-22,C0468,Training Top,Sports,South,1,42,10,store
SO-03745,2024-11-14,C0292,Backpack,Accessories,East,4,99,20,store
SO-03746,2025-03-02,C0171,Wool Beanie,Accessories,East,4,29,15,store
SO-03747,2024-12-03,C0602,Rain Jacket,Jackets,North,2,179,0,partner
SO-03748,2024-04-11,C0428,Winter Boot,Shoes,Central,1,159,0,web
SO-03749,2025-08-06,C0232,Backpack,Accessories,Central,1,99,0,store
SO-03750,2024-04-07,C0588,Down Parka,Jackets,Central,4,289,10,store
SO-03751,2024-09-01,C0225,Backpack,Accessories,South,2,99,5,partner
SO-03752,2024-12-22,C0029,Training Top,Sports,North,3,42,0,partner
SO-03753,2025-01-07,C0053,Trail Runner,Shoes,East,1,129,0,web
SO-03754,2025-04-02,C0018,Wool Beanie,Accessories,North,3,29,10,web
SO-03755,2025-03-12,C0745,Training Top,Sports,North,4,42,15,partner
SO-03756,2024-10-13,C0228,Rain Jacket,Jackets,West,2,179,0,store
SO-03757,2025-11-08,C0378,Yoga Mat,Sports,North,2,39,5,web
SO-03758,2024-07-04,C0387,Running Shorts,Sports,South,5,35,20,store
SO-03759,2025-09-18,C0338,City Sneaker,Shoes,East,3,89,5,web
SO-03760,2024-03-27,C0585,Fleece,Jackets,Central,1,79,0,web
SO-03761,2024-02-20,C0248,Rain Jacket,Jackets,West,4,179,20,store
SO-03762,2025-12-15,C0665,Wool Beanie,Accessories,North,3,29,15,web
SO-03763,2024-01-11,C0326,Backpack,Accessories,South,1,99,10,store
SO-03764,2025-08-04,C0498,City Sneaker,Shoes,West,4,89,10,store
SO-03765,2025-03-11,C0239,Winter Boot,Shoes,North,4,159,15,partner
SO-03766,2025-03-13,C0464,Rain Jacket,Jackets,East,4,179,0,store
SO-03767,2025-04-19,C0360,Trail Runner,Shoes,West,2,129,0,web
SO-03768,2024-01-09,C0728,Yoga Mat,Sports,North,2,39,10,web
SO-03769,2024-09-09,C0038,Trail Runner,Shoes,East,1,129,0,store
SO-03770,2025-10-15,C0614,Wool Beanie,Accessories,South,2,29,0,web
SO-03771,2024-06-23,C0049,City Sneaker,Shoes,West,1,89,0,partner
SO-03772,2024-10-27,C0451,Running Shorts,Sports,North,1,35,0,store
SO-03773,2024-08-06,C0733,Fleece,Jackets,West,4,79,10,store
SO-03774,2025-04-04,C0682,Trail Runner,Shoes,East,2,129,10,store
SO-03775,2024-05-22,C0098,Training Top,Sports,East,4,42,20,web
SO-03776,2024-06-04,C0191,Winter Boot,Shoes,South,3,159,5,store
SO-03777,2024-06-27,C0654,Training Top,Sports,East,2,42,5,store
SO-03778,2024-01-02,C0069,Leather Belt,Accessories,North,1,45,0,web
SO-03779,2024-12-16,C0735,Leather Belt,Accessories,West,2,45,10,store
SO-03780,2025-01-08,C0243,Rain Jacket,Jackets,West,3,179,5,web
SO-03781,2024-02-22,C0239,Down Parka,Jackets,North,4,289,0,store
SO-03782,2024-10-17,C0062,Fleece,Jackets,Central,4,79,15,web
SO-03783,2024-02-19,C0577,City Sneaker,Shoes,South,2,89,0,web
SO-03784,2024-10-24,C0559,Winter Boot,Shoes,Central,1,159,0,store
SO-03785,2024-09-12,C0294,Yoga Mat,Sports,South,2,39,0,web
SO-03786,2025-04-02,C0584,Fleece,Jackets,North,2,79,10,store
SO-03787,2025-04-18,C0647,Training Top,Sports,South,3,42,0,partner
SO-03788,2024-11-23,C0622,Fleece,Jackets,East,3,79,20,web
SO-03789,2024-05-30,C0280,Down Parka,Jackets,West,4,289,15,partner
SO-03790,2025-02-05,C0149,Backpack,Accessories,Central,1,99,10,web
SO-03791,2025-11-04,C0748,Down Parka,Jackets,Central,1,289,0,web
SO-03792,2024-06-11,C0371,City Sneaker,Shoes,Central,7,89,30,partner
SO-03793,2024-07-27,C0161,City Sneaker,Shoes,East,3,89,15,store
SO-03794,2025-03-13,C0347,Winter Boot,Shoes,Central,1,159,5,web
SO-03795,2025-12-25,C0441,Yoga Mat,Sports,North,1,39,0,web
SO-03796,2024-03-21,C0320,Rain Jacket,Jackets,South,1,179,5,store
SO-03797,2025-08-25,C0777,Trail Runner,Shoes,South,2,129,15,store
SO-03798,2025-11-06,C0529,City Sneaker,Shoes,East,2,89,0,partner
SO-03799,2025-11-20,C0398,City Sneaker,Shoes,West,3,89,5,web
SO-03800,2024-01-20,C0555,Backpack,Accessories,West,1,99,15,partner
SO-03801,2025-08-19,C0608,Rain Jacket,Jackets,South,3,179,20,store
SO-03802,2025-09-16,C0567,Training Top,Sports,North,3,42,0,web
SO-03803,2025-02-05,C0355,Wool Beanie,Accessories,South,1,29,5,web
SO-03804,2024-10-16,C0023,Running Shorts,Sports,East,4,35,0,web
SO-03805,2025-11-28,C0546,Yoga Mat,Sports,East,3,39,5,partner
SO-03806,2025-08-11,C0425,Winter Boot,Shoes,West,1,159,0,partner
SO-03807,2025-07-14,C0229,Winter Boot,Shoes,East,3,159,20,web
SO-03808,2025-10-29,C0267,Trail Runner,Shoes,East,5,129,30,store
SO-03809,2024-01-12,C0126,Fleece,Jackets,North,4,79,0,store
SO-03810,2025-03-01,C0480,Rain Jacket,Jackets,North,4,179,30,web
SO-03811,2024-12-16,C0065,Wool Beanie,Accessories,West,3,29,10,web
SO-03812,2024-04-23,C0669,City Sneaker,Shoes,East,3,89,15,store
SO-03813,2025-06-12,C0059,Running Shorts,Sports,North,3,35,0,partner
SO-03814,2024-07-13,C0380,Leather Belt,Accessories,East,1,45,0,web
SO-03815,2025-02-18,C0520,Rain Jacket,Jackets,Central,1,179,0,web
SO-03816,2025-02-03,C0749,Trail Runner,Shoes,Central,3,129,10,store
SO-03817,2025-12-10,C0237,Backpack,Accessories,South,2,99,5,web
SO-03818,2025-06-12,C0564,Leather Belt,Accessories,Central,3,45,15,web
SO-03819,2024-10-07,C0563,Backpack,Accessories,East,1,99,0,partner
SO-03820,2024-02-16,C0563,Running Shorts,Sports,East,1,35,0,store
SO-03821,2025-09-19,C0326,Trail Runner,Shoes,North,3,129,10,partner
SO-03822,2025-06-16,C0573,Down Parka,Jackets,North,2,289,0,store
SO-03823,2025-09-25,C0230,Rain Jacket,Jackets,Central,1,179,0,web
SO-03824,2024-12-15,C0147,Running Shorts,Sports,East,1,35,0,web
SO-03825,2025-07-29,C0011,City Sneaker,Shoes,South,3,89,15,store
SO-03826,2025-12-27,C0245,Trail Runner,Shoes,West,1,129,0,partner
SO-03827,2024-06-14,C0162,Yoga Mat,Sports,East,3,39,15,store
SO-03828,2025-01-30,C0369,Rain Jacket,Jackets,Central,2,179,10,store
SO-03829,2024-11-29,C0417,Rain Jacket,Jackets,East,2,179,10,store
SO-03830,2025-02-23,C0101,Winter Boot,Shoes,West,6,159,30,store
SO-03831,2024-09-15,C0090,Running Shorts,Sports,North,1,35,5,store
SO-03832,2024-08-12,C0582,Down Parka,Jackets,East,1,289,10,store
SO-03833,2025-10-24,C0318,Fleece,Jackets,West,2,79,0,store
SO-03834,2024-06-15,C0205,Fleece,Jackets,East,2,79,5,store
SO-03835,2024-05-20,C0645,Yoga Mat,Sports,East,5,39,10,store
SO-03836,2025-07-13,C0406,Training Top,Sports,North,1,42,0,web
SO-03837,2024-05-14,C0468,City Sneaker,Shoes,East,1,89,10,web
SO-03838,2024-12-15,C0686,City Sneaker,Shoes,South,1,89,0,web
SO-03839,2025-07-08,C0715,Yoga Mat,Sports,West,2,39,0,web
SO-03840,2025-07-04,C0170,Training Top,Sports,East,2,42,0,web
SO-03841,2024-10-03,C0460,Yoga Mat,Sports,North,3,39,0,store
SO-03842,2024-06-27,C0469,Running Shorts,Sports,North,3,35,0,partner
SO-03843,2024-07-17,C0081,Running Shorts,Sports,South,2,35,20,web
SO-03844,2025-10-19,C0067,Down Parka,Jackets,North,1,289,5,store
SO-03845,2025-08-11,C0366,Winter Boot,Shoes,East,3,159,10,web
SO-03846,2025-02-19,C0212,Trail Runner,Shoes,East,1,129,5,web
SO-03847,2024-06-06,C0116,Rain Jacket,Jackets,West,2,179,10,web
SO-03848,2025-12-12,C0004,Running Shorts,Sports,East,1,35,0,web
SO-03849,2025-01-24,C0797,Backpack,Accessories,North,1,99,0,store
SO-03850,2025-03-16,C0161,Training Top,Sports,East,1,42,10,partner
SO-03851,2025-03-15,C0577,Rain Jacket,Jackets,South,3,179,5,store
SO-03852,2024-12-06,C0685,Down Parka,Jackets,North,1,289,0,partner
SO-03853,2025-02-19,C0092,Fleece,Jackets,South,2,79,5,web
SO-03854,2024-12-19,C0107,Fleece,Jackets,South,3,79,20,store
SO-03855,2025-12-13,C0669,Training Top,Sports,South,4,42,20,web
SO-03856,2024-01-30,C0762,Down Parka,Jackets,North,3,289,10,partner
SO-03857,2025-10-06,C0405,Running Shorts,Sports,Central,4,35,0,partner
SO-03858,2025-10-21,C0203,Leather Belt,Accessories,East,2,45,15,partner
SO-03859,2025-09-30,C0095,Running Shorts,Sports,North,1,35,0,web
SO-03860,2025-06-24,C0739,Wool Beanie,Accessories,Central,2,29,5,partner
SO-03861,2025-02-20,C0082,City Sneaker,Shoes,West,1,89,5,store
SO-03862,2024-08-19,C0561,Wool Beanie,Accessories,East,2,29,0,store
SO-03863,2024-03-17,C0714,Running Shorts,Sports,South,2,35,10,store
SO-03864,2024-06-01,C0098,Running Shorts,Sports,South,1,35,0,web
SO-03865,2025-10-29,C0263,Leather Belt,Accessories,West,6,45,30,web
SO-03866,2024-07-20,C0512,City Sneaker,Shoes,East,4,89,10,store
SO-03867,2025-10-15,C0643,Backpack,Accessories,North,3,99,0,store
SO-03868,2024-05-26,C0405,Training Top,Sports,North,3,42,0,web
SO-03869,2025-12-02,C0422,Down Parka,Jackets,West,3,289,0,web
SO-03870,2024-12-17,C0719,Leather Belt,Accessories,Central,2,45,0,web
SO-03871,2025-09-15,C0224,City Sneaker,Shoes,Central,4,89,10,web
SO-03872,2024-10-25,C0641,City Sneaker,Shoes,West,4,89,10,web
SO-03873,2024-01-26,C0035,Rain Jacket,Jackets,North,4,179,15,partner
SO-03874,2025-04-02,C0375,Down Parka,Jackets,West,1,289,0,store
SO-03875,2024-12-06,C0244,Backpack,Accessories,North,2,99,0,partner
SO-03876,2024-10-01,C0621,Yoga Mat,Sports,West,5,39,20,web
SO-03877,2024-05-30,C0325,Rain Jacket,Jackets,North,3,179,20,web
SO-03878,2025-07-15,C0148,Fleece,Jackets,South,1,79,0,web
SO-03879,2025-11-17,C0197,Yoga Mat,Sports,North,1,39,0,web
SO-03880,2025-03-05,C0636,Backpack,Accessories,West,2,99,5,web
SO-03881,2024-05-30,C0273,Fleece,Jackets,West,3,79,0,store
SO-03882,2025-04-07,C0247,Backpack,Accessories,West,1,99,0,store
SO-03883,2024-12-31,C0064,City Sneaker,Shoes,East,2,89,10,web
SO-03884,2024-12-08,C0181,Trail Runner,Shoes,South,7,129,30,web
SO-03885,2025-12-25,C0005,Backpack,Accessories,East,3,99,10,web
SO-03886,2024-06-02,C0303,Fleece,Jackets,East,1,79,0,web
SO-03887,2025-07-02,C0027,Rain Jacket,Jackets,North,3,179,20,web
SO-03888,2024-01-12,C0383,Running Shorts,Sports,South,1,35,0,web
SO-03889,2024-07-28,C0188,Rain Jacket,Jackets,North,4,179,20,partner
SO-03890,2025-11-07,C0145,Trail Runner,Shoes,South,1,129,0,web
SO-03891,2025-11-01,C0553,Backpack,Accessories,West,2,99,15,store
SO-03892,2025-04-18,C0182,Rain Jacket,Jackets,East,1,179,5,store
SO-03893,2025-02-11,C0600,Running Shorts,Sports,Central,1,35,15,web
SO-03894,2025-11-02,C0510,Fleece,Jackets,West,1,79,0,web
SO-03895,2025-07-30,C0691,Fleece,Jackets,North,1,79,0,store
SO-03896,2024-12-18,C0038,Fleece,Jackets,West,4,79,0,web
SO-03897,2025-02-21,C0405,Winter Boot,Shoes,West,1,159,0,store
SO-03898,2025-03-24,C0509,Backpack,Accessories,North,2,99,0,web
SO-03899,2025-08-10,C0362,Running Shorts,Sports,East,2,35,0,web
SO-03900,2024-08-29,C0521,Wool Beanie,Accessories,North,5,29,30,store
SO-03901,2024-08-02,C0648,Fleece,Jackets,North,1,79,0,partner
SO-03902,2025-03-24,C0768,Trail Runner,Shoes,North,4,129,20,partner
SO-03903,2025-12-22,C0391,Down Parka,Jackets,East,1,289,0,store
SO-03904,2025-12-27,C0218,Winter Boot,Shoes,West,2,159,10,store
SO-03905,2024-11-14,C0466,Yoga Mat,Sports,West,3,39,0,partner
SO-03906,2024-05-04,C0152,Rain Jacket,Jackets,East,1,179,0,web
SO-03907,2024-10-20,C0712,Down Parka,Jackets,North,1,289,10,store
SO-03908,2025-03-20,C0777,Down Parka,Jackets,East,1,289,5,store
SO-03909,2025-12-01,C0039,Fleece,Jackets,West,3,79,10,store
SO-03910,2025-11-03,C0756,Yoga Mat,Sports,South,3,39,20,store
SO-03911,2024-11-09,C0505,Winter Boot,Shoes,West,2,159,5,store
SO-03912,2025-12-06,C0177,Yoga Mat,Sports,North,5,39,20,web
SO-03913,2025-07-01,C0013,Running Shorts,Sports,East,1,35,5,partner
SO-03914,2025-02-12,C0136,Wool Beanie,Accessories,East,1,29,20,web
SO-03915,2025-03-29,C0103,Training Top,Sports,East,1,42,0,web
SO-03916,2025-06-23,C0389,Winter Boot,Shoes,South,2,159,0,web
SO-03917,2025-06-06,C0575,Down Parka,Jackets,North,1,289,0,web
SO-03918,2024-01-12,C0274,Rain Jacket,Jackets,South,1,179,0,web
SO-03919,2025-06-25,C0312,Down Parka,Jackets,East,3,289,5,web
SO-03920,2024-01-06,C0160,Down Parka,Jackets,East,2,289,0,store
SO-03921,2025-02-16,C0210,Trail Runner,Shoes,East,4,129,15,store
SO-03922,2024-10-05,C0044,Rain Jacket,Jackets,North,1,179,0,store
SO-03923,2024-06-07,C0176,Rain Jacket,Jackets,South,3,179,15,store
SO-03924,2024-08-16,C0590,Running Shorts,Sports,West,2,35,5,store
SO-03925,2025-12-31,C0273,Down Parka,Jackets,North,3,289,15,web
SO-03926,2024-06-18,C0618,Rain Jacket,Jackets,West,1,179,5,partner
SO-03927,2025-09-22,C0664,Backpack,Accessories,Central,2,99,0,web
SO-03928,2024-12-07,C0761,Running Shorts,Sports,East,4,35,15,partner
SO-03929,2025-04-11,C0011,Running Shorts,Sports,West,3,35,10,store
SO-03930,2025-04-11,C0032,Wool Beanie,Accessories,North,4,29,5,web
SO-03931,2024-10-20,C0158,Running Shorts,Sports,East,4,35,15,partner
SO-03932,2024-01-11,C0592,Winter Boot,Shoes,West,4,159,15,partner
SO-03933,2025-07-21,C0673,Leather Belt,Accessories,North,1,45,0,store
SO-03934,2024-07-21,C0162,Running Shorts,Sports,Central,4,35,15,web
SO-03935,2025-12-23,C0438,Fleece,Jackets,West,6,79,20,store
SO-03936,2024-12-02,C0357,Backpack,Accessories,West,4,99,10,web
SO-03937,2025-07-08,C0069,Leather Belt,Accessories,East,2,45,0,web
SO-03938,2024-01-09,C0094,Wool Beanie,Accessories,South,1,29,0,partner
SO-03939,2025-03-28,C0778,Running Shorts,Sports,West,4,35,15,store
SO-03940,2025-04-29,C0035,Down Parka,Jackets,North,5,289,30,store
SO-03941,2024-11-18,C0078,Backpack,Accessories,East,2,99,5,partner
SO-03942,2024-11-30,C0649,Yoga Mat,Sports,North,2,39,10,partner
SO-03943,2024-12-15,C0494,Wool Beanie,Accessories,North,3,29,0,store
SO-03944,2024-01-16,C0149,Yoga Mat,Sports,North,1,39,0,partner
SO-03945,2024-04-05,C0284,Leather Belt,Accessories,East,3,45,0,store
SO-03946,2025-12-19,C0192,Winter Boot,Shoes,Central,1,159,0,web
SO-03947,2025-05-30,C0723,Backpack,Accessories,West,3,99,10,web
SO-03948,2025-02-22,C0660,Training Top,Sports,East,1,42,5,web
SO-03949,2025-08-22,C0023,Trail Runner,Shoes,North,1,129,0,web
SO-03950,2024-12-23,C0655,Fleece,Jackets,West,3,79,15,store
SO-03951,2025-03-30,C0749,Trail Runner,Shoes,Central,1,129,0,web
SO-03952,2025-02-26,C0484,Trail Runner,Shoes,West,1,129,0,store
SO-03953,2025-05-11,C0650,Running Shorts,Sports,North,2,35,0,web
SO-03954,2024-12-02,C0370,Down Parka,Jackets,West,1,289,0,web
SO-03955,2025-12-13,C0443,Leather Belt,Accessories,East,1,45,0,store
SO-03956,2024-06-21,C0336,City Sneaker,Shoes,East,2,89,5,store
SO-03957,2025-04-17,C0371,Backpack,Accessories,South,4,99,20,web
SO-03958,2024-09-06,C0099,Winter Boot,Shoes,West,4,159,10,partner
SO-03959,2024-08-07,C0628,City Sneaker,Shoes,North,6,89,30,store
SO-03960,2025-04-16,C0482,Rain Jacket,Jackets,North,4,179,10,store
SO-03961,2024-01-23,C0341,Leather Belt,Accessories,Central,2,45,10,store
SO-03962,2024-03-17,C0585,Wool Beanie,Accessories,West,1,29,0,partner
SO-03963,2024-05-07,C0464,Fleece,Jackets,West,1,79,5,store
SO-03964,2025-05-20,C0639,Rain Jacket,Jackets,East,1,179,5,web
SO-03965,2025-04-12,C0072,Trail Runner,Shoes,North,3,129,10,store
SO-03966,2025-05-03,C0799,City Sneaker,Shoes,South,1,89,0,web
SO-03967,2024-12-13,C0231,Fleece,Jackets,East,3,79,5,partner
SO-03968,2024-01-14,C0065,Winter Boot,Shoes,East,2,159,20,partner
SO-03969,2024-02-28,C0414,Running Shorts,Sports,West,2,35,0,store
SO-03970,2024-06-25,C0602,Down Parka,Jackets,North,1,289,0,store
SO-03971,2025-05-09,C0004,Fleece,Jackets,Central,2,79,0,web
SO-03972,2024-01-23,C0689,City Sneaker,Shoes,South,3,89,0,partner
SO-03973,2025-05-22,C0422,Running Shorts,Sports,West,1,35,5,store
SO-03974,2024-03-16,C0195,Fleece,Jackets,East,1,79,15,store
SO-03975,2024-10-01,C0279,City Sneaker,Shoes,South,3,89,15,store
SO-03976,2024-09-13,C0679,Down Parka,Jackets,South,1,289,0,store
SO-03977,2024-11-21,C0719,Backpack,Accessories,East,6,99,30,store
SO-03978,2025-12-24,C0096,Backpack,Accessories,South,5,99,20,web
SO-03979,2024-08-25,C0792,Fleece,Jackets,Central,2,79,10,store
SO-03980,2024-01-26,C0133,Running Shorts,Sports,South,2,35,0,store
SO-03981,2025-12-27,C0213,Training Top,Sports,Central,3,42,10,web
SO-03982,2024-02-23,C0270,Leather Belt,Accessories,North,3,45,30,store
SO-03983,2025-07-22,C0219,Rain Jacket,Jackets,East,2,179,0,web
SO-03984,2024-10-21,C0135,Fleece,Jackets,East,2,79,15,store
SO-03985,2025-09-16,C0330,Leather Belt,Accessories,East,6,45,30,store
SO-03986,2025-10-03,C0175,Training Top,Sports,East,1,42,0,partner
SO-03987,2024-02-27,C0416,Down Parka,Jackets,North,2,289,0,store
SO-03988,2025-09-01,C0581,Leather Belt,Accessories,North,2,45,0,web
SO-03989,2024-01-31,C0342,Running Shorts,Sports,West,3,35,0,partner
SO-03990,2025-03-28,C0429,Fleece,Jackets,South,1,79,0,web
SO-03991,2024-07-25,C0242,Running Shorts,Sports,North,3,35,10,store
SO-03992,2024-11-10,C0449,Training Top,Sports,East,2,42,0,web
SO-03993,2025-02-17,C0463,Winter Boot,Shoes,North,3,159,0,web
SO-03994,2025-05-13,C0355,Down Parka,Jackets,South,3,289,10,web
SO-03995,2025-11-19,C0095,City Sneaker,Shoes,West,2,89,10,web
SO-03996,2024-03-24,C0736,Leather Belt,Accessories,North,2,45,0,partner
SO-03997,2024-05-22,C0086,Training Top,Sports,East,2,42,20,store
SO-03998,2024-08-02,C0449,City Sneaker,Shoes,North,2,89,0,store
SO-03999,2025-11-19,C0704,Leather Belt,Accessories,West,6,45,15,web
SO-04000,2025-02-23,C0784,City Sneaker,Shoes,North,3,89,15,web
SO-04001,2025-12-06,C0396,Yoga Mat,Sports,South,3,39,20,store
SO-04002,2024-04-07,C0020,Wool Beanie,Accessories,South,3,29,0,web
SO-04003,2025-09-09,C0148,Rain Jacket,Jackets,East,1,179,5,web
SO-04004,2025-01-31,C0523,Yoga Mat,Sports,South,3,39,10,web
SO-04005,2024-07-17,C0013,Leather Belt,Accessories,North,2,45,0,store
SO-04006,2024-11-01,C0146,Leather Belt,Accessories,East,4,45,15,store
SO-04007,2025-09-06,C0703,Backpack,Accessories,West,1,99,0,web
SO-04008,2024-12-11,C0100,Trail Runner,Shoes,North,4,129,20,web
SO-04009,2024-03-29,C0371,Yoga Mat,Sports,North,5,39,0,web
SO-04010,2024-05-10,C0274,Trail Runner,Shoes,North,4,129,30,partner
SO-04011,2024-12-19,C0457,Down Parka,Jackets,West,3,289,0,web
SO-04012,2024-08-04,C0522,Backpack,Accessories,East,2,99,0,partner
SO-04013,2024-06-04,C0375,Leather Belt,Accessories,North,3,45,0,partner
SO-04014,2024-01-19,C0201,Rain Jacket,Jackets,North,3,179,5,store
SO-04015,2025-06-15,C0582,Trail Runner,Shoes,East,1,129,0,store
SO-04016,2024-06-19,C0032,Running Shorts,Sports,North,2,35,5,store
SO-04017,2024-03-27,C0041,Leather Belt,Accessories,East,2,45,10,web
SO-04018,2024-03-13,C0305,City Sneaker,Shoes,West,3,89,5,partner
SO-04019,2025-05-20,C0573,Down Parka,Jackets,North,1,289,5,web
SO-04020,2024-09-19,C0344,Wool Beanie,Accessories,Central,3,29,30,web
SO-04021,2024-01-05,C0411,Yoga Mat,Sports,Central,3,39,5,partner
SO-04022,2024-01-25,C0629,Rain Jacket,Jackets,West,2,179,5,store
SO-04023,2024-03-30,C0412,Trail Runner,Shoes,North,3,129,10,store
SO-04024,2024-12-20,C0251,Fleece,Jackets,North,1,79,0,web
SO-04025,2025-11-07,C0384,Training Top,Sports,North,1,42,0,partner
SO-04026,2025-12-09,C0648,Rain Jacket,Jackets,South,2,179,5,web
SO-04027,2024-10-28,C0063,Wool Beanie,Accessories,North,3,29,10,web
SO-04028,2024-12-08,C0291,Training Top,Sports,Central,4,42,20,store
SO-04029,2025-04-02,C0281,Fleece,Jackets,East,1,79,0,web
SO-04030,2024-04-09,C0535,Winter Boot,Shoes,West,3,159,15,partner
SO-04031,2024-03-12,C0141,Yoga Mat,Sports,North,2,39,15,store
SO-04032,2024-11-23,C0493,Fleece,Jackets,North,1,79,0,store
SO-04033,2024-11-19,C0705,Winter Boot,Shoes,East,1,159,0,store
SO-04034,2025-07-13,C0175,Fleece,Jackets,West,1,79,0,web
SO-04035,2024-10-19,C0772,Running Shorts,Sports,North,1,35,5,store
SO-04036,2024-10-28,C0479,Yoga Mat,Sports,East,3,39,15,store
SO-04037,2024-01-08,C0573,Wool Beanie,Accessories,Central,2,29,0,web
SO-04038,2024-05-27,C0555,Down Parka,Jackets,South,1,289,0,store
SO-04039,2024-06-05,C0125,Trail Runner,Shoes,North,6,129,15,store
SO-04040,2024-01-08,C0234,Backpack,Accessories,Central,1,99,0,store
SO-04041,2025-10-06,C0112,City Sneaker,Shoes,North,1,89,0,store
SO-04042,2024-12-11,C0757,Leather Belt,Accessories,East,3,45,10,store
SO-04043,2024-02-16,C0792,Wool Beanie,Accessories,North,1,29,0,store
SO-04044,2024-12-29,C0533,Trail Runner,Shoes,North,1,129,0,store
SO-04045,2024-10-05,C0665,Rain Jacket,Jackets,East,3,179,10,partner
SO-04046,2024-10-24,C0585,Leather Belt,Accessories,East,5,45,30,store
SO-04047,2025-01-01,C0250,Down Parka,Jackets,Central,2,289,10,store
SO-04048,2025-07-06,C0406,Leather Belt,Accessories,South,1,45,0,web
SO-04049,2024-08-16,C0747,City Sneaker,Shoes,East,3,89,0,partner
SO-04050,2024-05-10,C0475,Rain Jacket,Jackets,North,3,179,10,store
SO-04051,2024-10-07,C0763,Down Parka,Jackets,North,2,289,10,partner
SO-04052,2024-02-28,C0086,Winter Boot,Shoes,South,2,159,10,web
SO-04053,2024-12-30,C0075,Yoga Mat,Sports,West,4,39,0,partner
SO-04054,2024-11-10,C0131,Down Parka,Jackets,North,2,289,5,web
SO-04055,2025-02-17,C0656,Down Parka,Jackets,East,1,289,5,web
SO-04056,2025-02-06,C0601,Wool Beanie,Accessories,East,3,29,20,web
SO-04057,2024-08-25,C0574,Winter Boot,Shoes,East,2,159,0,web
SO-04058,2025-01-23,C0462,Wool Beanie,Accessories,East,1,29,5,store
SO-04059,2025-07-19,C0403,City Sneaker,Shoes,West,1,89,0,web
SO-04060,2025-07-17,C0206,Leather Belt,Accessories,East,2,45,10,web
SO-04061,2025-07-28,C0434,City Sneaker,Shoes,West,4,89,5,store
SO-04062,2025-12-04,C0148,Fleece,Jackets,East,1,79,5,partner
SO-04063,2025-05-24,C0675,Training Top,Sports,North,1,42,0,partner
SO-04064,2025-12-14,C0005,Rain Jacket,Jackets,East,1,179,5,web
SO-04065,2025-05-09,C0111,Wool Beanie,Accessories,North,4,29,5,store
SO-04066,2025-03-12,C0565,Fleece,Jackets,North,2,79,5,web
SO-04067,2024-11-10,C0166,Wool Beanie,Accessories,West,4,29,10,store
SO-04068,2025-12-26,C0354,Down Parka,Jackets,South,1,289,0,web
SO-04069,2024-02-26,C0574,Leather Belt,Accessories,East,1,45,0,web
SO-04070,2024-02-09,C0731,Down Parka,Jackets,East,4,289,10,web
SO-04071,2025-08-09,C0164,Wool Beanie,Accessories,North,4,29,15,web
SO-04072,2024-06-14,C0650,Running Shorts,Sports,North,1,35,5,partner
SO-04073,2024-10-05,C0227,Rain Jacket,Jackets,East,2,179,0,partner
SO-04074,2024-07-16,C0449,Winter Boot,Shoes,Central,1,159,5,store
SO-04075,2024-12-17,C0681,Backpack,Accessories,South,4,99,30,partner
SO-04076,2025-10-04,C0571,City Sneaker,Shoes,South,1,89,0,web
SO-04077,2024-06-18,C0323,Running Shorts,Sports,North,2,35,10,web
SO-04078,2024-07-30,C0615,Training Top,Sports,East,1,42,0,web
SO-04079,2025-12-25,C0154,Yoga Mat,Sports,North,4,39,15,store
SO-04080,2025-06-25,C0645,Training Top,Sports,East,2,42,5,partner
SO-04081,2025-12-08,C0452,Rain Jacket,Jackets,Central,1,179,15,store
SO-04082,2024-08-09,C0449,Trail Runner,Shoes,East,1,129,5,partner
SO-04083,2025-12-10,C0120,Fleece,Jackets,South,3,79,5,web
SO-04084,2025-11-01,C0758,Leather Belt,Accessories,Central,1,45,0,web
SO-04085,2025-12-18,C0236,Trail Runner,Shoes,North,3,129,10,store
SO-04086,2025-04-02,C0208,Yoga Mat,Sports,North,2,39,0,store
SO-04087,2025-03-23,C0015,Fleece,Jackets,West,4,79,10,store
SO-04088,2024-03-24,C0517,Trail Runner,Shoes,West,2,129,10,store
SO-04089,2025-03-24,C0500,Wool Beanie,Accessories,East,4,29,10,partner
SO-04090,2024-09-14,C0231,Backpack,Accessories,South,2,99,5,partner
SO-04091,2025-06-01,C0649,Fleece,Jackets,East,1,79,0,partner
SO-04092,2025-09-12,C0614,Training Top,Sports,South,4,42,10,store
SO-04093,2025-03-30,C0312,Running Shorts,Sports,North,1,35,5,web
SO-04094,2024-05-22,C0032,Trail Runner,Shoes,Central,1,129,0,partner
SO-04095,2024-01-27,C0485,Wool Beanie,Accessories,East,2,29,5,store
SO-04096,2024-12-11,C0630,Training Top,Sports,East,3,42,0,web
SO-04097,2025-05-25,C0689,Running Shorts,Sports,West,3,35,20,store
SO-04098,2024-03-10,C0662,Rain Jacket,Jackets,South,2,179,0,store
SO-04099,2025-12-25,C0384,Training Top,Sports,North,1,42,0,web
SO-04100,2024-08-03,C0783,Down Parka,Jackets,North,2,289,10,partner
SO-04101,2025-11-09,C0173,Trail Runner,Shoes,Central,1,129,0,store
SO-04102,2025-10-22,C0063,Yoga Mat,Sports,West,3,39,10,store
SO-04103,2025-11-03,C0085,City Sneaker,Shoes,Central,3,89,0,store
SO-04104,2024-04-09,C0467,Rain Jacket,Jackets,West,4,179,0,partner
SO-04105,2025-08-30,C0120,Fleece,Jackets,East,2,79,5,web
SO-04106,2024-11-16,C0041,Trail Runner,Shoes,North,2,129,5,web
SO-04107,2025-11-05,C0574,Training Top,Sports,West,3,42,5,store
SO-04108,2024-06-22,C0766,Backpack,Accessories,North,2,99,0,store
SO-04109,2025-02-18,C0079,Wool Beanie,Accessories,North,4,29,30,store
SO-04110,2024-08-31,C0693,Wool Beanie,Accessories,South,2,29,0,store
SO-04111,2025-03-30,C0115,Leather Belt,Accessories,West,2,45,5,web
SO-04112,2024-06-28,C0755,Trail Runner,Shoes,South,2,129,5,web
SO-04113,2024-02-06,C0581,Yoga Mat,Sports,North,4,39,0,store
SO-04114,2025-02-08,C0668,Training Top,Sports,South,3,42,10,web
SO-04115,2025-10-20,C0478,Training Top,Sports,East,3,42,5,partner
SO-04116,2024-12-14,C0593,Trail Runner,Shoes,East,1,129,0,web
SO-04117,2024-04-08,C0101,Down Parka,Jackets,North,1,289,0,partner
SO-04118,2025-10-27,C0379,Leather Belt,Accessories,East,3,45,10,partner
SO-04119,2024-06-13,C0182,Fleece,Jackets,West,1,79,0,store
SO-04120,2025-09-26,C0175,Yoga Mat,Sports,West,1,39,0,store
SO-04121,2025-04-21,C0580,Fleece,Jackets,East,5,79,30,partner
SO-04122,2025-02-04,C0276,Down Parka,Jackets,South,2,289,10,partner
SO-04123,2025-02-28,C0226,City Sneaker,Shoes,East,1,89,0,store
SO-04124,2024-01-14,C0491,Training Top,Sports,East,3,42,10,store
SO-04125,2025-12-13,C0002,Backpack,Accessories,East,1,99,0,web
SO-04126,2024-12-29,C0027,Backpack,Accessories,Central,2,99,0,store
SO-04127,2025-10-02,C0217,Fleece,Jackets,South,2,79,10,web
SO-04128,2025-11-28,C0634,Rain Jacket,Jackets,East,3,179,15,web
SO-04129,2024-11-01,C0123,Leather Belt,Accessories,South,1,45,5,partner
SO-04130,2025-11-27,C0554,Fleece,Jackets,East,1,79,0,web
SO-04131,2024-10-29,C0120,Leather Belt,Accessories,West,1,45,0,partner
SO-04132,2024-11-02,C0590,Backpack,Accessories,East,5,99,30,web
SO-04133,2024-03-04,C0283,Yoga Mat,Sports,East,2,39,0,store
SO-04134,2024-11-11,C0788,Running Shorts,Sports,East,2,35,10,web
SO-04135,2024-10-31,C0283,Training Top,Sports,East,1,42,0,web
SO-04136,2025-08-24,C0751,Backpack,Accessories,Central,2,99,5,store
SO-04137,2025-12-07,C0628,Training Top,Sports,North,2,42,0,web
SO-04138,2024-08-25,C0519,Leather Belt,Accessories,Central,2,45,0,partner
SO-04139,2025-09-13,C0788,Trail Runner,Shoes,Central,2,129,0,web
SO-04140,2024-03-17,C0204,Leather Belt,Accessories,Central,1,45,0,store
SO-04141,2025-12-31,C0311,Yoga Mat,Sports,West,1,39,0,web
SO-04142,2024-03-03,C0774,Fleece,Jackets,East,3,79,0,partner
SO-04143,2024-11-08,C0424,City Sneaker,Shoes,South,1,89,0,store
SO-04144,2025-05-27,C0690,Training Top,Sports,East,3,42,15,partner
SO-04145,2025-01-13,C0394,Rain Jacket,Jackets,Central,2,179,15,web
SO-04146,2025-05-21,C0699,Winter Boot,Shoes,West,1,159,0,partner
SO-04147,2024-10-09,C0686,Winter Boot,Shoes,North,3,159,5,web
SO-04148,2024-11-19,C0048,Rain Jacket,Jackets,South,2,179,0,web
SO-04149,2024-09-22,C0387,Trail Runner,Shoes,East,4,129,15,store
SO-04150,2024-03-24,C0351,Winter Boot,Shoes,East,4,159,5,web
SO-04151,2025-09-25,C0074,Running Shorts,Sports,East,4,35,15,web
SO-04152,2025-12-04,C0713,Backpack,Accessories,North,6,99,30,web
SO-04153,2024-03-12,C0363,Yoga Mat,Sports,Central,3,39,0,partner
SO-04154,2025-08-13,C0457,Down Parka,Jackets,East,1,289,0,web
SO-04155,2025-09-29,C0282,Wool Beanie,Accessories,East,2,29,5,web
SO-04156,2024-05-30,C0247,Leather Belt,Accessories,North,1,45,0,web
SO-04157,2025-09-13,C0304,City Sneaker,Shoes,Central,3,89,0,store
SO-04158,2024-01-12,C0564,Wool Beanie,Accessories,Central,2,29,5,partner
SO-04159,2024-05-16,C0720,Trail Runner,Shoes,East,2,129,10,web
SO-04160,2024-09-20,C0583,Wool Beanie,Accessories,North,2,29,0,web
SO-04161,2025-11-22,C0644,Down Parka,Jackets,North,1,289,0,web
SO-04162,2024-08-30,C0799,Yoga Mat,Sports,West,3,39,10,partner
SO-04163,2025-11-22,C0333,Down Parka,Jackets,North,1,289,5,web
SO-04164,2024-11-17,C0664,City Sneaker,Shoes,North,6,89,30,store
SO-04165,2025-02-24,C0590,Wool Beanie,Accessories,North,1,29,0,partner
SO-04166,2024-12-15,C0690,Rain Jacket,Jackets,West,1,179,0,store
SO-04167,2024-01-23,C0248,Winter Boot,Shoes,East,3,159,5,store
SO-04168,2025-07-12,C0107,Trail Runner,Shoes,West,4,129,30,web
SO-04169,2024-12-31,C0142,Training Top,Sports,East,2,42,0,partner
SO-04170,2025-12-10,C0699,Yoga Mat,Sports,Central,1,39,0,web
SO-04171,2024-07-28,C0753,Yoga Mat,Sports,East,1,39,0,partner
SO-04172,2024-10-15,C0648,Trail Runner,Shoes,East,1,129,0,store
SO-04173,2024-01-05,C0693,Leather Belt,Accessories,West,5,45,30,store
SO-04174,2025-10-30,C0772,Yoga Mat,Sports,West,4,39,15,web
SO-04175,2024-12-13,C0241,Wool Beanie,Accessories,North,4,29,30,store
SO-04176,2025-12-15,C0154,Fleece,Jackets,East,4,79,20,partner
SO-04177,2025-06-04,C0535,Trail Runner,Shoes,Central,2,129,5,store
SO-04178,2025-01-23,C0277,Rain Jacket,Jackets,South,3,179,0,store
SO-04179,2025-09-26,C0562,Backpack,Accessories,South,2,99,0,web
SO-04180,2025-02-27,C0654,Down Parka,Jackets,Central,3,289,15,partner
SO-04181,2025-07-19,C0046,Rain Jacket,Jackets,South,2,179,0,web
SO-04182,2024-02-27,C0487,Fleece,Jackets,East,4,79,0,web
SO-04183,2025-09-20,C0475,Leather Belt,Accessories,North,1,45,0,partner
SO-04184,2025-10-23,C0150,Fleece,Jackets,North,3,79,5,partner
SO-04185,2024-10-29,C0056,City Sneaker,Shoes,North,5,89,20,partner
SO-04186,2025-05-26,C0291,Winter Boot,Shoes,East,1,159,10,partner
SO-04187,2025-11-21,C0669,Wool Beanie,Accessories,Central,3,29,0,web
SO-04188,2025-05-25,C0390,Fleece,Jackets,South,5,79,15,partner
SO-04189,2024-08-17,C0235,Winter Boot,Shoes,East,3,159,15,partner
SO-04190,2025-04-22,C0336,Training Top,Sports,South,5,42,20,web
SO-04191,2024-08-24,C0357,Fleece,Jackets,West,4,79,10,partner
SO-04192,2024-04-29,C0412,Trail Runner,Shoes,North,3,129,5,web
SO-04193,2024-04-23,C0602,Running Shorts,Sports,East,1,35,0,partner
SO-04194,2025-11-12,C0561,Wool Beanie,Accessories,North,1,29,0,web
SO-04195,2024-04-11,C0283,Backpack,Accessories,East,2,99,10,web
SO-04196,2024-03-03,C0300,Backpack,Accessories,Central,3,99,5,store
SO-04197,2024-11-22,C0292,Leather Belt,Accessories,North,6,45,20,web
SO-04198,2025-10-14,C0600,Winter Boot,Shoes,South,2,159,0,web
SO-04199,2025-02-22,C0332,Training Top,Sports,West,3,42,0,web
SO-04200,2024-03-26,C0325,Fleece,Jackets,Central,4,79,5,web
SO-04201,2025-07-30,C0425,Training Top,Sports,North,1,42,0,store
SO-04202,2025-08-10,C0750,Rain Jacket,Jackets,East,3,179,15,web
SO-04203,2024-11-24,C0085,Trail Runner,Shoes,East,1,129,5,store
SO-04204,2025-02-19,C0459,Backpack,Accessories,North,1,99,5,web
SO-04205,2025-11-12,C0208,Rain Jacket,Jackets,East,2,179,5,web
SO-04206,2025-11-03,C0065,Trail Runner,Shoes,South,1,129,0,web
SO-04207,2025-01-24,C0184,Leather Belt,Accessories,North,1,45,10,partner
SO-04208,2025-04-30,C0399,Down Parka,Jackets,South,3,289,20,store
SO-04209,2024-06-16,C0361,Leather Belt,Accessories,East,2,45,0,store
SO-04210,2025-05-12,C0581,Down Parka,Jackets,South,4,289,5,store
SO-04211,2024-01-01,C0475,Trail Runner,Shoes,North,1,129,5,web
SO-04212,2025-09-01,C0354,Backpack,Accessories,South,2,99,0,web
SO-04213,2025-10-28,C0568,Rain Jacket,Jackets,South,1,179,0,web
SO-04214,2025-11-14,C0388,Training Top,Sports,Central,5,42,30,store
SO-04215,2025-12-14,C0489,Rain Jacket,Jackets,Central,2,179,0,web
SO-04216,2025-05-27,C0412,Running Shorts,Sports,East,2,35,15,partner
SO-04217,2024-09-17,C0772,Down Parka,Jackets,East,2,289,15,store
SO-04218,2024-11-07,C0375,Leather Belt,Accessories,East,3,45,10,web
SO-04219,2025-11-27,C0541,Winter Boot,Shoes,North,4,159,20,web
SO-04220,2025-06-29,C0614,Running Shorts,Sports,East,2,35,10,web
SO-04221,2024-06-07,C0725,Trail Runner,Shoes,West,4,129,20,web
SO-04222,2025-12-25,C0280,Leather Belt,Accessories,West,2,45,0,web
SO-04223,2025-12-22,C0728,Trail Runner,Shoes,Central,1,129,10,web
SO-04224,2025-11-08,C0219,Running Shorts,Sports,East,1,35,10,web
SO-04225,2024-09-14,C0308,Yoga Mat,Sports,Central,2,39,0,web
SO-04226,2025-12-30,C0380,Yoga Mat,Sports,West,1,39,5,partner
SO-04227,2024-11-02,C0480,Fleece,Jackets,South,1,79,0,web
SO-04228,2024-12-23,C0377,Wool Beanie,Accessories,East,5,29,30,partner
SO-04229,2024-08-06,C0046,Leather Belt,Accessories,East,2,45,20,store
SO-04230,2024-06-02,C0402,Wool Beanie,Accessories,East,2,29,0,store
SO-04231,2024-08-15,C0539,Yoga Mat,Sports,South,1,39,0,web
SO-04232,2025-10-29,C0181,Rain Jacket,Jackets,South,3,179,15,store
SO-04233,2024-05-28,C0264,City Sneaker,Shoes,Central,2,89,5,store
SO-04234,2024-09-26,C0489,Trail Runner,Shoes,North,3,129,20,store
SO-04235,2025-09-28,C0535,Down Parka,Jackets,East,1,289,0,partner
SO-04236,2025-06-23,C0274,Running Shorts,Sports,West,1,35,0,web
SO-04237,2024-09-13,C0111,Trail Runner,Shoes,East,1,129,10,web
SO-04238,2024-09-21,C0631,Leather Belt,Accessories,Central,1,45,0,store
SO-04239,2024-08-04,C0287,Rain Jacket,Jackets,South,1,179,5,partner
SO-04240,2025-02-11,C0277,Backpack,Accessories,South,3,99,10,web
SO-04241,2025-10-27,C0668,Wool Beanie,Accessories,West,4,29,10,store
SO-04242,2025-09-16,C0764,Trail Runner,Shoes,West,2,129,10,web
SO-04243,2024-12-29,C0402,Yoga Mat,Sports,North,2,39,0,store
SO-04244,2025-04-29,C0376,City Sneaker,Shoes,Central,2,89,5,store
SO-04245,2025-12-03,C0360,Running Shorts,Sports,North,3,35,5,store
SO-04246,2025-12-16,C0514,Down Parka,Jackets,North,1,289,10,web
SO-04247,2024-05-30,C0609,Wool Beanie,Accessories,North,2,29,5,partner
SO-04248,2024-02-07,C0717,Leather Belt,Accessories,North,4,45,15,partner
SO-04249,2025-06-13,C0732,Backpack,Accessories,Central,3,99,20,store
SO-04250,2024-08-04,C0262,Rain Jacket,Jackets,East,2,179,10,partner
SO-04251,2025-11-15,C0069,Trail Runner,Shoes,East,1,129,0,web
SO-04252,2024-12-10,C0328,Training Top,Sports,North,1,42,5,web
SO-04253,2024-06-17,C0600,Backpack,Accessories,East,3,99,20,web
SO-04254,2025-01-04,C0143,Training Top,Sports,East,3,42,5,partner
SO-04255,2025-06-01,C0615,Wool Beanie,Accessories,North,1,29,0,web
SO-04256,2024-01-08,C0790,Trail Runner,Shoes,West,2,129,5,web
SO-04257,2025-05-14,C0435,Training Top,Sports,Central,2,42,0,store
SO-04258,2024-09-30,C0244,Leather Belt,Accessories,Central,1,45,0,web
SO-04259,2024-11-15,C0533,Rain Jacket,Jackets,West,1,179,0,web
SO-04260,2025-04-21,C0395,Running Shorts,Sports,Central,4,35,20,store
SO-04261,2025-03-27,C0261,Winter Boot,Shoes,South,1,159,0,web
SO-04262,2025-11-27,C0668,Backpack,Accessories,North,1,99,0,partner
SO-04263,2025-11-06,C0497,Trail Runner,Shoes,Central,1,129,0,web
SO-04264,2025-12-12,C0304,Yoga Mat,Sports,East,5,39,30,web
SO-04265,2024-08-07,C0723,Leather Belt,Accessories,South,2,45,0,web
SO-04266,2024-12-22,C0536,Winter Boot,Shoes,East,5,159,10,store
SO-04267,2024-07-12,C0334,Rain Jacket,Jackets,North,2,179,0,store
SO-04268,2025-11-18,C0641,Rain Jacket,Jackets,West,2,179,5,store
SO-04269,2024-10-08,C0033,Trail Runner,Shoes,North,2,129,0,partner
SO-04270,2024-08-12,C0341,Fleece,Jackets,East,4,79,10,store
SO-04271,2024-09-11,C0720,Down Parka,Jackets,South,2,289,0,partner
SO-04272,2024-04-17,C0537,Down Parka,Jackets,Central,2,289,0,web
SO-04273,2025-02-28,C0354,Fleece,Jackets,South,1,79,0,store
SO-04274,2025-09-16,C0690,City Sneaker,Shoes,East,4,89,15,store
SO-04275,2024-03-12,C0175,Training Top,Sports,North,4,42,5,partner
SO-04276,2024-12-05,C0186,Fleece,Jackets,West,2,79,15,store
SO-04277,2025-06-28,C0178,City Sneaker,Shoes,West,3,89,0,partner
SO-04278,2025-05-18,C0305,City Sneaker,Shoes,East,5,89,20,web
SO-04279,2024-12-26,C0148,City Sneaker,Shoes,East,3,89,0,store
SO-04280,2025-09-09,C0272,Rain Jacket,Jackets,East,5,179,15,store
SO-04281,2024-03-08,C0080,Leather Belt,Accessories,North,2,45,0,store
SO-04282,2024-10-23,C0568,Leather Belt,Accessories,West,2,45,10,web
SO-04283,2024-02-24,C0336,Training Top,Sports,East,4,42,10,store
SO-04284,2024-04-27,C0364,Winter Boot,Shoes,East,5,159,30,partner
SO-04285,2025-07-07,C0736,Leather Belt,Accessories,North,4,45,30,web
SO-04286,2024-09-18,C0551,Down Parka,Jackets,East,1,289,5,web
SO-04287,2025-05-26,C0553,Running Shorts,Sports,Central,5,35,30,store
SO-04288,2024-08-19,C0137,City Sneaker,Shoes,West,4,89,10,web
SO-04289,2024-12-20,C0667,Leather Belt,Accessories,East,1,45,0,partner
SO-04290,2025-08-24,C0584,Rain Jacket,Jackets,South,3,179,15,web
SO-04291,2025-01-19,C0297,Winter Boot,Shoes,West,4,159,5,store
SO-04292,2024-11-23,C0158,City Sneaker,Shoes,North,3,89,0,web
SO-04293,2024-10-03,C0786,Wool Beanie,Accessories,South,3,29,0,partner
SO-04294,2025-12-23,C0080,Winter Boot,Shoes,East,5,159,5,partner
SO-04295,2025-12-18,C0299,Winter Boot,Shoes,North,3,159,5,web
SO-04296,2024-04-26,C0150,Trail Runner,Shoes,East,1,129,0,web
SO-04297,2024-10-13,C0721,Trail Runner,Shoes,North,1,129,0,web
SO-04298,2025-10-16,C0357,Training Top,Sports,North,2,42,15,web
SO-04299,2024-10-30,C0223,Yoga Mat,Sports,South,3,39,20,partner
SO-04300,2025-12-29,C0539,Rain Jacket,Jackets,East,1,179,5,web
SO-04301,2024-12-27,C0233,Trail Runner,Shoes,North,4,129,0,web
SO-04302,2025-09-26,C0575,Trail Runner,Shoes,South,1,129,0,web
SO-04303,2024-03-27,C0190,Wool Beanie,Accessories,West,2,29,10,store
SO-04304,2024-10-26,C0442,Backpack,Accessories,South,1,99,5,store
SO-04305,2024-01-20,C0610,Yoga Mat,Sports,West,4,39,20,web
SO-04306,2025-09-10,C0108,Leather Belt,Accessories,North,2,45,0,store
SO-04307,2024-09-11,C0313,Trail Runner,Shoes,West,5,129,15,web
SO-04308,2025-04-30,C0630,Down Parka,Jackets,East,4,289,15,web
SO-04309,2025-02-23,C0727,Training Top,Sports,West,5,42,15,store
SO-04310,2025-10-25,C0719,Backpack,Accessories,North,1,99,0,web
SO-04311,2024-05-28,C0280,Wool Beanie,Accessories,West,4,29,15,partner
SO-04312,2025-09-23,C0265,Wool Beanie,Accessories,South,2,29,0,web
SO-04313,2024-12-17,C0308,Winter Boot,Shoes,South,3,159,0,web
SO-04314,2024-10-05,C0495,Fleece,Jackets,West,3,79,0,web
SO-04315,2025-06-01,C0422,Fleece,Jackets,North,4,79,20,store
SO-04316,2025-06-12,C0003,Down Parka,Jackets,East,1,289,0,store
SO-04317,2025-02-09,C0785,Running Shorts,Sports,East,2,35,0,web
SO-04318,2024-09-18,C0128,Winter Boot,Shoes,Central,4,159,15,partner
SO-04319,2024-06-16,C0365,City Sneaker,Shoes,South,3,89,10,store
SO-04320,2025-01-18,C0232,Down Parka,Jackets,West,2,289,0,web
SO-04321,2024-12-16,C0709,Running Shorts,Sports,East,2,35,10,partner
SO-04322,2025-09-16,C0635,Trail Runner,Shoes,West,3,129,20,web
SO-04323,2025-01-27,C0143,Down Parka,Jackets,Central,1,289,0,store
SO-04324,2024-04-14,C0263,Trail Runner,Shoes,West,3,129,15,store
SO-04325,2024-07-02,C0501,Wool Beanie,Accessories,East,2,29,5,partner
SO-04326,2024-11-12,C0513,Training Top,Sports,West,6,42,10,store
SO-04327,2025-02-06,C0265,Trail Runner,Shoes,East,1,129,5,web
SO-04328,2025-02-06,C0596,Trail Runner,Shoes,North,2,129,0,web
SO-04329,2024-07-04,C0072,Leather Belt,Accessories,North,2,45,0,store
SO-04330,2024-12-26,C0339,Rain Jacket,Jackets,South,4,179,15,store
SO-04331,2025-05-03,C0209,Winter Boot,Shoes,West,4,159,20,web
SO-04332,2024-03-12,C0118,Leather Belt,Accessories,West,3,45,20,store
SO-04333,2025-06-03,C0651,Yoga Mat,Sports,West,1,39,0,web
SO-04334,2025-05-27,C0464,Wool Beanie,Accessories,South,1,29,0,web
SO-04335,2024-03-21,C0253,Backpack,Accessories,North,2,99,0,partner
SO-04336,2024-09-29,C0006,Rain Jacket,Jackets,West,2,179,0,store
SO-04337,2024-10-14,C0661,Running Shorts,Sports,North,1,35,5,partner
SO-04338,2025-07-04,C0797,Rain Jacket,Jackets,East,5,179,15,partner
SO-04339,2024-11-01,C0415,Fleece,Jackets,South,1,79,0,web
SO-04340,2024-12-21,C0249,Backpack,Accessories,West,4,99,10,web
SO-04341,2025-07-01,C0411,Yoga Mat,Sports,West,4,39,20,web
SO-04342,2025-05-22,C0545,Wool Beanie,Accessories,West,1,29,5,web
SO-04343,2024-06-10,C0463,Leather Belt,Accessories,East,1,45,5,partner
SO-04344,2024-02-03,C0393,City Sneaker,Shoes,Central,3,89,10,store
SO-04345,2024-01-03,C0662,Trail Runner,Shoes,North,2,129,15,store
SO-04346,2025-03-08,C0092,Winter Boot,Shoes,East,2,159,0,store
SO-04347,2025-04-30,C0305,Yoga Mat,Sports,North,3,39,10,web
SO-04348,2024-12-28,C0225,Winter Boot,Shoes,Central,3,159,0,store
SO-04349,2024-04-25,C0276,Running Shorts,Sports,East,4,35,15,partner
SO-04350,2024-09-06,C0029,Backpack,Accessories,West,4,99,0,web
SO-04351,2025-12-26,C0071,Leather Belt,Accessories,East,3,45,15,store
SO-04352,2024-08-19,C0783,Fleece,Jackets,North,2,79,0,store
SO-04353,2025-06-05,C0692,Yoga Mat,Sports,West,7,39,30,store
SO-04354,2024-05-31,C0237,Fleece,Jackets,North,3,79,5,store
SO-04355,2025-12-22,C0183,Leather Belt,Accessories,North,1,45,0,web
SO-04356,2024-12-30,C0703,Wool Beanie,Accessories,East,3,29,0,store
SO-04357,2025-07-28,C0750,Down Parka,Jackets,North,1,289,0,partner
SO-04358,2024-07-23,C0636,Training Top,Sports,East,2,42,0,partner
SO-04359,2025-01-27,C0031,City Sneaker,Shoes,East,1,89,10,store
SO-04360,2024-12-11,C0658,Yoga Mat,Sports,West,2,39,15,partner
SO-04361,2024-12-14,C0781,Backpack,Accessories,East,1,99,0,web
SO-04362,2024-12-22,C0402,Fleece,Jackets,North,2,79,5,web
SO-04363,2025-12-17,C0616,Down Parka,Jackets,West,1,289,10,web
SO-04364,2024-06-16,C0454,Backpack,Accessories,North,2,99,0,partner
SO-04365,2024-03-14,C0201,Winter Boot,Shoes,North,2,159,0,partner
SO-04366,2024-10-12,C0627,Rain Jacket,Jackets,Central,4,179,5,store
SO-04367,2025-05-15,C0162,Down Parka,Jackets,East,2,289,10,web
SO-04368,2025-11-21,C0491,Winter Boot,Shoes,North,1,159,0,partner
SO-04369,2025-07-17,C0316,Winter Boot,Shoes,West,2,159,10,web
SO-04370,2025-12-06,C0232,City Sneaker,Shoes,South,6,89,20,web
SO-04371,2025-06-19,C0707,Trail Runner,Shoes,East,2,129,5,store
SO-04372,2024-01-15,C0726,Leather Belt,Accessories,West,3,45,10,store
SO-04373,2024-12-26,C0302,Running Shorts,Sports,West,3,35,0,partner
SO-04374,2025-11-16,C0280,Running Shorts,Sports,North,1,35,0,store
SO-04375,2024-11-07,C0246,Yoga Mat,Sports,East,1,39,0,partner
SO-04376,2025-04-23,C0306,Down Parka,Jackets,East,1,289,0,store
SO-04377,2025-07-07,C0331,Yoga Mat,Sports,West,1,39,5,store
SO-04378,2025-07-31,C0767,Leather Belt,Accessories,Central,3,45,5,partner
SO-04379,2025-12-14,C0748,Wool Beanie,Accessories,West,2,29,5,store
SO-04380,2025-11-25,C0028,Training Top,Sports,Central,3,42,30,web
SO-04381,2024-07-17,C0399,Rain Jacket,Jackets,East,3,179,15,store
SO-04382,2024-05-25,C0276,Wool Beanie,Accessories,North,1,29,5,partner
SO-04383,2025-03-31,C0659,Rain Jacket,Jackets,North,1,179,0,store
SO-04384,2024-06-16,C0229,Winter Boot,Shoes,North,3,159,10,web
SO-04385,2024-04-30,C0125,Yoga Mat,Sports,East,3,39,0,partner
SO-04386,2024-01-15,C0626,Fleece,Jackets,North,1,79,0,partner
SO-04387,2025-04-22,C0568,Winter Boot,Shoes,West,4,159,15,web
SO-04388,2025-03-05,C0147,Yoga Mat,Sports,South,1,39,0,web
SO-04389,2025-06-16,C0034,Down Parka,Jackets,Central,3,289,10,partner
SO-04390,2024-12-16,C0104,Yoga Mat,Sports,South,4,39,0,web
SO-04391,2025-11-05,C0336,Training Top,Sports,Central,2,42,10,store
SO-04392,2024-01-14,C0566,Winter Boot,Shoes,West,6,159,10,web
SO-04393,2024-11-18,C0523,Training Top,Sports,North,1,42,5,web
SO-04394,2025-06-25,C0173,City Sneaker,Shoes,East,3,89,10,partner
SO-04395,2025-03-26,C0301,Winter Boot,Shoes,South,3,159,10,store
SO-04396,2025-07-16,C0464,Winter Boot,Shoes,North,2,159,5,web
SO-04397,2024-01-08,C0466,Down Parka,Jackets,North,3,289,5,store
SO-04398,2024-10-21,C0626,Fleece,Jackets,Central,1,79,0,partner
SO-04399,2024-02-02,C0392,Winter Boot,Shoes,North,1,159,0,store
SO-04400,2025-10-21,C0492,Winter Boot,Shoes,South,2,159,0,web
SO-04401,2024-12-11,C0685,Training Top,Sports,South,2,42,0,web
SO-04402,2025-07-03,C0011,Rain Jacket,Jackets,North,6,179,30,web
SO-04403,2025-10-23,C0265,Trail Runner,Shoes,West,3,129,0,store
SO-04404,2024-12-20,C0330,Yoga Mat,Sports,Central,3,39,10,web
SO-04405,2025-12-05,C0656,Fleece,Jackets,North,1,79,0,store
SO-04406,2025-11-25,C0062,Down Parka,Jackets,Central,3,289,20,store
SO-04407,2024-07-07,C0779,Trail Runner,Shoes,Central,2,129,0,store
SO-04408,2025-06-21,C0732,Training Top,Sports,West,5,42,20,store
SO-04409,2025-09-07,C0142,City Sneaker,Shoes,North,1,89,0,store
SO-04410,2024-08-31,C0786,Winter Boot,Shoes,East,1,159,10,partner
SO-04411,2025-02-18,C0288,Winter Boot,Shoes,North,4,159,20,partner
SO-04412,2025-09-29,C0476,Down Parka,Jackets,East,1,289,0,store
SO-04413,2024-05-20,C0798,Winter Boot,Shoes,North,2,159,0,store
SO-04414,2024-12-28,C0094,Winter Boot,Shoes,West,2,159,15,store
SO-04415,2025-02-25,C0332,City Sneaker,Shoes,Central,2,89,0,store
SO-04416,2024-05-17,C0379,Leather Belt,Accessories,East,3,45,15,partner
SO-04417,2025-04-22,C0260,Yoga Mat,Sports,East,4,39,10,web
SO-04418,2025-06-29,C0167,Winter Boot,Shoes,East,1,159,0,store
SO-04419,2024-08-19,C0490,Down Parka,Jackets,West,3,289,0,store
SO-04420,2025-12-25,C0518,Backpack,Accessories,South,2,99,5,store
SO-04421,2024-01-04,C0649,Training Top,Sports,South,2,42,0,store
SO-04422,2025-12-13,C0018,Wool Beanie,Accessories,East,3,29,5,web
SO-04423,2024-12-31,C0223,City Sneaker,Shoes,Central,1,89,10,partner
SO-04424,2024-05-26,C0149,Yoga Mat,Sports,North,3,39,10,partner
SO-04425,2025-01-24,C0317,Winter Boot,Shoes,North,1,159,0,store
SO-04426,2025-11-13,C0137,Down Parka,Jackets,West,2,289,0,store
SO-04427,2025-03-22,C0120,Wool Beanie,Accessories,North,2,29,10,web
SO-04428,2024-10-17,C0059,Wool Beanie,Accessories,West,1,29,0,partner
SO-04429,2025-10-30,C0760,Fleece,Jackets,East,1,79,0,store
SO-04430,2025-01-18,C0582,Training Top,Sports,West,3,42,10,store
SO-04431,2024-02-29,C0327,City Sneaker,Shoes,North,2,89,0,store
SO-04432,2025-05-13,C0075,Running Shorts,Sports,East,6,35,15,web
SO-04433,2024-06-27,C0657,Training Top,Sports,North,2,42,0,web
SO-04434,2024-11-13,C0249,Yoga Mat,Sports,West,3,39,0,web
SO-04435,2025-05-03,C0042,Down Parka,Jackets,West,3,289,15,web
SO-04436,2024-03-27,C0433,Winter Boot,Shoes,West,3,159,5,store
SO-04437,2025-05-02,C0165,Backpack,Accessories,South,4,99,10,web
SO-04438,2024-07-31,C0610,Running Shorts,Sports,North,3,35,10,store
SO-04439,2024-02-17,C0607,Backpack,Accessories,West,3,99,0,web
SO-04440,2024-04-01,C0008,Running Shorts,Sports,Central,4,35,15,partner
SO-04441,2024-12-29,C0244,Training Top,Sports,South,1,42,10,partner
SO-04442,2025-11-11,C0568,Rain Jacket,Jackets,East,2,179,0,web
SO-04443,2024-02-06,C0507,Running Shorts,Sports,North,5,35,20,web
SO-04444,2025-06-14,C0651,Yoga Mat,Sports,North,2,39,0,web
SO-04445,2024-09-02,C0042,Leather Belt,Accessories,East,2,45,0,store
SO-04446,2025-06-01,C0760,City Sneaker,Shoes,North,2,89,0,store
SO-04447,2025-04-30,C0082,City Sneaker,Shoes,North,5,89,10,web
SO-04448,2025-10-10,C0387,Winter Boot,Shoes,Central,1,159,0,store
SO-04449,2024-11-12,C0084,Running Shorts,Sports,South,2,35,0,web
SO-04450,2024-06-05,C0375,Backpack,Accessories,North,3,99,15,store
SO-04451,2025-10-20,C0115,Fleece,Jackets,North,1,79,10,store
SO-04452,2024-01-26,C0445,Rain Jacket,Jackets,Central,2,179,15,partner
SO-04453,2024-02-03,C0440,Running Shorts,Sports,West,3,35,20,store
SO-04454,2024-01-04,C0694,Backpack,Accessories,South,5,99,10,partner
SO-04455,2024-12-25,C0329,Leather Belt,Accessories,North,1,45,0,partner
SO-04456,2025-12-24,C0634,Wool Beanie,Accessories,East,2,29,15,web
SO-04457,2024-12-26,C0659,Down Parka,Jackets,West,4,289,5,web
SO-04458,2025-11-28,C0283,Down Parka,Jackets,North,4,289,0,store
SO-04459,2024-02-11,C0476,Winter Boot,Shoes,South,4,159,10,web
SO-04460,2024-09-12,C0098,Rain Jacket,Jackets,West,2,179,15,store
SO-04461,2025-06-06,C0161,Leather Belt,Accessories,West,4,45,10,store
SO-04462,2024-02-28,C0332,Yoga Mat,Sports,North,3,39,30,store
SO-04463,2025-06-23,C0660,Trail Runner,Shoes,Central,1,129,0,store
SO-04464,2024-06-27,C0751,City Sneaker,Shoes,West,2,89,0,store
SO-04465,2024-09-26,C0139,Leather Belt,Accessories,East,3,45,0,partner
SO-04466,2025-09-16,C0502,Trail Runner,Shoes,West,4,129,10,web
SO-04467,2024-06-11,C0498,Down Parka,Jackets,North,2,289,0,partner
SO-04468,2025-11-30,C0334,Wool Beanie,Accessories,North,6,29,30,web
SO-04469,2024-07-27,C0607,Trail Runner,Shoes,North,3,129,15,store
SO-04470,2025-10-13,C0042,Leather Belt,Accessories,West,3,45,5,web
SO-04471,2024-01-26,C0031,Leather Belt,Accessories,East,5,45,10,web
SO-04472,2025-06-05,C0213,Down Parka,Jackets,South,2,289,5,web
SO-04473,2024-12-02,C0622,Trail Runner,Shoes,East,3,129,10,web
SO-04474,2025-12-29,C0289,City Sneaker,Shoes,South,2,89,0,web
SO-04475,2024-11-11,C0598,Backpack,Accessories,West,2,99,0,store
SO-04476,2024-01-30,C0264,Training Top,Sports,Central,1,42,0,partner
SO-04477,2024-04-26,C0226,Leather Belt,Accessories,East,1,45,0,store
SO-04478,2024-11-25,C0370,Rain Jacket,Jackets,North,3,179,10,partner
SO-04479,2025-04-16,C0696,Trail Runner,Shoes,South,1,129,0,web
SO-04480,2024-06-14,C0800,Wool Beanie,Accessories,East,3,29,0,store
SO-04481,2025-02-26,C0342,Down Parka,Jackets,South,3,289,10,store
SO-04482,2025-12-13,C0001,Yoga Mat,Sports,South,1,39,5,web
SO-04483,2025-11-10,C0455,City Sneaker,Shoes,West,2,89,0,store
SO-04484,2024-09-07,C0238,Running Shorts,Sports,East,1,35,0,web
SO-04485,2025-04-12,C0202,Fleece,Jackets,South,2,79,5,web
SO-04486,2025-12-30,C0058,Training Top,Sports,West,2,42,0,web
SO-04487,2024-11-24,C0150,Backpack,Accessories,West,1,99,0,web
SO-04488,2025-05-12,C0286,Training Top,Sports,South,1,42,0,store
SO-04489,2025-03-18,C0776,City Sneaker,Shoes,North,2,89,20,store
SO-04490,2025-12-18,C0104,Wool Beanie,Accessories,East,2,29,5,store
SO-04491,2024-12-22,C0369,City Sneaker,Shoes,East,3,89,5,web
SO-04492,2025-09-01,C0722,City Sneaker,Shoes,East,2,89,0,partner
SO-04493,2024-11-29,C0747,Backpack,Accessories,West,1,99,0,store
SO-04494,2025-07-16,C0115,Fleece,Jackets,South,3,79,10,web
SO-04495,2025-01-11,C0543,Training Top,Sports,East,4,42,5,store
SO-04496,2024-01-23,C0700,Backpack,Accessories,North,1,99,0,partner
SO-04497,2025-12-13,C0357,Leather Belt,Accessories,West,1,45,0,store
SO-04498,2025-09-09,C0466,Training Top,Sports,Central,2,42,0,store
SO-04499,2024-11-24,C0266,Fleece,Jackets,West,3,79,15,store
SO-04500,2025-05-30,C0788,City Sneaker,Shoes,South,3,89,10,web
SO-04501,2025-12-05,C0527,Running Shorts,Sports,Central,3,35,0,store
SO-04502,2024-05-06,C0211,Wool Beanie,Accessories,North,3,29,10,store
SO-04503,2024-12-28,C0222,Leather Belt,Accessories,East,1,45,0,store
SO-04504,2025-04-30,C0771,Rain Jacket,Jackets,North,3,179,10,web
SO-04505,2024-01-20,C0052,Trail Runner,Shoes,East,3,129,0,partner
SO-04506,2025-09-21,C0345,Training Top,Sports,North,3,42,20,web
SO-04507,2025-07-11,C0447,Backpack,Accessories,North,2,99,5,web
SO-04508,2025-11-07,C0191,Training Top,Sports,North,1,42,5,web
SO-04509,2025-04-11,C0263,Fleece,Jackets,North,3,79,5,store
SO-04510,2025-03-06,C0281,Backpack,Accessories,West,5,99,30,store
SO-04511,2024-06-18,C0290,Trail Runner,Shoes,South,3,129,0,store
SO-04512,2025-06-01,C0380,Training Top,Sports,East,1,42,0,web
SO-04513,2024-12-08,C0720,Training Top,Sports,East,3,42,20,partner
SO-04514,2025-09-15,C0178,Down Parka,Jackets,West,1,289,10,web
SO-04515,2024-03-23,C0143,Trail Runner,Shoes,East,2,129,0,partner
SO-04516,2025-07-05,C0035,Rain Jacket,Jackets,North,2,179,0,web
SO-04517,2025-12-04,C0448,Trail Runner,Shoes,North,3,129,5,web
SO-04518,2025-12-26,C0793,Training Top,Sports,East,3,42,10,store
SO-04519,2024-03-12,C0350,Rain Jacket,Jackets,North,2,179,5,store
SO-04520,2025-07-30,C0099,Running Shorts,Sports,East,1,35,0,web
SO-04521,2024-11-22,C0565,Winter Boot,Shoes,West,1,159,0,store
SO-04522,2025-12-09,C0251,Leather Belt,Accessories,East,3,45,0,partner
SO-04523,2025-10-18,C0770,City Sneaker,Shoes,East,4,89,0,store
SO-04524,2024-05-03,C0315,City Sneaker,Shoes,South,2,89,5,store
SO-04525,2024-08-18,C0346,Down Parka,Jackets,East,1,289,0,partner
SO-04526,2024-09-19,C0424,City Sneaker,Shoes,South,2,89,10,partner
SO-04527,2024-05-23,C0083,Yoga Mat,Sports,South,3,39,5,store
SO-04528,2025-05-04,C0503,City Sneaker,Shoes,West,1,89,0,store
SO-04529,2025-10-09,C0439,City Sneaker,Shoes,North,3,89,0,web
SO-04530,2025-08-05,C0674,Rain Jacket,Jackets,North,4,179,10,partner
SO-04531,2025-05-01,C0057,Training Top,Sports,North,1,42,0,store
SO-04532,2025-03-25,C0552,City Sneaker,Shoes,North,1,89,0,partner
SO-04533,2025-10-18,C0098,Backpack,Accessories,East,2,99,10,partner
SO-04534,2024-03-09,C0465,City Sneaker,Shoes,North,1,89,0,store
SO-04535,2025-10-08,C0007,Training Top,Sports,East,1,42,0,partner
SO-04536,2024-11-20,C0510,Leather Belt,Accessories,West,3,45,0,store
SO-04537,2025-10-23,C0660,Backpack,Accessories,East,4,99,30,store
SO-04538,2024-12-22,C0360,Yoga Mat,Sports,East,2,39,0,web
SO-04539,2025-10-24,C0251,Fleece,Jackets,West,4,79,15,store
SO-04540,2025-12-07,C0100,Winter Boot,Shoes,North,2,159,0,web
SO-04541,2024-10-03,C0237,Down Parka,Jackets,East,3,289,10,web
SO-04542,2024-11-09,C0348,Down Parka,Jackets,East,3,289,10,web
SO-04543,2024-12-09,C0768,Backpack,Accessories,Central,4,99,5,web
SO-04544,2025-03-20,C0295,Leather Belt,Accessories,North,1,45,5,web
SO-04545,2024-02-21,C0767,Backpack,Accessories,South,1,99,0,partner
SO-04546,2025-07-09,C0622,Fleece,Jackets,East,2,79,15,partner
SO-04547,2025-10-01,C0037,City Sneaker,Shoes,East,2,89,0,store
SO-04548,2025-11-27,C0579,Wool Beanie,Accessories,South,1,29,0,partner
SO-04549,2024-05-19,C0622,Yoga Mat,Sports,North,2,39,0,web
SO-04550,2024-04-16,C0741,Yoga Mat,Sports,Central,2,39,15,store
SO-04551,2025-12-22,C0710,Trail Runner,Shoes,North,1,129,0,web
SO-04552,2025-12-04,C0622,Trail Runner,Shoes,East,2,129,10,web
SO-04553,2024-04-18,C0112,City Sneaker,Shoes,North,2,89,5,store
SO-04554,2025-05-22,C0745,Leather Belt,Accessories,North,1,45,5,store
SO-04555,2025-12-09,C0319,Rain Jacket,Jackets,Central,2,179,0,store
SO-04556,2025-05-21,C0400,Running Shorts,Sports,North,1,35,0,web
SO-04557,2024-10-24,C0405,Wool Beanie,Accessories,Central,1,29,0,partner
SO-04558,2025-01-18,C0166,Rain Jacket,Jackets,South,4,179,20,store
SO-04559,2025-11-04,C0782,Wool Beanie,Accessories,North,2,29,5,store
SO-04560,2025-11-05,C0748,Backpack,Accessories,West,4,99,20,partner
SO-04561,2025-03-27,C0718,Wool Beanie,Accessories,East,1,29,0,store
SO-04562,2024-11-18,C0711,Winter Boot,Shoes,East,2,159,15,web
SO-04563,2025-05-07,C0226,Trail Runner,Shoes,South,2,129,0,web
SO-04564,2024-03-01,C0230,Trail Runner,Shoes,Central,4,129,15,store
SO-04565,2025-11-18,C0724,Rain Jacket,Jackets,East,4,179,10,partner
SO-04566,2024-11-25,C0465,Rain Jacket,Jackets,North,6,179,30,web
SO-04567,2024-11-28,C0434,Running Shorts,Sports,South,4,35,20,partner
SO-04568,2025-08-26,C0061,Running Shorts,Sports,South,4,35,15,web
SO-04569,2024-01-11,C0154,Yoga Mat,Sports,North,1,39,0,store
SO-04570,2025-01-11,C0124,City Sneaker,Shoes,West,4,89,15,partner
SO-04571,2024-12-09,C0673,Training Top,Sports,North,1,42,5,partner
SO-04572,2025-12-26,C0673,Backpack,Accessories,South,1,99,0,web
SO-04573,2024-12-16,C0549,Winter Boot,Shoes,South,2,159,0,store
SO-04574,2024-06-21,C0114,Down Parka,Jackets,South,3,289,0,web
SO-04575,2024-12-05,C0374,Down Parka,Jackets,North,4,289,15,web
SO-04576,2025-04-28,C0374,Running Shorts,Sports,South,2,35,0,web
SO-04577,2025-09-18,C0693,Rain Jacket,Jackets,South,3,179,15,store
SO-04578,2025-08-15,C0560,Wool Beanie,Accessories,Central,3,29,10,store
SO-04579,2024-12-23,C0329,City Sneaker,Shoes,Central,4,89,5,store
SO-04580,2025-02-05,C0294,Fleece,Jackets,North,4,79,20,web
SO-04581,2024-03-16,C0377,Leather Belt,Accessories,East,1,45,0,store
SO-04582,2024-12-29,C0799,Rain Jacket,Jackets,West,5,179,20,store
SO-04583,2024-12-30,C0303,Down Parka,Jackets,South,3,289,0,web
SO-04584,2024-07-23,C0697,Leather Belt,Accessories,East,2,45,15,web
SO-04585,2024-07-22,C0120,Down Parka,Jackets,Central,1,289,5,store
SO-04586,2024-03-05,C0233,Down Parka,Jackets,West,4,289,0,web
SO-04587,2024-11-05,C0298,Running Shorts,Sports,North,3,35,0,web
SO-04588,2025-02-05,C0236,Trail Runner,Shoes,West,3,129,0,partner
SO-04589,2024-08-26,C0643,Winter Boot,Shoes,South,2,159,10,store
SO-04590,2024-12-29,C0001,Wool Beanie,Accessories,South,5,29,20,web
SO-04591,2024-12-06,C0275,Wool Beanie,Accessories,East,1,29,0,web
SO-04592,2025-06-21,C0539,Training Top,Sports,Central,2,42,10,web
SO-04593,2025-10-30,C0267,Training Top,Sports,North,3,42,0,web
SO-04594,2025-12-04,C0755,Training Top,Sports,West,1,42,0,store
SO-04595,2024-05-03,C0350,Training Top,Sports,South,3,42,10,web
SO-04596,2024-08-21,C0569,Down Parka,Jackets,South,3,289,0,partner
SO-04597,2025-10-20,C0252,Winter Boot,Shoes,Central,4,159,0,store
SO-04598,2025-01-31,C0370,Rain Jacket,Jackets,West,2,179,0,store
SO-04599,2024-01-30,C0308,Wool Beanie,Accessories,North,2,29,5,web
SO-04600,2025-09-05,C0256,Winter Boot,Shoes,North,4,159,15,web
SO-04601,2024-05-05,C0289,Yoga Mat,Sports,West,3,39,15,web
SO-04602,2025-05-09,C0240,Wool Beanie,Accessories,West,2,29,15,web
SO-04603,2025-02-15,C0267,Fleece,Jackets,West,1,79,0,partner
SO-04604,2025-02-14,C0650,Leather Belt,Accessories,East,1,45,0,store
SO-04605,2025-05-26,C0566,Leather Belt,Accessories,East,4,45,10,web
SO-04606,2024-01-03,C0519,Wool Beanie,Accessories,South,4,29,0,store
SO-04607,2025-12-03,C0045,Rain Jacket,Jackets,North,2,179,10,partner
SO-04608,2024-10-24,C0399,Training Top,Sports,East,3,42,10,web
SO-04609,2025-05-28,C0776,Fleece,Jackets,South,2,79,0,partner
SO-04610,2024-12-27,C0011,Rain Jacket,Jackets,Central,2,179,0,web
SO-04611,2025-03-12,C0029,Backpack,Accessories,West,3,99,10,web
SO-04612,2025-08-02,C0588,Training Top,Sports,North,1,42,0,web
SO-04613,2024-01-30,C0212,City Sneaker,Shoes,North,3,89,5,web
SO-04614,2025-06-26,C0049,Yoga Mat,Sports,North,2,39,0,store
SO-04615,2024-09-15,C0120,City Sneaker,Shoes,East,3,89,0,store
SO-04616,2024-03-14,C0426,Running Shorts,Sports,North,3,35,10,store
SO-04617,2024-10-13,C0734,Wool Beanie,Accessories,West,2,29,0,partner
SO-04618,2024-01-17,C0599,Fleece,Jackets,South,4,79,5,web
SO-04619,2025-10-07,C0206,Fleece,Jackets,West,3,79,10,partner
SO-04620,2025-07-29,C0519,Fleece,Jackets,East,1,79,0,web
SO-04621,2025-03-08,C0188,Training Top,Sports,West,3,42,10,partner
SO-04622,2024-03-01,C0542,Rain Jacket,Jackets,Central,1,179,0,store
SO-04623,2025-09-16,C0477,Trail Runner,Shoes,South,4,129,10,web
SO-04624,2024-04-06,C0263,Backpack,Accessories,Central,4,99,10,partner
SO-04625,2024-09-17,C0537,Yoga Mat,Sports,East,1,39,0,web
SO-04626,2024-06-09,C0445,Fleece,Jackets,West,4,79,5,web
SO-04627,2025-12-15,C0065,Trail Runner,Shoes,North,2,129,0,web
SO-04628,2024-12-25,C0705,Running Shorts,Sports,Central,2,35,0,web
SO-04629,2024-08-11,C0158,Backpack,Accessories,East,2,99,0,web
SO-04630,2024-07-21,C0503,Leather Belt,Accessories,Central,4,45,10,web
SO-04631,2024-09-24,C0551,City Sneaker,Shoes,East,5,89,30,web
SO-04632,2024-05-31,C0166,Backpack,Accessories,Central,3,99,20,store
SO-04633,2024-01-11,C0141,Leather Belt,Accessories,West,3,45,0,web
SO-04634,2025-05-29,C0102,Running Shorts,Sports,South,1,35,10,store
SO-04635,2024-10-23,C0100,Winter Boot,Shoes,North,5,159,30,partner
SO-04636,2024-03-19,C0035,City Sneaker,Shoes,Central,2,89,5,partner
SO-04637,2025-07-14,C0780,Yoga Mat,Sports,West,3,39,5,store
SO-04638,2024-11-11,C0459,Yoga Mat,Sports,North,3,39,15,web
SO-04639,2024-01-28,C0759,Leather Belt,Accessories,East,1,45,5,store
SO-04640,2025-11-29,C0482,Running Shorts,Sports,North,1,35,0,web
SO-04641,2025-11-11,C0344,Trail Runner,Shoes,North,1,129,5,store
SO-04642,2024-05-30,C0138,Trail Runner,Shoes,West,1,129,0,partner
SO-04643,2025-05-10,C0317,Trail Runner,Shoes,West,3,129,15,partner
SO-04644,2024-06-09,C0660,Running Shorts,Sports,North,5,35,0,store
SO-04645,2025-09-04,C0460,Wool Beanie,Accessories,North,3,29,15,web
SO-04646,2024-12-03,C0057,City Sneaker,Shoes,North,2,89,5,web
SO-04647,2024-02-11,C0527,Training Top,Sports,North,4,42,20,store
SO-04648,2024-11-26,C0432,Backpack,Accessories,North,1,99,5,web
SO-04649,2025-09-21,C0486,Fleece,Jackets,West,3,79,10,partner
SO-04650,2025-12-06,C0555,Winter Boot,Shoes,North,2,159,0,web
SO-04651,2024-12-11,C0460,Running Shorts,Sports,North,1,35,0,partner
SO-04652,2024-05-23,C0273,Yoga Mat,Sports,North,4,39,0,web
SO-04653,2025-10-28,C0110,Winter Boot,Shoes,Central,2,159,15,partner
SO-04654,2024-10-14,C0243,Training Top,Sports,East,2,42,0,web
SO-04655,2025-12-09,C0121,Wool Beanie,Accessories,West,3,29,20,store
SO-04656,2024-01-31,C0496,Rain Jacket,Jackets,South,3,179,0,web
SO-04657,2025-04-05,C0323,Rain Jacket,Jackets,North,3,179,0,web
SO-04658,2025-07-06,C0513,Yoga Mat,Sports,East,4,39,15,web
SO-04659,2024-04-25,C0519,Wool Beanie,Accessories,West,2,29,0,store
SO-04660,2025-04-28,C0655,Rain Jacket,Jackets,Central,1,179,0,store
SO-04661,2024-12-04,C0350,Winter Boot,Shoes,East,1,159,0,store
SO-04662,2025-05-25,C0010,Fleece,Jackets,South,2,79,0,web
SO-04663,2024-09-28,C0648,Down Parka,Jackets,North,1,289,0,store
SO-04664,2024-05-15,C0432,Down Parka,Jackets,East,3,289,10,partner
SO-04665,2025-03-11,C0236,Fleece,Jackets,South,1,79,0,web
SO-04666,2025-06-20,C0068,Wool Beanie,Accessories,East,3,29,10,store
SO-04667,2024-12-19,C0106,Fleece,Jackets,West,5,79,10,store
SO-04668,2024-12-08,C0675,Backpack,Accessories,North,2,99,0,web
SO-04669,2025-03-08,C0718,Training Top,Sports,Central,1,42,0,store
SO-04670,2024-02-29,C0079,Rain Jacket,Jackets,East,1,179,5,store
SO-04671,2024-08-01,C0566,Fleece,Jackets,Central,2,79,10,store
SO-04672,2025-03-17,C0558,Leather Belt,Accessories,East,1,45,5,store
SO-04673,2025-09-18,C0039,City Sneaker,Shoes,West,2,89,10,web
SO-04674,2024-09-01,C0339,Wool Beanie,Accessories,Central,4,29,0,web
SO-04675,2025-11-26,C0233,City Sneaker,Shoes,East,3,89,15,store
SO-04676,2024-07-19,C0164,Rain Jacket,Jackets,West,4,179,5,store
SO-04677,2024-08-29,C0183,Winter Boot,Shoes,West,3,159,10,web
SO-04678,2024-04-14,C0428,Running Shorts,Sports,North,5,35,30,web
SO-04679,2024-06-12,C0237,Yoga Mat,Sports,South,1,39,0,store
SO-04680,2024-07-06,C0580,Trail Runner,Shoes,North,5,129,20,store
SO-04681,2024-02-12,C0267,Leather Belt,Accessories,East,1,45,5,partner
SO-04682,2024-11-15,C0457,Training Top,Sports,East,4,42,0,web
SO-04683,2024-11-06,C0738,Winter Boot,Shoes,Central,1,159,0,store
SO-04684,2024-10-20,C0299,Training Top,Sports,East,1,42,10,store
SO-04685,2025-03-20,C0049,Fleece,Jackets,Central,3,79,5,store
SO-04686,2025-09-06,C0399,Down Parka,Jackets,East,3,289,10,store
SO-04687,2024-11-21,C0469,City Sneaker,Shoes,East,3,89,10,store
SO-04688,2025-10-17,C0527,Wool Beanie,Accessories,South,3,29,5,web
SO-04689,2024-09-15,C0662,Backpack,Accessories,South,2,99,5,store
SO-04690,2025-07-28,C0636,Rain Jacket,Jackets,West,3,179,0,partner
SO-04691,2025-07-29,C0138,Wool Beanie,Accessories,North,5,29,20,store
SO-04692,2024-09-03,C0456,Winter Boot,Shoes,North,5,159,10,partner
SO-04693,2025-02-23,C0032,Running Shorts,Sports,North,2,35,10,store
SO-04694,2024-04-13,C0546,Training Top,Sports,South,3,42,10,store
SO-04695,2024-06-21,C0307,Wool Beanie,Accessories,Central,1,29,0,store
SO-04696,2025-11-01,C0500,Down Parka,Jackets,East,1,289,0,store
SO-04697,2024-02-04,C0331,Backpack,Accessories,East,4,99,20,partner
SO-04698,2025-12-21,C0457,City Sneaker,Shoes,Central,1,89,10,web
SO-04699,2025-09-19,C0509,Yoga Mat,Sports,South,1,39,5,partner
SO-04700,2024-05-24,C0226,Wool Beanie,Accessories,North,2,29,5,web
SO-04701,2024-05-22,C0672,Training Top,Sports,East,1,42,10,store
SO-04702,2025-02-28,C0023,Wool Beanie,Accessories,West,1,29,5,store
SO-04703,2025-12-26,C0245,Trail Runner,Shoes,North,1,129,0,web
SO-04704,2025-04-06,C0219,Yoga Mat,Sports,West,1,39,0,store
SO-04705,2025-05-28,C0242,Down Parka,Jackets,Central,1,289,10,web
SO-04706,2024-04-06,C0069,Trail Runner,Shoes,West,2,129,20,partner
SO-04707,2025-03-29,C0581,Trail Runner,Shoes,West,1,129,0,web
SO-04708,2025-08-21,C0308,City Sneaker,Shoes,East,1,89,0,partner
SO-04709,2024-09-03,C0559,Leather Belt,Accessories,North,2,45,0,store
SO-04710,2024-12-16,C0283,Backpack,Accessories,North,1,99,0,partner
SO-04711,2024-03-16,C0133,Winter Boot,Shoes,West,1,159,5,store
SO-04712,2024-03-27,C0611,Running Shorts,Sports,North,1,35,0,store
SO-04713,2025-03-20,C0274,Down Parka,Jackets,West,2,289,0,store
SO-04714,2024-10-13,C0623,Yoga Mat,Sports,North,2,39,0,web
SO-04715,2024-11-18,C0035,Running Shorts,Sports,Central,1,35,0,store
SO-04716,2024-08-14,C0549,Rain Jacket,Jackets,Central,2,179,5,store
SO-04717,2024-04-19,C0058,Down Parka,Jackets,West,1,289,0,web
SO-04718,2025-05-03,C0269,Wool Beanie,Accessories,Central,3,29,10,store
SO-04719,2025-01-04,C0267,Leather Belt,Accessories,East,2,45,0,web
SO-04720,2024-04-14,C0681,Trail Runner,Shoes,South,2,129,5,web
SO-04721,2024-01-30,C0337,Backpack,Accessories,West,3,99,0,partner
SO-04722,2024-01-30,C0272,Yoga Mat,Sports,North,3,39,10,store
SO-04723,2024-03-14,C0332,Yoga Mat,Sports,North,4,39,20,store
SO-04724,2024-10-02,C0571,Leather Belt,Accessories,South,3,45,15,web
SO-04725,2024-10-12,C0671,Yoga Mat,Sports,East,1,39,0,store
SO-04726,2024-09-28,C0179,Backpack,Accessories,West,1,99,0,partner
SO-04727,2025-01-08,C0041,Backpack,Accessories,South,1,99,0,web
SO-04728,2025-09-25,C0626,Rain Jacket,Jackets,Central,4,179,0,store
SO-04729,2025-10-27,C0089,Rain Jacket,Jackets,West,3,179,10,store
SO-04730,2025-05-04,C0415,Wool Beanie,Accessories,North,2,29,0,web
SO-04731,2024-01-14,C0221,Fleece,Jackets,West,3,79,10,web
SO-04732,2024-01-12,C0166,Trail Runner,Shoes,Central,3,129,10,store
SO-04733,2025-12-09,C0325,Backpack,Accessories,North,4,99,30,partner
SO-04734,2024-01-02,C0425,Wool Beanie,Accessories,West,1,29,0,store
SO-04735,2025-11-02,C0688,Wool Beanie,Accessories,West,3,29,10,partner
SO-04736,2024-11-05,C0130,Down Parka,Jackets,North,3,289,5,store
SO-04737,2025-07-06,C0432,Running Shorts,Sports,North,2,35,0,partner
SO-04738,2024-02-28,C0673,Running Shorts,Sports,West,6,35,10,partner
SO-04739,2025-12-10,C0767,Rain Jacket,Jackets,North,3,179,0,web
SO-04740,2024-06-28,C0421,Wool Beanie,Accessories,West,2,29,10,store
SO-04741,2024-11-22,C0066,Yoga Mat,Sports,East,2,39,0,web
SO-04742,2024-07-18,C0679,Running Shorts,Sports,West,4,35,30,web
SO-04743,2025-07-09,C0419,City Sneaker,Shoes,East,3,89,10,web
SO-04744,2025-03-25,C0636,City Sneaker,Shoes,West,3,89,0,web
SO-04745,2025-12-27,C0540,Yoga Mat,Sports,East,3,39,0,web
SO-04746,2024-03-28,C0670,Running Shorts,Sports,North,4,35,30,store
SO-04747,2025-05-04,C0470,Training Top,Sports,Central,1,42,5,web
SO-04748,2024-11-03,C0037,City Sneaker,Shoes,West,1,89,5,web
SO-04749,2025-06-28,C0407,Winter Boot,Shoes,West,2,159,10,web
SO-04750,2025-09-28,C0615,Trail Runner,Shoes,South,1,129,5,web
SO-04751,2024-05-03,C0477,Backpack,Accessories,East,4,99,0,partner
SO-04752,2025-01-19,C0655,Leather Belt,Accessories,North,1,45,0,web
SO-04753,2025-11-01,C0382,Yoga Mat,Sports,Central,6,39,20,partner
SO-04754,2025-01-24,C0491,Fleece,Jackets,East,2,79,0,web
SO-04755,2024-02-18,C0509,Yoga Mat,Sports,West,1,39,0,web
SO-04756,2025-12-05,C0725,Yoga Mat,Sports,East,3,39,10,web
SO-04757,2025-12-03,C0652,Training Top,Sports,South,1,42,0,web
SO-04758,2025-04-15,C0504,Training Top,Sports,Central,5,42,20,store
SO-04759,2025-04-23,C0452,Fleece,Jackets,West,3,79,20,partner
SO-04760,2024-10-04,C0494,Rain Jacket,Jackets,West,1,179,0,web
SO-04761,2024-10-11,C0351,Backpack,Accessories,South,3,99,15,store
SO-04762,2025-07-07,C0099,Running Shorts,Sports,East,6,35,20,web
SO-04763,2025-12-27,C0740,Trail Runner,Shoes,East,1,129,15,store
SO-04764,2025-06-15,C0054,Winter Boot,Shoes,Central,1,159,0,store
SO-04765,2025-12-13,C0112,Down Parka,Jackets,North,7,289,30,store
SO-04766,2025-07-20,C0027,Rain Jacket,Jackets,North,1,179,0,web
SO-04767,2025-11-10,C0194,Leather Belt,Accessories,Central,1,45,5,web
SO-04768,2025-09-26,C0750,Rain Jacket,Jackets,North,1,179,0,web
SO-04769,2024-03-17,C0365,Yoga Mat,Sports,North,3,39,10,store
SO-04770,2025-05-20,C0608,Fleece,Jackets,North,2,79,0,web
SO-04771,2024-07-19,C0034,Rain Jacket,Jackets,Central,1,179,0,store
SO-04772,2025-06-14,C0207,Winter Boot,Shoes,North,1,159,0,web
SO-04773,2025-06-10,C0232,Backpack,Accessories,North,2,99,0,store
SO-04774,2025-10-18,C0364,Fleece,Jackets,South,4,79,0,partner
SO-04775,2024-10-28,C0035,Down Parka,Jackets,North,2,289,0,partner
SO-04776,2024-07-21,C0052,Wool Beanie,Accessories,South,3,29,10,store
SO-04777,2025-12-21,C0770,Down Parka,Jackets,West,2,289,15,partner
SO-04778,2024-08-19,C0485,Running Shorts,Sports,West,4,35,0,partner
SO-04779,2025-03-02,C0303,Rain Jacket,Jackets,East,2,179,0,web
SO-04780,2024-10-06,C0346,Wool Beanie,Accessories,South,5,29,5,store
SO-04781,2024-08-02,C0372,Leather Belt,Accessories,North,1,45,0,web
SO-04782,2024-05-15,C0732,City Sneaker,Shoes,East,1,89,5,store
SO-04783,2025-05-03,C0711,Wool Beanie,Accessories,North,1,29,0,web
SO-04784,2025-01-13,C0490,Fleece,Jackets,West,2,79,20,store
SO-04785,2024-04-29,C0254,Running Shorts,Sports,North,3,35,5,web
SO-04786,2024-05-11,C0619,Yoga Mat,Sports,North,1,39,0,web
SO-04787,2024-10-31,C0757,Training Top,Sports,North,1,42,5,partner
SO-04788,2024-05-03,C0778,Running Shorts,Sports,Central,2,35,20,store
SO-04789,2024-11-17,C0726,Trail Runner,Shoes,South,4,129,15,partner
SO-04790,2024-07-16,C0788,Yoga Mat,Sports,East,3,39,15,store
SO-04791,2025-12-26,C0663,Trail Runner,Shoes,North,1,129,0,store
SO-04792,2025-04-16,C0735,Rain Jacket,Jackets,West,3,179,10,store
SO-04793,2024-11-08,C0607,Yoga Mat,Sports,Central,3,39,5,web
SO-04794,2025-01-05,C0386,Down Parka,Jackets,East,4,289,20,store
SO-04795,2025-02-10,C0170,City Sneaker,Shoes,North,3,89,10,web
SO-04796,2024-12-15,C0589,Trail Runner,Shoes,West,3,129,5,web
SO-04797,2024-07-20,C0529,Leather Belt,Accessories,South,1,45,0,web
SO-04798,2024-01-29,C0430,Yoga Mat,Sports,East,3,39,15,store
SO-04799,2024-06-30,C0233,Training Top,Sports,South,2,42,0,store
SO-04800,2024-09-17,C0227,Leather Belt,Accessories,East,1,45,0,web
SO-04801,2025-10-21,C0426,Wool Beanie,Accessories,East,4,29,20,store
SO-04802,2025-08-30,C0553,Wool Beanie,Accessories,South,4,29,15,web
SO-04803,2024-07-06,C0314,Leather Belt,Accessories,North,4,45,30,partner
SO-04804,2024-03-28,C0117,City Sneaker,Shoes,South,5,89,20,partner
SO-04805,2025-06-28,C0253,Backpack,Accessories,West,3,99,10,store
SO-04806,2024-09-15,C0055,Leather Belt,Accessories,South,1,45,0,partner
SO-04807,2024-08-07,C0464,Leather Belt,Accessories,South,2,45,0,partner
SO-04808,2024-05-25,C0099,Backpack,Accessories,North,2,99,0,store
SO-04809,2024-09-22,C0744,Wool Beanie,Accessories,East,4,29,20,store
SO-04810,2024-06-07,C0328,Backpack,Accessories,East,2,99,0,store
SO-04811,2025-09-29,C0608,Backpack,Accessories,North,4,99,10,web
SO-04812,2024-03-15,C0079,Down Parka,Jackets,East,4,289,20,store
SO-04813,2025-02-10,C0212,Fleece,Jackets,West,1,79,0,web
SO-04814,2024-06-27,C0613,Fleece,Jackets,South,3,79,20,web
SO-04815,2024-02-21,C0766,Fleece,Jackets,East,4,79,10,partner
SO-04816,2025-12-18,C0728,Leather Belt,Accessories,Central,1,45,0,web
SO-04817,2024-01-19,C0174,Rain Jacket,Jackets,East,3,179,10,store
SO-04818,2024-01-11,C0468,Backpack,Accessories,East,1,99,0,web
SO-04819,2024-05-17,C0181,Yoga Mat,Sports,East,3,39,20,partner
SO-04820,2024-03-16,C0605,Fleece,Jackets,South,1,79,0,web
SO-04821,2025-07-04,C0761,Yoga Mat,Sports,East,5,39,30,partner
SO-04822,2025-12-10,C0470,Fleece,Jackets,West,2,79,0,store
SO-04823,2024-06-29,C0311,Trail Runner,Shoes,South,4,129,10,web
SO-04824,2025-05-14,C0320,City Sneaker,Shoes,East,2,89,0,web
SO-04825,2025-12-31,C0617,Rain Jacket,Jackets,South,2,179,0,partner
SO-04826,2024-10-13,C0100,Leather Belt,Accessories,East,1,45,0,partner
SO-04827,2024-07-29,C0303,Rain Jacket,Jackets,West,2,179,0,web
SO-04828,2024-08-09,C0504,Leather Belt,Accessories,North,5,45,20,partner
SO-04829,2025-09-24,C0736,Fleece,Jackets,East,1,79,0,store
SO-04830,2024-05-19,C0707,Running Shorts,Sports,East,1,35,0,store
SO-04831,2025-06-27,C0492,Rain Jacket,Jackets,East,3,179,5,store
SO-04832,2025-10-05,C0559,Winter Boot,Shoes,East,1,159,15,web
SO-04833,2025-12-28,C0623,Down Parka,Jackets,West,3,289,15,partner
SO-04834,2025-12-06,C0043,Training Top,Sports,East,2,42,0,partner
SO-04835,2024-06-28,C0229,Trail Runner,Shoes,East,1,129,0,partner
SO-04836,2024-06-30,C0150,Trail Runner,Shoes,West,5,129,10,partner
SO-04837,2025-06-27,C0321,Leather Belt,Accessories,East,3,45,5,store
SO-04838,2025-09-28,C0601,Trail Runner,Shoes,North,3,129,15,web
SO-04839,2025-12-09,C0034,Running Shorts,Sports,South,1,35,0,web
SO-04840,2025-09-14,C0595,Leather Belt,Accessories,East,1,45,0,store
SO-04841,2024-03-27,C0056,Trail Runner,Shoes,Central,1,129,5,store
SO-04842,2025-01-02,C0017,Training Top,Sports,East,3,42,5,web
SO-04843,2025-07-30,C0483,Backpack,Accessories,West,2,99,0,partner
SO-04844,2024-06-07,C0323,Yoga Mat,Sports,West,6,39,30,partner
SO-04845,2025-12-16,C0240,Leather Belt,Accessories,West,1,45,0,web
SO-04846,2024-12-31,C0004,Rain Jacket,Jackets,North,2,179,0,partner
SO-04847,2025-04-02,C0796,Wool Beanie,Accessories,East,1,29,0,web
SO-04848,2025-10-01,C0044,Down Parka,Jackets,East,1,289,0,web
SO-04849,2024-01-11,C0265,Running Shorts,Sports,West,3,35,0,web
SO-04850,2024-11-24,C0769,Yoga Mat,Sports,South,2,39,10,store
SO-04851,2025-06-27,C0706,Rain Jacket,Jackets,North,1,179,0,store
SO-04852,2024-10-26,C0681,Rain Jacket,Jackets,Central,4,179,20,web
SO-04853,2025-03-25,C0660,Training Top,Sports,West,2,42,0,web
SO-04854,2025-04-28,C0189,Rain Jacket,Jackets,East,1,179,10,web
SO-04855,2025-10-15,C0593,Backpack,Accessories,North,3,99,15,web
SO-04856,2025-12-22,C0438,Fleece,Jackets,Central,1,79,0,web
SO-04857,2024-07-17,C0798,Wool Beanie,Accessories,Central,1,29,0,store
SO-04858,2024-10-12,C0133,Yoga Mat,Sports,West,3,39,15,web
SO-04859,2024-11-06,C0364,Trail Runner,Shoes,Central,4,129,15,partner
SO-04860,2024-11-13,C0260,Training Top,Sports,South,4,42,30,store
SO-04861,2025-04-06,C0678,Leather Belt,Accessories,South,1,45,0,partner
SO-04862,2025-04-22,C0047,Running Shorts,Sports,North,1,35,0,store
SO-04863,2024-10-10,C0036,Backpack,Accessories,South,1,99,5,store
SO-04864,2025-10-13,C0646,Running Shorts,Sports,South,2,35,15,web
SO-04865,2025-06-18,C0184,Running Shorts,Sports,East,2,35,5,store
SO-04866,2024-10-14,C0318,Fleece,Jackets,East,3,79,5,web
SO-04867,2024-09-21,C0638,Winter Boot,Shoes,East,3,159,5,store
SO-04868,2025-03-08,C0593,Fleece,Jackets,West,2,79,0,store
SO-04869,2024-09-23,C0096,Leather Belt,Accessories,South,5,45,20,store
SO-04870,2024-10-01,C0196,Training Top,Sports,South,3,42,20,partner
SO-04871,2025-07-05,C0566,Rain Jacket,Jackets,West,3,179,5,web
SO-04872,2025-12-28,C0191,Fleece,Jackets,North,3,79,10,store
SO-04873,2024-12-30,C0177,Rain Jacket,Jackets,Central,1,179,0,store
SO-04874,2025-12-26,C0502,Running Shorts,Sports,North,3,35,10,web
SO-04875,2025-05-09,C0019,Leather Belt,Accessories,North,2,45,10,web
SO-04876,2024-06-11,C0156,Backpack,Accessories,West,4,99,30,web
SO-04877,2024-11-18,C0164,Rain Jacket,Jackets,West,1,179,0,store
SO-04878,2025-09-24,C0314,Backpack,Accessories,North,3,99,5,web
SO-04879,2024-11-19,C0748,Down Parka,Jackets,East,2,289,0,web
SO-04880,2025-09-02,C0042,Yoga Mat,Sports,West,3,39,5,web
SO-04881,2025-09-10,C0724,Leather Belt,Accessories,Central,1,45,0,store
SO-04882,2025-12-08,C0138,Backpack,Accessories,East,1,99,10,partner
SO-04883,2024-01-23,C0035,Leather Belt,Accessories,Central,1,45,0,store
SO-04884,2024-12-25,C0764,Down Parka,Jackets,East,4,289,10,web
SO-04885,2025-04-16,C0552,Leather Belt,Accessories,East,4,45,20,store
SO-04886,2024-05-29,C0033,Running Shorts,Sports,North,5,35,20,store
SO-04887,2025-03-30,C0156,Yoga Mat,Sports,East,2,39,0,store
SO-04888,2025-12-05,C0184,City Sneaker,Shoes,North,1,89,0,web
SO-04889,2025-04-11,C0515,Winter Boot,Shoes,South,3,159,10,web
SO-04890,2024-02-18,C0027,Down Parka,Jackets,East,2,289,0,store
SO-04891,2025-09-02,C0318,Yoga Mat,Sports,South,1,39,0,web
SO-04892,2024-02-12,C0538,Wool Beanie,Accessories,West,3,29,10,partner
SO-04893,2024-05-18,C0186,Running Shorts,Sports,West,1,35,0,web
SO-04894,2024-07-29,C0586,Rain Jacket,Jackets,Central,5,179,20,partner
SO-04895,2024-05-19,C0325,City Sneaker,Shoes,North,5,89,15,store
SO-04896,2025-08-30,C0075,Backpack,Accessories,North,1,99,0,partner
SO-04897,2025-11-28,C0017,Wool Beanie,Accessories,Central,3,29,0,web
SO-04898,2024-12-23,C0557,Training Top,Sports,West,1,42,5,store
SO-04899,2024-12-31,C0093,Down Parka,Jackets,West,2,289,0,store
SO-04900,2025-08-30,C0078,Running Shorts,Sports,Central,3,35,20,partner
SO-04901,2024-04-10,C0415,Fleece,Jackets,North,3,79,10,store
SO-04902,2024-12-26,C0347,Fleece,Jackets,East,6,79,15,partner
SO-04903,2025-02-22,C0413,Wool Beanie,Accessories,South,2,29,0,store
SO-04904,2024-10-03,C0073,Down Parka,Jackets,West,3,289,20,partner
SO-04905,2024-08-09,C0552,City Sneaker,Shoes,North,1,89,0,store
SO-04906,2025-08-10,C0193,Wool Beanie,Accessories,North,1,29,0,store
SO-04907,2024-08-30,C0299,Training Top,Sports,North,2,42,5,store
SO-04908,2024-12-11,C0060,Down Parka,Jackets,North,3,289,10,store
SO-04909,2024-08-23,C0147,Down Parka,Jackets,West,2,289,5,web
SO-04910,2024-01-14,C0292,Down Parka,Jackets,South,2,289,0,store
SO-04911,2024-06-13,C0488,Leather Belt,Accessories,East,3,45,20,store
SO-04912,2024-04-12,C0723,Backpack,Accessories,South,3,99,10,store
SO-04913,2025-06-02,C0068,Down Parka,Jackets,South,5,289,30,web
SO-04914,2025-07-30,C0571,Trail Runner,Shoes,North,3,129,20,web
SO-04915,2025-08-05,C0204,Backpack,Accessories,Central,2,99,0,store
SO-04916,2024-08-16,C0447,City Sneaker,Shoes,South,1,89,5,web
SO-04917,2025-04-22,C0516,City Sneaker,Shoes,North,1,89,0,partner
SO-04918,2025-12-02,C0052,Backpack,Accessories,West,3,99,15,store
SO-04919,2025-04-03,C0136,Yoga Mat,Sports,Central,2,39,5,store
SO-04920,2025-03-30,C0196,Down Parka,Jackets,South,2,289,10,web
SO-04921,2025-08-07,C0127,Running Shorts,Sports,Central,1,35,0,store
SO-04922,2024-10-12,C0255,Rain Jacket,Jackets,North,2,179,0,web
SO-04923,2025-05-25,C0140,Backpack,Accessories,North,5,99,20,web
SO-04924,2024-06-30,C0563,Rain Jacket,Jackets,East,1,179,0,store
SO-04925,2025-07-20,C0215,Backpack,Accessories,East,2,99,5,web
SO-04926,2025-01-02,C0019,Rain Jacket,Jackets,West,2,179,15,store
SO-04927,2024-01-08,C0522,Training Top,Sports,South,1,42,0,web
SO-04928,2024-05-14,C0286,Winter Boot,Shoes,South,6,159,30,partner
SO-04929,2025-11-01,C0062,Backpack,Accessories,West,2,99,0,web
SO-04930,2025-02-01,C0737,Running Shorts,Sports,East,3,35,20,web
SO-04931,2025-05-27,C0471,Rain Jacket,Jackets,South,3,179,20,web
SO-04932,2024-05-01,C0004,Fleece,Jackets,South,1,79,5,web
SO-04933,2024-10-26,C0483,Winter Boot,Shoes,North,1,159,0,web
SO-04934,2024-06-18,C0183,Yoga Mat,Sports,Central,2,39,5,web
SO-04935,2025-09-16,C0599,Down Parka,Jackets,Central,3,289,0,web
SO-04936,2025-03-01,C0286,Backpack,Accessories,East,4,99,5,web
SO-04937,2025-10-06,C0039,Training Top,Sports,Central,3,42,0,partner
SO-04938,2025-11-12,C0422,Training Top,Sports,West,2,42,0,partner
SO-04939,2025-07-18,C0132,Trail Runner,Shoes,South,3,129,10,web
SO-04940,2025-05-18,C0318,Winter Boot,Shoes,North,4,159,5,web
SO-04941,2024-04-16,C0581,Rain Jacket,Jackets,South,3,179,5,store
SO-04942,2024-07-18,C0440,City Sneaker,Shoes,South,1,89,0,web
SO-04943,2024-02-24,C0137,Backpack,Accessories,East,1,99,10,web
SO-04944,2024-06-26,C0309,Backpack,Accessories,Central,3,99,15,partner
SO-04945,2025-03-25,C0296,Yoga Mat,Sports,Central,3,39,0,web
SO-04946,2024-11-05,C0248,Backpack,Accessories,North,2,99,10,store
SO-04947,2025-09-27,C0037,Rain Jacket,Jackets,East,5,179,10,store
SO-04948,2024-08-07,C0699,Backpack,Accessories,South,3,99,0,partner
SO-04949,2025-04-19,C0610,Backpack,Accessories,East,4,99,10,web
SO-04950,2025-02-22,C0510,Wool Beanie,Accessories,North,3,29,10,store
SO-04951,2025-09-16,C0393,City Sneaker,Shoes,West,1,89,0,web
SO-04952,2024-01-22,C0673,Trail Runner,Shoes,North,4,129,20,partner
SO-04953,2024-05-19,C0601,Yoga Mat,Sports,North,3,39,15,web
SO-04954,2024-03-15,C0590,Fleece,Jackets,South,2,79,15,partner
SO-04955,2024-04-16,C0460,Training Top,Sports,West,5,42,20,store
SO-04956,2024-08-26,C0495,Training Top,Sports,Central,5,42,10,partner
SO-04957,2025-09-25,C0021,Backpack,Accessories,Central,3,99,0,web
SO-04958,2025-02-17,C0388,Down Parka,Jackets,North,3,289,10,web
SO-04959,2025-11-01,C0335,City Sneaker,Shoes,South,1,89,5,web
SO-04960,2024-03-08,C0766,Yoga Mat,Sports,West,2,39,0,store
SO-04961,2025-12-21,C0104,Down Parka,Jackets,South,2,289,0,store
SO-04962,2025-10-26,C0136,Backpack,Accessories,West,5,99,20,web
SO-04963,2025-11-26,C0520,Training Top,Sports,South,2,42,5,store
SO-04964,2024-06-30,C0388,City Sneaker,Shoes,West,2,89,0,store
SO-04965,2024-06-11,C0414,Backpack,Accessories,South,1,99,0,store
SO-04966,2024-02-26,C0038,City Sneaker,Shoes,North,4,89,0,partner
SO-04967,2025-06-17,C0426,Winter Boot,Shoes,West,1,159,0,web
SO-04968,2025-09-26,C0480,Yoga Mat,Sports,Central,2,39,0,web
SO-04969,2024-07-21,C0372,Rain Jacket,Jackets,South,1,179,0,partner
SO-04970,2025-11-22,C0567,Winter Boot,Shoes,North,4,159,15,store
SO-04971,2025-04-30,C0158,Leather Belt,Accessories,North,4,45,5,store
SO-04972,2024-09-21,C0057,Trail Runner,Shoes,West,4,129,20,store
SO-04973,2024-05-24,C0217,Winter Boot,Shoes,South,2,159,10,store
SO-04974,2025-10-18,C0377,Backpack,Accessories,West,2,99,0,partner
SO-04975,2024-12-13,C0339,Training Top,Sports,East,4,42,15,web
SO-04976,2024-08-01,C0716,Leather Belt,Accessories,East,4,45,20,store
SO-04977,2025-08-31,C0593,Trail Runner,Shoes,West,5,129,20,partner
SO-04978,2025-11-24,C0146,Trail Runner,Shoes,West,1,129,10,store
SO-04979,2025-07-14,C0379,Trail Runner,Shoes,Central,3,129,10,partner
SO-04980,2025-04-01,C0392,Fleece,Jackets,South,1,79,0,store
SO-04981,2024-12-28,C0034,City Sneaker,Shoes,North,2,89,5,partner
SO-04982,2024-01-02,C0486,Leather Belt,Accessories,East,3,45,5,web
SO-04983,2025-04-01,C0527,Fleece,Jackets,South,1,79,0,web
SO-04984,2024-10-12,C0147,City Sneaker,Shoes,East,6,89,15,store
SO-04985,2024-11-18,C0162,Leather Belt,Accessories,North,3,45,20,partner
SO-04986,2024-03-19,C0450,Yoga Mat,Sports,North,6,39,15,store
SO-04987,2024-09-25,C0573,Trail Runner,Shoes,North,1,129,0,web
SO-04988,2025-06-02,C0675,Wool Beanie,Accessories,East,1,29,0,store
SO-04989,2025-01-31,C0643,Fleece,Jackets,North,3,79,5,web
SO-04990,2025-12-06,C0118,Yoga Mat,Sports,South,1,39,0,store
SO-04991,2024-08-29,C0032,City Sneaker,Shoes,West,5,89,15,partner
SO-04992,2024-11-06,C0437,Rain Jacket,Jackets,East,4,179,15,store
SO-04993,2024-05-08,C0063,Yoga Mat,Sports,North,2,39,10,partner
SO-04994,2025-12-17,C0484,Yoga Mat,Sports,North,1,39,0,web
SO-04995,2025-01-27,C0147,Rain Jacket,Jackets,South,3,179,5,store
SO-04996,2025-06-22,C0528,Winter Boot,Shoes,North,3,159,0,web
SO-04997,2024-03-02,C0273,Down Parka,Jackets,East,4,289,10,partner
SO-04998,2025-11-04,C0544,City Sneaker,Shoes,Central,1,89,0,web
SO-04999,2024-12-23,C0152,Leather Belt,Accessories,North,1,45,0,web
SO-05000,2024-05-25,C0574,Down Parka,Jackets,East,2,289,0,web
